Biomarker,Biomarker_HGNC,Endpoint,N_patients,N_amplified,N_not_amplified,Amp_frequency,Univariate_HR,Univariate_coef,Univariate_p,Univariate_CI_lower,Univariate_CI_upper,Adjusted_HR,Adjusted_coef,Adjusted_p,Adjusted_CI_lower,Adjusted_CI_upper,Univariate_FDR,Adjusted_FDR
8725,URI1,OS,469,84,385,0.1791044776119403,1.4722234192949988,0.3867737882017182,0.0101064417005008,1.0964263833356584,1.976823824438307,1.412002985586429,0.3450092535067957,0.0222047477517381,1.0505520686278338,1.8978140073619627,0.3639830056089159,0.8184408046453592
81,ACTN4,OS,469,42,427,0.0895522388059701,1.658490799904536,0.5059080321508358,0.0085029540848029,1.1377942474721716,2.417477271904789,1.5310494239004782,0.4259533982580037,0.027649023545988,1.0479742174770617,2.2368034435706856,0.3639830056089159,0.8184408046453592
3709,ITPR2,OS,469,40,429,0.0852878464818763,1.5635344173988697,0.4469489107204019,0.025690720245282,1.0557724766384535,2.315498773158473,1.5335192799587014,0.4275652770126671,0.0329791648076738,1.035167578364066,2.2717880961086028,0.3642906454841881,0.8184408046453592
8857,FCGBP,OS,469,40,429,0.0852878464818763,1.6816863760022125,0.5197970851890278,0.0097217169276388,1.134022360146839,2.493838892969677,1.524299340609792,0.4215348556999798,0.0375310563882224,1.024613141017001,2.267673902246872,0.3639830056089159,0.8184408046453592
4793,NFKBIB,OS,469,42,427,0.0895522388059701,1.5833168359868743,0.459521909947447,0.0201978714104538,1.074392583324422,2.333311158350122,1.4768550348082594,0.389914850329028,0.0496999457980597,1.0005114226697085,2.1799858996297905,0.3639830056089159,0.8184408046453592
22933,SIRT2,OS,469,42,427,0.0895522388059701,1.5833168359868743,0.459521909947447,0.0201978714104538,1.074392583324422,2.333311158350122,1.4768550348082594,0.389914850329028,0.0496999457980597,1.0005114226697085,2.1799858996297905,0.3639830056089159,0.8184408046453592
3191,HNRNPL,OS,469,42,427,0.0895522388059701,1.5833168359868743,0.459521909947447,0.0201978714104538,1.074392583324422,2.333311158350122,1.4768550348082594,0.389914850329028,0.0496999457980597,1.0005114226697085,2.1799858996297905,0.3639830056089159,0.8184408046453592
1891,ECH1,OS,469,42,427,0.0895522388059701,1.5833168359868743,0.459521909947447,0.0201978714104538,1.074392583324422,2.333311158350122,1.4768550348082594,0.389914850329028,0.0496999457980597,1.0005114226697085,2.1799858996297905,0.3639830056089159,0.8184408046453592
898,CCNE1,OS,469,92,377,0.1961620469083155,1.373542176535717,0.3173929334248082,0.029593436907058,1.0319437034671322,1.828218055291002,1.3322275919405722,0.286852422342716,0.0498147432810678,1.0002321565413537,1.7744184138858934,0.3717675511449173,0.8184408046453592
6183,MRPS12,OS,469,43,426,0.091684434968017,1.5747668761865028,0.4541072462025968,0.0217303286930696,1.068548490927294,2.320803159978383,1.4692342298113004,0.3847413329572214,0.0528168162682754,0.9953321683772212,2.168772687783861,0.3639830056089159,0.8184408046453592
4976,OPA1,OS,469,80,389,0.1705756929637526,0.6971360016585612,-0.3607747629250987,0.0423338734312059,0.4921044197590786,0.9875924403329226,0.7113885811038481,-0.340536470898478,0.055529686141643,0.5020167681331869,1.0080812941903228,0.5005357976277882,0.8184408046453592
55095,SAMD4B,OS,469,43,426,0.091684434968017,1.594666276772729,0.4666644834814843,0.018446733941085,1.0816975277620635,2.3508979811919866,1.451920491355872,0.3728871568839574,0.061565454172039,0.9821000469054442,2.1464952780131994,0.3639830056089159,0.8184408046453592
55588,MED29,OS,469,43,426,0.091684434968017,1.594666276772729,0.4666644834814843,0.018446733941085,1.0816975277620635,2.3508979811919866,1.451920491355872,0.3728871568839574,0.061565454172039,0.9821000469054442,2.1464952780131994,0.3639830056089159,0.8184408046453592
10298,PAK4,OS,469,43,426,0.091684434968017,1.58340829762518,0.4595796741261946,0.020305977096864,1.0740421493818064,2.334342128408411,1.4505474854444802,0.3719410613371463,0.0619518207120577,0.9815764566574264,2.143580353072423,0.3639830056089159,0.8184408046453592
5704,PSMC4,OS,469,35,434,0.0746268656716417,1.6663102593320331,0.5106117564972364,0.015638221940983,1.1014150476455935,2.520929677046342,1.4873442446936738,0.3969921435055996,0.062735556873675,0.979123518759665,2.2593603971700715,0.3639830056089159,0.8184408046453592
92609,TIMM50,OS,469,41,428,0.0874200426439232,1.5702572298811672,0.4512394466284384,0.0271858690659841,1.0521567690223994,2.3434794515317936,1.423228685863305,0.3529280130568227,0.0864034216741677,0.9507676963678025,2.1304677262410894,0.3642906454841881,0.8184408046453592
6829,SUPT5H,OS,469,41,428,0.0874200426439232,1.5702572298811672,0.4512394466284384,0.0271858690659841,1.0521567690223994,2.3434794515317936,1.423228685863305,0.3529280130568227,0.0864034216741677,0.9507676963678025,2.1304677262410894,0.3642906454841881,0.8184408046453592
55131,RBM28,OS,469,27,442,0.0575692963752665,0.6186571660045448,-0.4802040110957041,0.1370501093189871,0.3285055891133809,1.1650842534574857,0.5789938432054978,-0.5464634349622273,0.0908767848450564,0.3073021977385539,1.0908931759579614,0.6300519072907892,0.8184408046453592
79718,TBL1XR1,OS,469,103,366,0.2196162046908315,0.7668049155252277,-0.2655228573914087,0.0913902647622578,0.5633772658602764,1.0436874437519088,0.7726105751374612,-0.2579801411171745,0.101117782100445,0.5675683956071655,1.0517271670415442,0.6300519072907892,0.8184408046453592
4026,LPP,OS,469,78,391,0.1663113006396588,0.7528140096731329,-0.2839370807976117,0.1060762984118514,0.5335021762541483,1.0622804524234275,0.7533628285255024,-0.2832083232404113,0.1071959398293131,0.5337758727474079,1.0632843865397466,0.6300519072907892,0.8184408046453592
60412,EXOC4,OS,469,33,436,0.0703624733475479,0.694030509768056,-0.365239357239832,0.1699630431006528,0.4119399722648271,1.1692925691106453,0.6575285024710754,-0.4192671661038972,0.1157196951890828,0.3899733373284352,1.1086494644061664,0.6300519072907892,0.8184408046453592
55297,CCDC91,OS,469,22,447,0.0469083155650319,1.522812369606022,0.420558868428611,0.0941511341066216,0.93064867196734,2.491764704421658,1.471430523862985,0.3862350730765707,0.1247431178772316,0.8986373311345038,2.4093232181021373,0.6300519072907892,0.8184408046453592
6434,TRA2B,OS,469,88,381,0.1876332622601279,0.7749053804833941,-0.2550143467811903,0.1302499881044453,0.556917348995898,1.0782180691349528,0.7723138957574134,-0.2583642108749962,0.1254944084786903,0.5549496315342353,1.0748160187636708,0.6300519072907892,0.8184408046453592
54845,ESRP1,OS,469,34,435,0.0724946695095948,1.5755924304902125,0.4546313478952876,0.0475186285888957,1.004987205202756,2.470172251115588,1.420774318879184,0.3512020179792248,0.1290179502078253,0.9027981537799064,2.2359368555805936,0.5026970708614761,0.8184408046453592
65125,WNK1,OS,469,33,436,0.0703624733475479,0.7228264863833702,-0.3245860767968573,0.2385056657837644,0.4213464013573905,1.240020391141675,0.6624293491412679,-0.4118413696141413,0.1354943251281085,0.3857472332447636,1.13756523646999,0.6840009193721452,0.8184408046453592
85415,RHPN2,OS,469,40,429,0.0852878464818763,1.3504999848336587,0.3004748830203655,0.1407686211413364,0.9054233128587238,2.0143618825952343,1.355160215676237,0.3039196876932912,0.1363297760605593,0.9084934226994038,2.021433688198864,0.6300519072907892,0.8184408046453592
115908,CTHRC1,OS,469,59,410,0.1257995735607676,1.3448606784975574,0.2962904229283503,0.0933838620646175,0.9513947432781767,1.9010513326328964,1.2923003286541948,0.256423830866236,0.1474241039655449,0.9134766661160466,1.8282241915827773,0.6300519072907892,0.8184408046453592
94274,PPP1R14A,OS,469,40,429,0.0852878464818763,1.4949971395297534,0.4021242934827947,0.0453839541196356,1.0082963001385152,2.2166266472415983,1.3412860070020358,0.2936288604566948,0.1474745295930786,0.9015160902938504,1.9955807466432052,0.5026970708614761,0.8184408046453592
254827,NAALADL2,OS,469,106,363,0.2260127931769723,0.7869299564098325,-0.2396160352754306,0.1219394572924807,0.5808525139235238,1.066120471980455,0.803071500856316,-0.219311526837107,0.1572087879083362,0.5926270461604,1.0882457013496838,0.6300519072907892,0.8184408046453592
23012,STK38L,OS,469,34,435,0.0724946695095948,1.4126436113395882,0.3454628506150786,0.114174382510262,0.92020566357741,2.1686043149316934,1.36135133719224,0.3084778367125581,0.158955815948081,0.886256433397693,2.091130053826613,0.6300519072907892,0.8184408046453592
9777,TM9SF4,OS,469,29,440,0.0618336886993603,1.4158206025341675,0.3477092941196883,0.1375318650575862,0.8947617834114865,2.240314702442264,1.389568547415488,0.3289933014164978,0.1599501364894881,0.8782081625580472,2.198682305960418,0.6300519072907892,0.8184408046453592
8496,PPFIBP1,OS,469,33,436,0.0703624733475479,1.4382160206306596,0.3634034709863751,0.1034615888912798,0.9286521538303628,2.2273844016481297,1.3662439797644923,0.312065354105119,0.1628546323859233,0.8814244517891368,2.117734093323373,0.6300519072907892,0.8184408046453592
7204,TRIO,OS,469,34,435,0.0724946695095948,0.7757530669860493,-0.2539210220861495,0.3008023263195726,0.4795533185650784,1.2549028390397736,0.7104065821889919,-0.3419178218783623,0.1649500371368836,0.4384459375489675,1.151059842950604,0.6949678349028919,0.8184408046453592
55341,LSG1,OS,469,78,391,0.1663113006396588,0.7557956370738359,-0.2799842606769057,0.1145265461761934,0.5338166506515475,1.070080980656255,0.7826331698796295,-0.2450911858979922,0.1676215625173651,0.5525485807191809,1.1085263811529584,0.6300519072907892,0.8184408046453592
10051,SMC4,OS,469,55,414,0.1172707889125799,0.7428026986558702,-0.2973248164247387,0.1389017252772433,0.5010244092282017,1.1012554258192542,0.7600113288921955,-0.2744219393757608,0.1723556148686493,0.5124507551269586,1.1271662969866785,0.6300519072907892,0.8184408046453592
10644,IGF2BP2,OS,469,90,379,0.1918976545842217,0.8005657739884292,-0.2224365837891152,0.1786983332144717,0.5788970148191502,1.1071149825879034,0.7982850527060855,-0.225289536411371,0.1734269077986751,0.5771451227150891,1.1041573432624223,0.6300519072907892,0.8184408046453592
23085,ERC1,OS,469,32,437,0.068230277185501,0.7408648023863597,-0.2999371232525014,0.2756421615380287,0.432062958226997,1.2703719329871577,0.6875321596237799,-0.3746466729008612,0.1739326303255186,0.4006377711054509,1.1798699588724506,0.6840009193721452,0.8184408046453592
84079,ANKRD27,OS,469,46,423,0.0980810234541577,1.311426042123716,0.2711151269113929,0.1770997849679665,0.8846414888130956,1.9441076251892104,1.3116812557987174,0.2713097157305454,0.1768386043466574,0.8847738357396696,1.9445734574365643,0.6300519072907892,0.8184408046453592
23527,ACAP2,OS,469,80,389,0.1705756929637526,0.7668947589963526,-0.2654056982464727,0.1303471064847166,0.5437439903659222,1.0816258787159796,0.7899506748726064,-0.2357847723404508,0.1793805249190886,0.5599133878279597,1.1144974960366991,0.6300519072907892,0.8184408046453592
90522,YIF1B,OS,469,42,427,0.0895522388059701,1.4387749341774991,0.3637920113486149,0.0659596644262831,0.9762926296461428,2.1203410210807028,1.2931396670897712,0.2570731118137301,0.1975314314139471,0.8746506332838255,1.9118607304070967,0.6300519072907892,0.8184408046453592
9141,PDCD5,OS,469,45,424,0.0959488272921108,1.302238665539848,0.2640848338539696,0.1955952711031571,0.8729736662114912,1.942584991579992,1.2964629786264958,0.2596397707308016,0.2032823171245028,0.8690571743683184,1.934068671800335,0.6300519072907892,0.8184408046453592
64434,NOM1,OS,469,33,436,0.0703624733475479,0.6322501161347279,-0.4584702097472586,0.0961684546492665,0.3684035754729524,1.0850606127782416,0.7035992628955728,-0.3515463137378545,0.2040221936673558,0.4090142080961269,1.210353853113205,0.6300519072907892,0.8184408046453592
5062,PAK2,OS,469,78,391,0.1663113006396588,0.7742600492128111,-0.2558474809262471,0.1447616461740694,0.548970118429967,1.0920059283399797,0.8011697238980916,-0.2216824643491936,0.2069073293234188,0.5678275021031288,1.1304012646685215,0.6300519072907892,0.8184408046453592
22916,NCBP2,OS,469,78,391,0.1663113006396588,0.7742600492128111,-0.2558474809262471,0.1447616461740694,0.548970118429967,1.0920059283399797,0.8011697238980916,-0.2216824643491936,0.2069073293234188,0.5678275021031288,1.1304012646685215,0.6300519072907892,0.8184408046453592
23094,SIPA1L3,OS,469,40,429,0.0852878464818763,1.4447759713221404,0.3679542723975869,0.0714915515766722,0.968333256647249,2.1556396963346662,1.292404732410603,0.2565046166843455,0.2129739808889935,0.8631530468960769,1.9351261034920804,0.6300519072907892,0.8184408046453592
5984,RFC4,OS,469,81,388,0.1727078891257995,0.8013509262065472,-0.2214563177354621,0.1978238387468943,0.5720622845780898,1.122540891514466,0.809388904762932,-0.2114757546119252,0.2190260187659647,0.5777026455159373,1.1339923821333198,0.6300519072907892,0.8184408046453592
64778,FNDC3B,OS,469,115,354,0.2452025586353944,0.8488473106194511,-0.1638759549941041,0.2737221056855171,0.6329735157773935,1.138344241561092,0.8318673200166641,-0.1840823220116189,0.2193139012096598,0.6201435507563411,1.1158758923925345,0.6840009193721452,0.8184408046453592
8743,TNFSF10,OS,469,115,354,0.2452025586353944,0.8488473106194511,-0.1638759549941041,0.2737221056855171,0.6329735157773935,1.138344241561092,0.8318673200166641,-0.1840823220116189,0.2193139012096598,0.6201435507563411,1.1158758923925345,0.6840009193721452,0.8184408046453592
5504,PPP1R2,OS,469,79,390,0.1684434968017057,0.7799188716875277,-0.2485653753649989,0.1565448671291816,0.5529835250875074,1.0999847532855334,0.8065255861033646,-0.2150196570554162,0.2208474252818665,0.5716389408151488,1.137927237972619,0.6300519072907892,0.8184408046453592
528,ATP6V1C1,OS,469,60,409,0.1279317697228145,1.309900582592017,0.2699512431820489,0.1181190516006829,0.9336793200718956,1.8377182608508251,1.2356574001859892,0.2116031362972837,0.2230277597733413,0.8791875206150752,1.7366593301577142,0.6300519072907892,0.8184408046453592
9276,COPB2,OS,469,27,442,0.0575692963752665,1.226895914137107,0.2044873325764341,0.4287529361229251,0.7393469598800984,2.035950190923137,1.3713770194090866,0.3158153586977473,0.2249500266921024,0.8234265573554457,2.283961954546878,0.7897438549958914,0.8184408046453592
29803,REPIN1,OS,469,35,434,0.0746268656716417,0.6527676974469511,-0.4265339596341548,0.1352934648534825,0.3729657997011169,1.142479195603623,0.7068253150025993,-0.346971722818904,0.225086935255392,0.4035090407583259,1.238143326329461,0.6300519072907892,0.8184408046453592
3840,KPNA4,OS,469,55,414,0.1172707889125799,0.7711106763449019,-0.2599233666355157,0.1889129496970901,0.523256290517435,1.1363679442536572,0.7885354407099509,-0.2375779265885584,0.2302157795740795,0.534898435573819,1.1624415027286543,0.6300519072907892,0.8184408046453592
11083,DIDO1,OS,469,29,440,0.0618336886993603,0.7616260264075251,-0.2722996227596681,0.2684241688455727,0.4702257643600782,1.2336078710844964,0.7467108027414974,-0.2920773137336311,0.2348362592085346,0.4611878712453811,1.209001922416527,0.6840009193721452,0.8184408046453592
9847,C2CD5,OS,469,26,443,0.0554371002132196,1.3914612965111794,0.3303544873757709,0.1885322599315493,0.850396257167296,2.276779234821675,1.3478617981583263,0.29851948361279,0.2352465738768453,0.8233176209375687,2.206598499453661,0.6300519072907892,0.8184408046453592
55500,ETNK1,OS,469,26,443,0.0554371002132196,1.3914612965111794,0.3303544873757709,0.1885322599315493,0.850396257167296,2.276779234821675,1.3478617981583263,0.29851948361279,0.2352465738768453,0.8233176209375687,2.206598499453661,0.6300519072907892,0.8184408046453592
9601,PDIA4,OS,469,37,432,0.0788912579957356,0.6775522348456483,-0.3892686297971163,0.1579483589835742,0.3947110994431002,1.163070994436302,0.7212609749238658,-0.326754244743375,0.2361669983553773,0.4200543734764251,1.238452511856353,0.6300519072907892,0.8184408046453592
2146,EZH2,OS,469,37,432,0.0788912579957356,0.6775522348456483,-0.3892686297971163,0.1579483589835742,0.3947110994431002,1.163070994436302,0.7212609749238658,-0.326754244743375,0.2361669983553773,0.4200543734764251,1.238452511856353,0.6300519072907892,0.8184408046453592
6480,ST6GAL1,OS,469,81,388,0.1727078891257995,0.8167177514875109,-0.2024617132259713,0.2343577670664829,0.5849996822042465,1.1402192272677676,0.8201352637085305,-0.1982859965854303,0.2444025154452082,0.5873418365808327,1.1451965599690284,0.6840009193721452,0.8277771659281504
26043,UBXN7,OS,469,80,389,0.1705756929637526,0.7802965141727651,-0.2480812851604864,0.148862510650796,0.5571569306397754,1.092802793157432,0.8198363959784752,-0.1986504757294429,0.2486730393097611,0.5849882460198415,1.1489661899090158,0.6300519072907892,0.8277771659281504
55094,GPATCH1,OS,469,39,430,0.0831556503198294,1.230324479070085,0.2072779387161574,0.3177257953748839,0.8192810188512478,1.8475935472318192,1.265373946849797,0.2353676886533519,0.2568307675506048,0.8424304577381594,1.9006568561934667,0.6949678349028919,0.8277771659281504
56829,ZC3HAV1,OS,469,39,430,0.0831556503198294,0.7199168349332227,-0.3286195806806783,0.1790338806569308,0.4457745554125419,1.1626510372280596,0.757744149127196,-0.2774094844502192,0.2574174081071506,0.4688361313975168,1.2246841851223829,0.6300519072907892,0.8277771659281504
7037,TFRC,OS,469,80,389,0.1705756929637526,0.7943734618117898,-0.2302015733905185,0.1847237746521275,0.5653143651818011,1.1162447581318982,0.8228580988308526,-0.1949715125745827,0.2618607022762598,0.5853437715485602,1.1567483651875732,0.6300519072907892,0.8277771659281504
23509,POFUT1,OS,469,27,442,0.0575692963752665,1.3321948240817203,0.2868278257482296,0.2427992906965436,0.8232656393958002,2.1557356026818035,1.3158729648097869,0.2745002969441257,0.2635708389024956,0.8132395173646136,2.129165667119169,0.6840009193721452,0.8277771659281504
10653,SPINT2,OS,469,41,428,0.0874200426439232,1.392417494104342,0.3310414408695714,0.0993537449275554,0.9392562788382997,2.064214550991146,1.249397748779992,0.2226616342348192,0.2715931139449501,0.8400534863529487,1.858208745056812,0.6300519072907892,0.8398494754297687
84248,FYTTD1,OS,469,79,390,0.1684434968017057,0.7966927617744025,-0.2272861678957768,0.1902723853409072,0.5669974870432821,1.1194394528511784,0.8277702262360607,-0.1890196676542091,0.2767351603716446,0.5888251007427792,1.1636792429170264,0.6300519072907892,0.8427843520409176
84859,LRCH3,OS,469,77,392,0.1641791044776119,0.8034996809913786,-0.2187784908284463,0.2074271333846241,0.5718303088083881,1.129026788906326,0.8327238933935409,-0.1830531522724273,0.2921321568690574,0.5923691950958545,1.1706028746418689,0.6300519072907892,0.8469477845077045
26065,LSM14A,OS,469,36,433,0.0767590618336887,1.254148598181617,0.2264569345376178,0.2919529729191005,0.8230718098922799,1.9109981503640223,1.2503230091284827,0.2234019252355793,0.2985030646279949,0.8205673898107383,1.9051544657614004,0.6949678349028919,0.8469477845077045
23350,U2SURP,OS,469,29,440,0.0618336886993603,1.1090161145896698,0.1034732390017669,0.6642577937035028,0.6950501792090308,1.7695366165061874,1.2852692538725037,0.2509682324851147,0.299042115370126,0.8003633177609427,2.0639589774945017,0.8783935298316057,0.8469477845077045
1894,ECT2,OS,469,114,355,0.2430703624733475,0.8585551270047604,-0.1525043875381463,0.3084773292188973,0.6401833679442304,1.151415271023371,0.8559643411347788,-0.1555265612609233,0.2991440106655311,0.6381913728562999,1.1480489778718317,0.6949678349028919,0.8469477845077045
5184,PEPD,OS,469,37,432,0.0788912579957356,1.2324752270884565,0.2090245270073156,0.3399488739676955,0.8022859584949866,1.8933338784044471,1.2547231689403728,0.2269149657342142,0.3002723505184328,0.8167370426369696,1.9275851938743809,0.7117679548698626,0.8469477845077045
55907,CMAS,OS,469,25,444,0.0533049040511727,1.3573199790469226,0.3055121519120581,0.2369940937353808,0.8180333132827984,2.252130195195412,1.3050386638087723,0.266232667775445,0.3033842810176851,0.7860241008262125,2.1667604240704343,0.6840009193721452,0.8469477845077045
254048,UBN2,OS,469,38,431,0.0810234541577825,0.7351192286845416,-0.3077225770275408,0.2082936190247904,0.4551851878644888,1.1872097220848838,0.7817108733748341,-0.2462703339449132,0.3149184899349718,0.4835640997866597,1.2636833251724855,0.6300519072907892,0.8564138681270347
4316,MMP7,OS,469,24,445,0.0511727078891258,0.7223415668248965,-0.3252571677133723,0.2543352546237645,0.4129128973617489,1.263649894437476,0.7507329027273334,-0.286705345967985,0.315296647967167,0.4289976081935345,1.3137599848415702,0.6840009193721452,0.8564138681270347
51026,GOLT1B,OS,469,25,444,0.0533049040511727,1.315231090703903,0.2740123845658429,0.2754441596050501,0.8037860769361594,2.152105978928981,1.2772904625199326,0.2447410081319074,0.3304880746711827,0.7802140993380872,2.091055425720299,0.6840009193721452,0.866720359980968
5965,RECQL,OS,469,25,444,0.0533049040511727,1.315231090703903,0.2740123845658429,0.2754441596050501,0.8037860769361594,2.152105978928981,1.2772904625199326,0.2447410081319074,0.3304880746711827,0.7802140993380872,2.091055425720299,0.6840009193721452,0.866720359980968
11054,OGFR,OS,469,30,439,0.0639658848614072,0.8165011158514501,-0.2027269999449331,0.3868735046035231,0.5158614969989633,1.2923509043901429,0.8029188065331182,-0.2195016828087282,0.3484486957953305,0.5074546631395999,1.2704161705717087,0.7455924259498695,0.866720359980968
24148,PRPF6,OS,469,33,436,0.0703624733475479,0.8094234906275819,-0.2114330246887375,0.3667005251173364,0.5114444801350806,1.2810117473683544,0.8053178361978126,-0.2165182519125478,0.3549836431403541,0.5089979178785652,1.2741443422820689,0.7381704456188866,0.866720359980968
27333,GOLIM4,OS,469,101,368,0.2153518123667377,0.885874468403056,-0.1211800219331094,0.4412058047539424,0.6507894841415063,1.2058793095030365,0.865128558890338,-0.1448771600989504,0.3575188250647626,0.6354078474032995,1.1779008182954125,0.7897438549958914,0.866720359980968
9371,KIF3B,OS,469,26,443,0.0554371002132196,1.2775112588829998,0.2449138562725416,0.3312535284452475,0.7794680094705384,2.093780625687773,1.2601320394225128,0.231216508665434,0.3589304764902634,0.7689268095734368,2.065128614334633,0.7083187150797314,0.866720359980968
10723,SLC12A7,OS,469,40,429,0.0852878464818763,0.8863047522375316,-0.1206944233684503,0.5820416380677904,0.576672308145547,1.362188027313026,0.8211857201618679,-0.1970059829779936,0.3704700587068882,0.5335810025857967,1.2638118368716371,0.8385856519999543,0.866720359980968
8833,GMPS,OS,469,47,422,0.1002132196162046,0.8046467157635697,-0.2173519602973668,0.2872731601793349,0.5391919432763697,1.2007900809030394,0.8337062157233073,-0.1818741980058518,0.3739382395987123,0.558335690873183,1.2448891688236188,0.6949678349028919,0.866720359980968
9319,TRIP13,OS,469,39,430,0.0831556503198294,0.8883550687127612,-0.1183837637555259,0.5893009525725337,0.5779979153489347,1.3653591252681825,0.8225442933673666,-0.1953529456742045,0.3745331211551361,0.5344470784687493,1.265942207953864,0.8385856519999543,0.866720359980968
133957,CCDC127,OS,469,39,430,0.0831556503198294,0.8883550687127612,-0.1183837637555259,0.5893009525725337,0.5779979153489347,1.3653591252681825,0.8225442933673666,-0.1953529456742045,0.3745331211551361,0.5344470784687493,1.265942207953864,0.8385856519999543,0.866720359980968
6389,SDHA,OS,469,39,430,0.0831556503198294,0.8883550687127612,-0.1183837637555259,0.5893009525725337,0.5779979153489347,1.3653591252681825,0.8225442933673666,-0.1953529456742045,0.3745331211551361,0.5344470784687493,1.265942207953864,0.8385856519999543,0.866720359980968
51585,PCF11,OS,469,27,442,0.0575692963752665,0.8647530298056542,-0.1453113274928769,0.5737444789093846,0.5212161714167722,1.434717193300797,0.7973004901844076,-0.2265236446683982,0.3817394096816925,0.4799354275699916,1.324528332627811,0.8385856519999543,0.866720359980968
6874,TAF4,OS,469,28,441,0.0597014925373134,0.804730759450816,-0.2172475178174428,0.3652960454449504,0.5027935460422694,1.2879870879485085,0.8113385070173061,-0.2090699173556782,0.3834088067901188,0.5070289787089167,1.2982890537051168,0.7381704456188866,0.866720359980968
54927,CHCHD3,OS,469,32,437,0.068230277185501,0.7892369947547154,-0.236688629659254,0.3738202512492269,0.4684562321502,1.3296760532577083,0.7940281502779732,-0.2306363646128746,0.386267215781872,0.4712453816439455,1.3379031986147425,0.7381704456188866,0.866720359980968
5708,PSMD2,OS,469,88,381,0.1876332622601279,0.8373864928886958,-0.1774695553472242,0.2925660262627184,0.6017277126228836,1.165337948980086,0.8669055234190651,-0.1428252776673888,0.3977602358260038,0.6225943126295864,1.2070864948321565,0.6949678349028919,0.866720359980968
9197,SLC33A1,OS,469,47,422,0.1002132196162046,0.8161796679140203,-0.2031207669871859,0.3120768526140123,0.550489292800872,1.2101039185101934,0.8487314628959352,-0.1640124408238083,0.4152059652998505,0.5720361760974976,1.2592649315009383,0.6949678349028919,0.866720359980968
26958,COPG2,OS,469,28,441,0.0597014925373134,0.7962617846252703,-0.2278272720479599,0.4413491540649265,0.445836435960646,1.4221198146097385,0.7888076960059716,-0.2372327191414442,0.4226884567665013,0.441683301532883,1.408741465024404,0.7897438549958914,0.866720359980968
283219,KCTD21,OS,469,46,423,0.0980810234541577,0.9320012958259314,-0.0704210739263414,0.7297164805145109,0.625061658203959,1.3896651698603797,0.8516229128517301,-0.1606114406745399,0.4329322963175968,0.5700457959777515,1.272286526471238,0.918407650099626,0.866720359980968
86,ACTL6A,OS,469,99,370,0.2110874200426439,0.862944624008148,-0.1474047568078394,0.3489387470130235,0.6339069864731239,1.1747361048151757,0.884679510137314,-0.1225298349991432,0.4366962576248017,0.6496660580079557,1.2047079049452414,0.7230586407177085,0.866720359980968
7913,DEK,OS,469,38,431,0.0810234541577825,0.8664791267024086,-0.1433172593233095,0.5476343242617503,0.5431013263860628,1.38240516186343,0.8315025632504028,-0.1845208976715215,0.4390472576196201,0.5210582452915185,1.3269083042821286,0.8372974816261197,0.866720359980968
10867,TSPAN9,OS,469,31,438,0.0660980810234541,0.8596883580068763,-0.1511853298186654,0.5961734223667607,0.4914627689633255,1.5038048038745948,0.8019856260085535,-0.2206645939588374,0.4397710197037582,0.4581904750511226,1.4037414118060147,0.8385856519999543,0.866720359980968
389677,RBM12B,OS,469,21,448,0.044776119402985,1.5371909370310293,0.429956683926814,0.1318595566503619,0.8787065409032556,2.6891298367500056,1.2480086900266945,0.2215492330854086,0.4473368613661324,0.7047532258680673,2.210029884522616,0.6300519072907892,0.866720359980968
2288,FKBP4,OS,469,30,439,0.0639658848614072,0.8692860330810647,-0.1400830558833588,0.6234143545949052,0.4969607019822959,1.5205592802320496,0.807834539005218,-0.2133980198899018,0.4550369674445166,0.4614993890797463,1.414079103573863,0.8582622279012051,0.866720359980968
55846,ITFG2,OS,469,30,439,0.0639658848614072,0.8692860330810647,-0.1400830558833588,0.6234143545949052,0.4969607019822959,1.5205592802320496,0.807834539005218,-0.2133980198899018,0.4550369674445166,0.4614993890797463,1.414079103573863,0.8582622279012051,0.866720359980968
10526,IPO8,OS,469,22,447,0.0469083155650319,0.813534839674161,-0.2063665263511393,0.4743890463348134,0.4621902872493345,1.43196201569382,0.8073281459106013,-0.2140250689369585,0.4572996095501387,0.4591517166746384,1.4195280372681454,0.797638924300884,0.866720359980968
51663,ZFR,OS,469,24,445,0.0511727078891258,1.2674430408124189,0.2370015172583952,0.3782664472574394,0.7481140486174384,2.1472820416520464,1.220832533892351,0.1995330308426575,0.4596228341753161,0.7194053398073904,2.071755647809145,0.7381704456188866,0.866720359980968
10923,SUB1,OS,469,24,445,0.0511727078891258,1.2674430408124189,0.2370015172583952,0.3782664472574394,0.7481140486174384,2.1472820416520464,1.220832533892351,0.1995330308426575,0.4596228341753161,0.7194053398073904,2.071755647809145,0.7381704456188866,0.866720359980968
56922,MCCC1,OS,469,88,381,0.1876332622601279,0.8500865693602616,-0.1624170883775677,0.3354553222487876,0.6108422827294697,1.183033977572154,0.8827859822088135,-0.1246724835103853,0.4605262383742996,0.6339510116055548,1.2292922893374418,0.7097528397053295,0.866720359980968
208,AKT2,OS,469,28,441,0.0597014925373134,1.315917565405972,0.2745341906721236,0.250524526396745,0.8238761276377957,2.101819655715609,1.1867702793981816,0.1712355664837664,0.476161025457379,0.7409589882200702,1.900811945673471,0.6840009193721452,0.866720359980968
203054,ADCK5,OS,469,122,347,0.2601279317697228,0.8348704220021956,-0.1804787494043484,0.210017302430263,0.6296003284491034,1.107065212705762,0.9023905141755691,-0.1027079100671187,0.4795358815631891,0.6788075310098521,1.199616390322914,0.6300519072907892,0.866720359980968
113655,MFSD3,OS,469,122,347,0.2601279317697228,0.8348704220021956,-0.1804787494043484,0.210017302430263,0.6296003284491034,1.107065212705762,0.9023905141755691,-0.1027079100671187,0.4795358815631891,0.6788075310098521,1.199616390322914,0.6300519072907892,0.866720359980968
28991,COMMD5,OS,469,122,347,0.2601279317697228,0.8348704220021956,-0.1804787494043484,0.210017302430263,0.6296003284491034,1.107065212705762,0.9023905141755691,-0.1027079100671187,0.4795358815631891,0.6788075310098521,1.199616390322914,0.6300519072907892,0.866720359980968
3297,HSF1,OS,469,122,347,0.2601279317697228,0.8348704220021956,-0.1804787494043484,0.210017302430263,0.6296003284491034,1.107065212705762,0.9023905141755691,-0.1027079100671187,0.4795358815631891,0.6788075310098521,1.199616390322914,0.6300519072907892,0.866720359980968
26233,FBXL6,OS,469,122,347,0.2601279317697228,0.8348704220021956,-0.1804787494043484,0.210017302430263,0.6296003284491034,1.107065212705762,0.9023905141755691,-0.1027079100671187,0.4795358815631891,0.6788075310098521,1.199616390322914,0.6300519072907892,0.866720359980968
8694,DGAT1,OS,469,122,347,0.2601279317697228,0.8348704220021956,-0.1804787494043484,0.210017302430263,0.6296003284491034,1.107065212705762,0.9023905141755691,-0.1027079100671187,0.4795358815631891,0.6788075310098521,1.199616390322914,0.6300519072907892,0.866720359980968
23246,BOP1,OS,469,122,347,0.2601279317697228,0.8348704220021956,-0.1804787494043484,0.210017302430263,0.6296003284491034,1.107065212705762,0.9023905141755691,-0.1027079100671187,0.4795358815631891,0.6788075310098521,1.199616390322914,0.6300519072907892,0.866720359980968
9684,LRRC14,OS,469,122,347,0.2601279317697228,0.8348704220021956,-0.1804787494043484,0.210017302430263,0.6296003284491034,1.107065212705762,0.9023905141755691,-0.1027079100671187,0.4795358815631891,0.6788075310098521,1.199616390322914,0.6300519072907892,0.866720359980968
9166,EBAG9,OS,469,87,382,0.185501066098081,1.0461676911138094,0.0451336693458049,0.7800168844850053,0.7621656323909777,1.4359960504870373,1.1195591973910537,0.112935034078536,0.4861447588424982,0.8147390541773042,1.5384223820331695,0.9258697164597957,0.866720359980968
51290,ERGIC2,OS,469,20,449,0.0426439232409381,1.2578298071653835,0.2293878607041511,0.3894885807200811,0.7459756916364992,2.120894610282626,1.203622587816876,0.1853358324777472,0.4872606998897979,0.7134985698977989,2.0304278032547494,0.7455924259498695,0.866720359980968
54464,XRN1,OS,469,33,436,0.0703624733475479,1.019641312288762,0.0194509108323342,0.9319965171914064,0.652264703546378,1.5939363268827025,1.1708733554099962,0.1577499279641245,0.4938996174310716,0.7451314234361018,1.839869278478533,0.957570513768312,0.8708230096810999
9846,GAB2,OS,469,44,425,0.0938166311300639,0.9578107716925164,-0.0431050448510909,0.8325678116915577,0.6422810308503571,1.4283490097093583,0.87123269850201,-0.1378461753519153,0.501324788154029,0.5829540392983172,1.3020690547967275,0.9258697164597957,0.8762285427735639
116228,COX20,OS,469,26,443,0.0554371002132196,1.1041991677902157,0.0991203371908484,0.6706396210392245,0.699282571542219,1.7435809953902055,1.1621314910523828,0.1502558112810355,0.5195048918141019,0.7356808769356815,1.8357818516651605,0.8800102514403072,0.8859777735392534
56943,ENY2,OS,469,83,386,0.1769722814498933,1.0404458810161907,0.0396493530204234,0.8093428786503788,0.7539432320932384,1.4358211404299517,1.1114365382627645,0.1056533572120405,0.5215533629842464,0.8045894481747591,1.5353062128615047,0.9258697164597957,0.8859777735392534
5359,PLSCR1,OS,469,36,433,0.0767590618336887,1.0307582076914117,0.0302946554074274,0.8897382280869118,0.6716639128791699,1.581836484513267,1.1497004105405575,0.1395013958624354,0.5265028242077137,0.7466214109464049,1.7703899387530564,0.9406810497075312,0.8859777735392534
3945,LDHB,OS,469,23,446,0.0490405117270788,1.2218016386170858,0.2003265223826431,0.4518434991270025,0.7250229534107389,2.0589682534943106,1.1837794657576688,0.168712257083892,0.5267243462276305,0.7021126780416544,1.995881668820079,0.7897438549958914,0.8859777735392534
85476,GFM1,OS,469,46,423,0.0980810234541577,0.8495891941331009,-0.1630023473452376,0.4408728290914232,0.5612874542203711,1.2859752936938798,0.8751900662925599,-0.1333141975930027,0.528941954351793,0.5779251689875012,1.3253578373807435,0.7897438549958914,0.8859777735392534
64083,GOLPH3,OS,469,25,444,0.0533049040511727,1.2069614226214551,0.1881059802305136,0.4841565098526371,0.7125840966737026,2.044328357167176,1.1747735109943265,0.1610753724156076,0.5502494746631335,0.6925349385031871,1.9928132508618333,0.797638924300884,0.908993318310146
1537,CYC1,OS,469,123,346,0.2622601279317697,0.8509830204159984,-0.1613631031154567,0.2599018078274306,0.6426961125905453,1.1267721818284868,0.9203725968976524,-0.0829766943001662,0.5658816428590285,0.693333810631989,1.2217574047744637,0.6840009193721452,0.908993318310146
727957,MROH1,OS,469,123,346,0.2622601279317697,0.8509830204159984,-0.1613631031154567,0.2599018078274306,0.6426961125905453,1.1267721818284868,0.9203725968976524,-0.0829766943001662,0.5658816428590285,0.693333810631989,1.2217574047744637,0.6840009193721452,0.908993318310146
51319,RSRC1,OS,469,45,424,0.0959488272921108,0.8685313327144014,-0.1409516171360693,0.5052884273177485,0.5737066629832923,1.3148647637871735,0.8863734392801829,-0.1206169281490536,0.5688787843469667,0.5853308291273241,1.342245845879544,0.797638924300884,0.908993318310146
11047,ADRM1,OS,469,35,434,0.0746268656716417,0.8671256222509648,-0.142571419674548,0.507949165723946,0.568555413436988,1.322486475361747,0.8860455949436362,-0.1209868681394907,0.5742355264680252,0.5809689743195248,1.3513231016140994,0.797638924300884,0.908993318310146
51067,YARS2,OS,469,24,445,0.0511727078891258,0.923336374061164,-0.0797616752672484,0.7602021477315992,0.5532432746144612,1.541003928621698,0.8667888650260601,-0.1429598554729797,0.583571871465199,0.5199078622877399,1.4451078566635531,0.9258697164597957,0.908993318310146
10059,DNM1L,OS,469,24,445,0.0511727078891258,0.923336374061164,-0.0797616752672484,0.7602021477315992,0.5532432746144612,1.541003928621698,0.8667888650260601,-0.1429598554729797,0.583571871465199,0.5199078622877399,1.4451078566635531,0.9258697164597957,0.908993318310146
79053,ALG8,OS,469,45,424,0.0959488272921108,0.9485664591620716,-0.0528034244158589,0.7989373831926699,0.63185229859938,1.424032688401702,0.8929616308171489,-0.1132116656388648,0.5853428080918894,0.5945770101473064,1.3410886403328497,0.9258697164597957,0.908993318310146
50807,ASAP1,OS,469,147,322,0.3134328358208955,1.0159333971519702,0.0158077930232524,0.9054470601580648,0.7826841021467474,1.318693793086943,1.0750886227925232,0.0724030979886501,0.5879086985259563,0.8273875680716634,1.3969457500451763,0.9406810497075312,0.908993318310146
84955,NUDCD1,OS,469,82,387,0.1748400852878464,1.025668121663676,0.0253442262574083,0.8784896985192024,0.7411389673667427,1.419430285166112,1.0937984461167336,0.089656451301197,0.5896708425077098,0.7896450355570718,1.5151048722586584,0.9406810497075312,0.908993318310146
7227,TRPS1,OS,469,96,373,0.2046908315565032,0.8971017168570956,-0.1085860266330928,0.4904089450655958,0.6589020845594067,1.22141287643079,0.919124492413944,-0.0843337007151142,0.5924284810877071,0.6749584891252167,1.2516174641348448,0.797638924300884,0.908993318310146
85453,TSPYL5,OS,469,29,440,0.0618336886993603,1.0304838752028436,0.0300284736789788,0.8999308962205442,0.6453217714860225,1.6455310574874509,0.880221297411277,-0.1275819287932579,0.598662543184037,0.5473427065675605,1.4155473766612738,0.9406810497075312,0.9115997816666018
81502,HM13,OS,469,32,437,0.068230277185501,1.1448398560387805,0.1352647635027715,0.5820572620273889,0.7072110896235964,1.8532773526960329,1.1343407779985817,0.1260516698604902,0.6079604532200846,0.7007860404113744,1.836122477375682,0.8385856519999543,0.918797376670955
55636,CHD7,OS,469,26,443,0.0554371002132196,1.0545349355779443,0.0530998503812151,0.8328551118415243,0.6440077247975747,1.7267555768898857,0.8787266942057227,-0.1292813577387252,0.613082236380924,0.5323979779690379,1.4503447328168169,0.9258697164597957,0.919623354571386
29028,ATAD2,OS,469,123,346,0.2622601279317697,1.0372210034315832,0.036545024604205,0.7938290123452264,0.7885741403756638,1.364269197880511,1.071510443095789,0.0690692821236539,0.6214970926894928,0.8145530035130838,1.4095272188691792,0.9258697164597957,0.9253401157821336
51029,DESI2,OS,469,26,443,0.0554371002132196,1.0731686800340263,0.0706156554256507,0.7619227933493098,0.6796149834576865,1.6946227552937412,1.1162821575042443,0.1100036613080553,0.6371359907065239,0.7067582490194607,1.7631005466029162,0.9258697164597957,0.9295554232874034
6917,TCEA1,OS,469,24,445,0.0511727078891258,1.1958286880416604,0.1788394078456197,0.5018664647437316,0.7095595248747787,2.015343605451287,1.1285372892277907,0.1209223599087958,0.6500094234414084,0.6693820035592664,1.90264513596958,0.797638924300884,0.9295554232874034
7405,UVRAG,OS,469,32,437,0.068230277185501,1.0180722337618249,0.0179108721550667,0.9416620325591666,0.630157734104285,1.644780373329935,0.8942301204905642,-0.1117921314612973,0.6502282804463762,0.5515621765437874,1.4497867011174337,0.957570513768312,0.9295554232874034
55544,RBM38,OS,469,27,442,0.0575692963752665,0.8956779762933438,-0.110174332065711,0.6636453894559764,0.5451396100713627,1.4716212551715344,0.8919855799945431,-0.1143053124581978,0.6515513234402217,0.543140897272699,1.4648837509997503,0.8783935298316057,0.9295554232874034
22827,PUF60,OS,469,124,345,0.2643923240938166,0.8662267471742409,-0.1436085719272057,0.3135475399584212,0.6551467353657634,1.1453140754813531,0.937150279353237,-0.064911626089115,0.6516112832031606,0.7070330884212556,1.242163429794932,0.6949678349028919,0.9295554232874034
157769,FAM91A1,OS,469,120,349,0.255863539445629,1.0264364192099051,0.0260930161624294,0.8533489936382221,0.7783526720064009,1.353591707939544,1.065518740872973,0.0634617612080224,0.6532959750118612,0.8077974043685837,1.4054640198292772,0.9321910202243622,0.9295554232874034
6674,SPAG1,OS,469,53,416,0.1130063965884861,1.012941088936626,0.0128580685277226,0.9458449864481466,0.6989634419363872,1.46795896336664,0.9186534732666216,-0.084846297085766,0.6567008463025437,0.6319229624400344,1.3354858963918574,0.957570513768312,0.9295554232874034
121512,FGD4,OS,469,22,447,0.0469083155650319,0.9367680596396364,-0.0653195624553352,0.8086923607979387,0.5520610084209703,1.5895605452574395,0.8888979082814031,-0.1177728888912835,0.6616867340977206,0.5245143132844613,1.5064212192785964,0.9258697164597957,0.9300631717037892
54477,PLEKHA5,OS,469,23,446,0.0490405117270788,1.1133859802284027,0.1074058048327764,0.696151927307172,0.6494377491551789,1.9087716144953564,1.1189002047231906,0.1123462427997856,0.6830255256769724,0.6525290520764166,1.9185929946656008,0.8969649832611639,0.9506164199830374
5922,RASA2,OS,469,31,438,0.0660980810234541,0.9836068064141252,-0.0165290487635485,0.946118437404362,0.6090268255552281,1.5885709939659476,1.1012430666951432,0.0964396023983929,0.6958942912657975,0.6789925248984059,1.7860819485834238,0.957570513768312,0.9506164199830374
11244,ZHX1,OS,469,118,351,0.2515991471215352,1.0166231295150865,0.0164864776064776,0.9079210131505526,0.7688273411635401,1.3442843823698043,1.0572660617203402,0.055686389234577,0.6962950338379434,0.799367823213974,1.3983694274449467,0.9406810497075312,0.9506164199830374
4154,MBNL1,OS,469,41,428,0.0874200426439232,0.8257452022144219,-0.1914690249437735,0.3749219144811786,0.5409597182840858,1.2604545512981418,0.9201639954582832,-0.0832033688918355,0.7021025388424155,0.6007581277497541,1.4093888029600576,0.7381704456188866,0.9506164199830374
25937,WWTR1,OS,469,40,429,0.0852878464818763,0.9883898324170468,-0.0116780918317147,0.9565418020709974,0.6494032394958023,1.5043264360428446,1.0853131301382353,0.0818685445614295,0.7041469547744259,0.7112758635033153,1.6560446528422983,0.9613245110813524,0.9506164199830374
4715,NDUFB9,OS,469,121,348,0.2579957356076759,1.0248890369522858,0.0245843500982831,0.8617377446494865,0.7771830875672849,1.3515445136009157,1.0542279178579348,0.0528086675944181,0.7083789180383111,0.7993852417200021,1.3903140123024205,0.9362664144570096,0.9506164199830374
51337,THEM6,OS,469,120,349,0.255863539445629,0.8658329640323926,-0.1440632712035469,0.3195532546319414,0.6519850245398683,1.149821994967121,0.9484389903093022,-0.0529378139643938,0.7176184369920879,0.7118844282161538,1.2635990937363175,0.6949678349028919,0.9506164199830374
5912,RAP2B,OS,469,38,431,0.0810234541577825,0.8423891135321532,-0.171513241403339,0.4449043150341504,0.5425099905737264,1.3080301394026594,0.9222449510109584,-0.0809444171628336,0.7200854324684249,0.5923429655810073,1.435883937324968,0.7897438549958914,0.9506164199830374
1004,CDH6,OS,469,23,446,0.0490405117270788,1.227494790520813,0.204975336702635,0.446082319082332,0.7244996540455685,2.0797021121296013,1.1007652726194723,0.0960056402969434,0.7225503825126498,0.6479344169603539,1.8700722691802345,0.7897438549958914,0.9506164199830374
11156,PTP4A3,OS,469,121,348,0.2579957356076759,0.8670016540970169,-0.1427143943637186,0.321552281820741,0.6538403797632766,1.149656539229214,0.9497939503852438,-0.05151021224385,0.7236035435691777,0.7139177409139722,1.2636029285860146,0.6949678349028919,0.9506164199830374
4061,LY6E,OS,469,123,346,0.2622601279317697,0.8670977835504639,-0.1426035247659799,0.3194441782339653,0.6548583569045711,1.1481239543037416,0.9522265948964864,-0.0489522526637515,0.7357303457154407,0.7166111596121242,1.26531030931606,0.6949678349028919,0.9510450030161882
170506,DHX36,OS,469,40,429,0.0852878464818763,0.8616907632577386,-0.1488588160027116,0.490027385514451,0.5646586538753963,1.314973154821346,0.929987214757193,-0.0725844405022448,0.7376472762804871,0.6081783663473183,1.4220765937569182,0.797638924300884,0.9510450030161882
23167,EFR3A,OS,469,136,333,0.2899786780383795,0.9700946368403424,-0.0303616484908115,0.8237935276612549,0.7425910575059836,1.26729724915764,1.0448901763072935,0.0439117854511854,0.7491264682663872,0.7983418430750072,1.367578926263181,0.9258697164597957,0.9510450030161882
28971,AAMDC,OS,469,41,428,0.0874200426439232,1.1552490062472522,0.1443159105620711,0.4929602231081484,0.764721681134178,1.745210446310198,1.0689342291967994,0.0666621046092546,0.7523410396792753,0.7065308102452641,1.6172265523026632,0.797638924300884,0.9510450030161882
51773,RSF1,OS,469,41,428,0.0874200426439232,1.1552490062472522,0.1443159105620711,0.4929602231081484,0.764721681134178,1.745210446310198,1.0689342291967994,0.0666621046092546,0.7523410396792753,0.7065308102452641,1.6172265523026632,0.797638924300884,0.9510450030161882
4548,MTR,OS,469,27,442,0.0575692963752665,1.027364546382116,0.0269968303595602,0.9077917668677644,0.6506132131173384,1.6222817026812748,1.075921497437663,0.0731775013063563,0.7538047193083905,0.6810396081743508,1.699764675584254,0.9406810497075312,0.9510450030161882
96764,TGS1,OS,469,24,445,0.0511727078891258,1.1933617514338155,0.1767743255116328,0.4936889647478244,0.7193356473346979,1.9797604568351976,1.0799940012243576,0.0769554866988113,0.7663615667875381,0.6500833869681004,1.794211428968315,0.797638924300884,0.9510450030161882
57592,ZNF687,OS,469,30,439,0.0639658848614072,1.1236193779961192,0.1165550624467957,0.6335630434655022,0.69583268584482,1.814402416402073,1.073838784008868,0.0712398768201479,0.7708710654061404,0.6648514033899587,1.7344172369375197,0.8611484632522199,0.9510450030161882
10499,NCOA2,OS,469,21,448,0.044776119402985,1.0716027317238923,0.0691554078861614,0.8014855896231052,0.6250395714815928,1.837215541275416,1.0812016067804051,0.0780730215274541,0.7765442919152847,0.6306132001254133,1.8537463444660611,0.9258697164597957,0.9510450030161882
10565,ARFGEF1,OS,469,22,447,0.0469083155650319,1.1161017981147958,0.1098420767478481,0.6799227556540526,0.6623388988388519,1.880733905163793,1.0779932369387994,0.0751011987554368,0.7780375720884097,0.6394823062801758,1.817203396362079,0.881706283138481,0.9510450030161882
84294,UTP23,OS,469,99,370,0.2110874200426439,0.9283042243183812,-0.0743957719904809,0.6340794654792465,0.6833621876972445,1.2610424580136976,0.9573051826714416,-0.0436330432019673,0.7802391794475072,0.7045856584782021,1.300669693943187,0.8611484632522199,0.9510450030161882
1207,CLNS1A,OS,469,39,430,0.0831556503198294,1.179849139076163,0.1653865820637505,0.4501285059625205,0.768096949825626,1.812328497456976,1.0632091773644208,0.0612918602122449,0.7807085845655277,0.690585431313953,1.6368919811718723,0.7897438549958914,0.9510450030161882
4147,MATN2,OS,469,37,432,0.0788912579957356,1.1564525451824132,0.145357168715104,0.4988013676712068,0.7589267516468681,1.7622023289556823,1.0583630981577257,0.0567234675245864,0.7933275711083061,0.6923766993374777,1.617807832952573,0.797638924300884,0.9605954324865634
1936,EEF1D,OS,469,125,344,0.2665245202558635,0.8885860398153823,-0.1181237989172839,0.4025761134765682,0.6738692803248632,1.1717185709580589,0.9668652536248636,-0.0336961379901754,0.8132022511304863,0.731112012736715,1.278639117373822,0.7633754604602849,0.968630956621552
10434,LYPLA1,OS,469,26,443,0.0554371002132196,1.1244440946303058,0.1172887754235214,0.6403704669402609,0.6874454304698515,1.839236201024422,1.0596364551900794,0.0579258824955994,0.8176553795521261,0.647593634115104,1.7338487564073624,0.8638554621140433,0.968630956621552
10656,KHDRBS3,OS,469,132,337,0.2814498933901919,0.9090297512405504,-0.0953774557026917,0.491350986195838,0.6927933783629601,1.192758352559677,0.9684627444181456,-0.0320452641768353,0.8181627242904035,0.7369537940295751,1.2726986344659297,0.797638924300884,0.968630956621552
92140,MTDH,OS,469,37,432,0.0788912579957356,1.1580286954543897,0.1467191590289177,0.4868085932958066,0.7658200100928843,1.7511039693689194,1.0488709088340944,0.047714260672871,0.8226706819746215,0.6910310874782174,1.5920125784979788,0.797638924300884,0.968630956621552
7534,YWHAZ,OS,469,56,413,0.1194029850746268,1.0999493751851048,0.0952641561862588,0.5966057126168829,0.772980899501592,1.5652244819376817,1.0409429959112992,0.0401270291626105,0.8240591720511712,0.730796868344588,1.4827134155504698,0.8385856519999543,0.968630956621552
2271,FH,OS,469,24,445,0.0511727078891258,0.9394022870943752,-0.0625114707590624,0.7985035678110383,0.5813234363175666,1.518047616638772,0.9522638507065926,-0.0489131284873117,0.8417429396087581,0.5891595198161065,1.5391526587664877,0.9258697164597957,0.9725481288493858
5298,PI4KB,OS,469,29,440,0.0618336886993603,1.100722302227505,0.0959666027003076,0.7022567450149578,0.6729642333689021,1.8003773849253828,1.0501576525183245,0.0489402981543083,0.845514040932809,0.6418800036699708,1.7181265794810925,0.8990675525350734,0.9725481288493858
79139,DERL1,OS,469,113,356,0.2409381663113006,0.99760498127403,-0.0023978913709277,0.9868531000940872,0.7500507617328895,1.3268644596313033,1.0286880765357376,0.0282842782796025,0.8459460869646499,0.7733391961967127,1.3683506073544778,0.9868531000940872,0.9725481288493858
83696,TRAPPC9,OS,469,130,339,0.2771855010660981,0.8694935265432567,-0.139844390249146,0.3194200685511863,0.6602532759226185,1.1450439100725254,0.9727304350601148,-0.0276482803394148,0.8467458833265797,0.7348945150204426,1.2875378438032288,0.6949678349028919,0.9725481288493858
2122,MECOM,OS,469,134,335,0.2857142857142857,1.0502372796777648,0.0490161192851422,0.7260479732238349,0.7983839821636176,1.3815386684435105,1.026452848909825,0.0261090225785331,0.8520153305484843,0.7801995133499291,1.350430797516457,0.918407650099626,0.9730402354559394
10404,CPQ,OS,469,32,437,0.068230277185501,1.1376114226631722,0.1289308210353915,0.5719548232391766,0.7274667311549501,1.7789950983999998,0.9592428833271428,-0.0416109688795803,0.8579139698668024,0.6082592043448515,1.5127545997513503,0.8385856519999543,0.9742412878148432
51714,SELENOT,OS,469,37,432,0.0788912579957356,0.9272423757959448,-0.0755402850286137,0.7515531281076813,0.580888520905302,1.480109164718494,1.036265706214432,0.0356235841336213,0.8820450288678928,0.6473035179481847,1.6589537737720974,0.9258697164597957,0.9852058209257571
6596,HLTF,OS,469,38,431,0.0810234541577825,0.9262405703101838,-0.0766212829254879,0.7310707662484585,0.5983643088593955,1.4337780201561623,1.0327884041321185,0.0322623328847465,0.8858263378300798,0.6649005563542951,1.6042276961810775,0.918407650099626,0.9852058209257571
64754,SMYD3,OS,469,27,442,0.0575692963752665,0.9720097319382648,-0.0283894622896552,0.9030688264370644,0.6155266457604641,1.5349504777578271,1.033251195128125,0.0327103310779202,0.8885558560677176,0.6539037027358919,1.6326685837178987,0.9406810497075312,0.9852058209257571
636,BICD1,OS,469,24,445,0.0511727078891258,1.017769301444099,0.0176132730396906,0.9480424489546972,0.5992129060393904,1.728691656207277,0.963576729202746,-0.0371031583848948,0.8905553935991485,0.568023725105861,1.634579810707773,0.957570513768312,0.9852058209257571
64216,TFB2M,OS,469,26,443,0.0554371002132196,0.953807703025493,-0.0472931970073108,0.842956010508172,0.5973987235234812,1.5228508172649429,1.028250532972269,0.0278588464577238,0.9072876045591238,0.643399286614848,1.6433017265539438,0.9258697164597957,0.9852058209257571
163882,CNST,OS,469,26,443,0.0554371002132196,0.953807703025493,-0.0472931970073108,0.842956010508172,0.5973987235234812,1.5228508172649429,1.028250532972269,0.0278588464577238,0.9072876045591238,0.643399286614848,1.6433017265539438,0.9258697164597957,0.9852058209257571
51097,SCCPDH,OS,469,26,443,0.0554371002132196,0.953807703025493,-0.0472931970073108,0.842956010508172,0.5973987235234812,1.5228508172649429,1.028250532972269,0.0278588464577238,0.9072876045591238,0.643399286614848,1.6433017265539438,0.9258697164597957,0.9852058209257571
84920,ALG10,OS,469,24,445,0.0511727078891258,1.0354443568758565,0.03483066489628,0.900971764799375,0.5982246741548998,1.7922112920211024,0.9697844687461034,-0.0306814293431224,0.912472353957784,0.5611575290121512,1.6759677402471365,0.9406810497075312,0.9852058209257571
7328,UBE2H,OS,469,32,437,0.068230277185501,1.0379575413702722,0.037254879639534,0.8820900559248969,0.6344185876720888,1.6981782668768086,1.0253592756550978,0.0250430640093406,0.9205703197824996,0.6267590145475816,1.677457555087356,0.9406810497075312,0.9852058209257571
54108,CHRAC1,OS,469,124,345,0.2643923240938166,0.8958476440203269,-0.109984920621558,0.440220630364014,0.6775438639635274,1.184488627204174,0.9868349998404206,-0.013252426937649,0.9268509963646552,0.7436583345516244,1.309530562173023,0.7897438549958914,0.9852058209257571
25909,AHCTF1,OS,469,28,441,0.0597014925373134,0.953202986806798,-0.0479274003100903,0.8370617975174789,0.6036889448482115,1.5050730045849254,1.0208499944811886,0.0206356081939771,0.9295701987430643,0.6459959385861674,1.613221769649308,0.9258697164597957,0.9852058209257571
6482,ST3GAL1,OS,469,134,335,0.2857142857142857,0.9215988314184808,-0.081645257033414,0.554032661971512,0.7032263328649333,1.2077824256263174,0.9880950864636108,-0.0119763445052419,0.9312890844571836,0.7526052647377648,1.2972695590080945,0.8372974816261197,0.9852058209257571
10397,NDRG1,OS,469,134,335,0.2857142857142857,0.9215988314184808,-0.081645257033414,0.554032661971512,0.7032263328649333,1.2077824256263174,0.9880950864636108,-0.0119763445052419,0.9312890844571836,0.7526052647377648,1.2972695590080945,0.8372974816261197,0.9852058209257571
27161,AGO2,OS,469,127,342,0.2707889125799573,0.916241309227112,-0.0874755109808445,0.5353503006280576,0.6948435257699863,1.208183001782924,1.0096077236181007,0.0095618629519564,0.9466813734447792,0.7628629911284472,1.336160971816887,0.8277339263556889,0.987291951256596
5747,PTK2,OS,469,127,342,0.2707889125799573,0.916241309227112,-0.0874755109808445,0.5353503006280576,0.6948435257699863,1.208183001782924,1.0096077236181007,0.0095618629519564,0.9466813734447792,0.7628629911284472,1.336160971816887,0.8277339263556889,0.987291951256596
23646,PLD3,OS,469,23,446,0.0490405117270788,1.146664334784801,0.136857149097223,0.6075480208972209,0.6801572996313224,1.9331397272074784,1.0128954541574853,0.0128130157525579,0.96188599450793,0.598871951878277,1.71314952693164,0.8480357791690376,0.987291951256596
57530,CGN,OS,469,31,438,0.0660980810234541,1.0605822451458071,0.0588180451940152,0.8098567809954507,0.6568489835684663,1.7124707913950428,1.0112288428043048,0.0111662673465379,0.9635909446996396,0.6260809496200412,1.6333091961030335,0.9258697164597957,0.987291951256596
23126,POGZ,OS,469,31,438,0.0660980810234541,1.0605822451458071,0.0588180451940152,0.8098567809954507,0.6568489835684663,1.7124707913950428,1.0112288428043048,0.0111662673465379,0.9635909446996396,0.6260809496200412,1.6333091961030335,0.9258697164597957,0.987291951256596
4067,LYN,OS,469,23,446,0.0490405117270788,1.1183952549322838,0.1118948497597635,0.6742367100587427,0.6637507967544429,1.884454154136088,1.0116400363165583,0.0115728122513124,0.9654123973369656,0.599589468951499,1.7068604704952746,0.8800102514403072,0.987291951256596
444,ASPH,OS,469,19,450,0.0405117270788912,1.0869091300693658,0.0833380076523452,0.7784202427516064,0.6082557895044605,1.9422280517717665,1.0120950693519732,0.0120225085004004,0.967644350236564,0.5661510136514856,1.8092989409308773,0.9258697164597957,0.987291951256596
4071,TM4SF1,OS,469,38,431,0.0810234541577825,0.9064677125444752,-0.0981998671331123,0.6599895393675191,0.5852597100953599,1.4039642567429276,1.0071083426799037,0.0070831975021169,0.9748729536731526,0.648120321640395,1.5649366020931856,0.8783935298316057,0.9896437560015338
9791,PTDSS1,OS,469,30,439,0.0639658848614072,1.146886773453214,0.1370511178893828,0.5663186113933147,0.717959095427354,1.8320671463030669,0.9941097921431218,-0.0059076235528973,0.9805178637225832,0.6187440393896572,1.597194018724894,0.8385856519999543,0.9903723146142676
80851,SH3BP5L,OS,469,25,444,0.0533049040511727,0.9204341195880732,-0.0829098511168022,0.7413378801545514,0.5625853088698904,1.505903113971652,1.0032220248501589,0.0032168452509738,0.9898070323249584,0.6124399331912214,1.6433520686676193,0.9255212044165516,0.9947560674865832
29956,CERS2,OS,469,31,438,0.0660980810234541,1.050025063648179,0.0488140340256675,0.841714300055437,0.6503331313867865,1.695365930285993,1.001182162905679,0.0011814647013178,0.9961459962472818,0.619888732593862,1.6170091027888105,0.9258697164597957,0.9961459962472818
