source,native,name,p_value,significant,description,term_size,query_size,intersection_size,effective_domain_size,precision,recall,query,parents,intersections,evidences
KEGG,KEGG:05220,Chronic myeloid leukemia,4.605658236926205e-07,True,Chronic myeloid leukemia,76,89,10,8484,0.11235955056179775,0.13157894736842105,query_1,['KEGG:00000'],"['AKT2', 'MECOM', 'PIK3CB', 'PIK3CA', 'GAB2', 'E2F3', 'KRAS', 'CCND1', 'RAF1', 'CDK4']","[['KEGG'], ['KEGG'], ['KEGG'], ['KEGG'], ['KEGG'], ['KEGG'], ['KEGG'], ['KEGG'], ['KEGG'], ['KEGG']]"
KEGG,KEGG:04218,Cellular senescence,5.713665448742554e-07,True,Cellular senescence,155,89,13,8484,0.14606741573033707,0.08387096774193549,query_1,['KEGG:00000'],"['AKT2', 'PIK3CB', 'PIK3CA', 'CCNE1', 'LIN54', 'E2F3', 'KRAS', 'FBXW11', 'CCND1', 'RAF1', 'MYBL2', 'ZFP36L1', 'CDK4']","[['KEGG'], ['KEGG'], ['KEGG'], ['KEGG'], ['KEGG'], ['KEGG'], ['KEGG'], ['KEGG'], ['KEGG'], ['KEGG'], ['KEGG'], ['KEGG'], ['KEGG']]"
GO:BP,GO:0010604,positive regulation of macromolecule metabolic process,8.704487073954298e-06,True,"""Any process that increases the frequency, rate or extent of the chemical reactions and pathways involving macromolecules, any molecule of high relative molecular mass, the structure of which essentially comprises the multiple repetition of units derived, actually or conceptually, from molecules of low relative molecular mass."" [GOC:dph, GOC:tb]",3288,157,54,21026,0.34394904458598724,0.016423357664233577,query_1,"['GO:0009893', 'GO:0043170', 'GO:0060255']","['EIF4G1', 'NCOA2', 'IGF2BP2', 'SUB1', 'CLNS1A', 'IL1RAP', 'DHX36', 'ECT2', 'TRA2B', 'AKT2', 'MECOM', 'EZH2', 'NCBP2', 'RFX5', 'PIK3CB', 'WWTR1', 'AGO2', 'HLTF', 'PDCD5', 'ASPH', 'OPA1', 'RAP2B', 'RSF1', 'PLSCR1', 'MED29', 'RBM38', 'CHD7', 'SMYD3', 'WNK1', 'SUPT5H', 'PAX8', 'FZR1', 'E2F3', 'KRAS', 'SKP2', 'WDR48', 'ACTR3', 'TMED2', 'ATXN7L3', 'FBXW11', 'SOX17', 'SUPT7L', 'TRAF2', 'VEZF1', 'WT1', 'CCND1', 'RAF1', 'MYBL2', 'SAMD4B', 'ZFP36L1', 'ARID2', 'APC', 'RICTOR', 'ZNF780B']","[['IMP'], ['IDA', 'ISS', 'IBA', 'IEA'], ['IDA', 'IBA'], ['IEA'], ['NAS'], ['IEA'], ['IMP', 'ISS', 'IEA'], ['IDA'], ['IDA', 'IBA', 'IEA'], ['IMP'], ['IDA', 'IEA'], ['IDA'], ['IMP', 'NAS'], ['IDA', 'NAS'], ['IMP'], ['IBA', 'IEA'], ['IDA', 'IMP', 'ISS', 'IEA'], ['ISO', 'IEA'], ['IDA'], ['IDA', 'IMP'], ['ISS', 'IEA'], ['IEA'], ['IDA'], ['IDA', 'IMP'], ['NAS'], ['IDA'], ['IEA'], ['IEA'], ['IDA'], ['IDA'], ['IDA', 'ISS', 'IEA'], ['IDA', 'IBA', 'IEA'], ['IDA', 'IEA'], ['IMP', 'IEA'], ['IDA', 'IEA'], ['IDA'], ['IDA'], ['IEA'], ['IDA', 'IBA', 'NAS', 'IEA'], ['IMP', 'ISS', 'IEA'], ['IDA', 'ISS', 'IBA', 'IEA'], ['NAS'], ['IDA', 'IMP', 'IEA'], ['IDA'], ['IDA', 'IMP', 'IGI'], ['IDA'], ['IDA', 'IEA'], ['IDA', 'IBA'], ['IBA'], ['IDA', 'IMP', 'ISS', 'IEA'], ['IMP', 'NAS'], ['IGI', 'IC'], ['IEA'], ['IEA']]"
GO:BP,GO:0009893,positive regulation of metabolic process,9.83384537289725e-06,True,"""Any process that activates or increases the frequency, rate or extent of the chemical reactions and pathways within a cell or an organism."" [GOC:go_curators]",3597,157,57,21026,0.3630573248407643,0.0158465387823186,query_1,"['GO:0008152', 'GO:0019222', 'GO:0048522']","['EIF4G1', 'NCOA2', 'IGF2BP2', 'SUB1', 'CLNS1A', 'IL1RAP', 'DHX36', 'ECT2', 'TRA2B', 'AKT2', 'MECOM', 'EZH2', 'FH', 'NCBP2', 'RFX5', 'PIK3CB', 'WWTR1', 'AGO2', 'HLTF', 'PDCD5', 'ASPH', 'OPA1', 'RAP2B', 'RSF1', 'PLSCR1', 'MED29', 'RBM38', 'CHD7', 'SMYD3', 'WNK1', 'SUPT5H', 'UVRAG', 'PAX8', 'FZR1', 'E2F3', 'KRAS', 'SKP2', 'WDR48', 'ACTR3', 'TMED2', 'ATXN7L3', 'FBXW11', 'SOX17', 'SUPT7L', 'TRAF2', 'VEZF1', 'WT1', 'CCND1', 'RAF1', 'MYBL2', 'SAMD4B', 'ZFP36L1', 'ARID2', 'SCD', 'APC', 'RICTOR', 'ZNF780B']","[['IMP'], ['IDA', 'ISS', 'IBA', 'IEA'], ['IDA', 'IBA'], ['IEA'], ['NAS'], ['IEA'], ['IMP', 'ISS', 'IEA'], ['IDA'], ['IDA', 'IBA', 'IEA'], ['IMP'], ['IDA', 'IEA'], ['IDA'], ['ISS', 'IEA'], ['IMP', 'NAS'], ['IDA', 'NAS'], ['IMP', 'TAS'], ['IBA', 'IEA'], ['IDA', 'IMP', 'ISS', 'IEA'], ['ISO', 'IEA'], ['IDA'], ['IDA', 'IMP'], ['ISS', 'IEA'], ['IEA'], ['IDA'], ['IDA', 'IMP'], ['NAS'], ['IDA'], ['IEA'], ['IEA'], ['IDA'], ['IDA', 'IMP'], ['TAS'], ['IDA', 'IMP', 'ISS', 'IEA'], ['IDA', 'IBA', 'IEA'], ['IDA', 'IEA'], ['IMP', 'IEA'], ['IDA', 'IEA'], ['IDA'], ['IDA'], ['IEA'], ['IDA', 'IBA', 'NAS', 'IEA'], ['IMP', 'ISS', 'IEA'], ['IDA', 'ISS', 'IBA', 'IEA'], ['NAS'], ['IDA', 'IMP', 'IEA'], ['IDA'], ['IDA', 'IMP', 'IGI'], ['IDA'], ['IDA', 'IEA'], ['IDA', 'IBA'], ['IBA'], ['IDA', 'IMP', 'ISS', 'IEA'], ['IMP', 'NAS'], ['ISS'], ['IGI', 'ISS', 'IC'], ['IEA'], ['IEA']]"
GO:BP,GO:0051301,cell division,3.725166883376258e-05,True,"""The process resulting in division and partitioning of components of a cell to form more cells; may or may not be accompanied by the physical separation of a cell into distinct, individually membrane-bounded daughter cells."" [GOC:di, GOC:go_curators, GOC:pr]",658,157,21,21026,0.1337579617834395,0.031914893617021274,query_1,['GO:0009987'],"['SMC4', 'AHCTF1', 'ECT2', 'PIK3CB', 'WWTR1', 'ZC3HC1', 'EXOC4', 'WNK1', 'UVRAG', 'CCNE1', 'FZR1', 'CIT', 'PARD6B', 'PDS5B', 'VPS4B', 'ACTR3', 'MAEA', 'SOX17', 'CCND1', 'CDK4', 'APC']","[['IEA'], ['IMP', 'IEA'], ['IDA', 'IMP', 'IBA', 'IEA'], ['IEA'], ['IDA'], ['IEA'], ['NAS'], ['IDA'], ['IMP'], ['IEA'], ['IEA'], ['IMP', 'IEA'], ['IEA'], ['IEA'], ['IMP', 'NAS', 'IEA'], ['IEA'], ['IEA'], ['IEA'], ['IEA'], ['IEA'], ['IMP']]"
GO:BP,GO:0048522,positive regulation of cellular process,3.807285594265017e-05,True,"""Any process that activates or increases the frequency, rate or extent of a cellular process, any of those that are carried out at the cellular level, but are not necessarily restricted to a single cell. For example, cell communication occurs among more than one cell, but occurs at the cellular level."" [GOC:jid]",5920,157,77,21026,0.49044585987261147,0.013006756756756757,query_1,"['GO:0009987', 'GO:0048518', 'GO:0050794']","['SMC4', 'DNM1L', 'EIF4G1', 'NCOA2', 'IGF2BP2', 'SUB1', 'CLNS1A', 'IL1RAP', 'DHX36', 'ECT2', 'TRA2B', 'AKT2', 'MECOM', 'EZH2', 'FH', 'NCBP2', 'RFX5', 'PIK3CB', 'WWTR1', 'LSM14A', 'AGO2', 'AAMDC', 'HLTF', 'PDCD5', 'MMP7', 'ASPH', 'OPA1', 'GOLT1B', 'RAP2B', 'RSF1', 'PIK3CA', 'PLSCR1', 'MED29', 'RBM38', 'CHD7', 'BICD1', 'GOLPH3', 'SMYD3', 'ST6GAL1', 'WNK1', 'SUPT5H', 'UVRAG', 'CCNE1', 'TNFSF10', 'GAB2', 'PAX8', 'MIOS', 'FZR1', 'E2F3', 'KRAS', 'PDCD2', 'CIT', 'SKP2', 'WDR48', 'VPS4B', 'ACTR3', 'TMED2', 'ATXN7L3', 'FBXW11', 'SOX17', 'SUPT7L', 'TRAF2', 'VEZF1', 'WT1', 'CCND1', 'RAF1', 'MYBL2', 'SAMD4B', 'ZFP36L1', 'ARID2', 'XRCC2', 'CDK4', 'SCD', 'ARPC2', 'APC', 'RICTOR', 'ZNF780B']","[['IDA', 'ISS', 'ISO', 'IEA'], ['IDA', 'IMP', 'TAS'], ['IPI', 'IMP', 'IGI', 'IEA'], ['IDA', 'ISS', 'IBA', 'IEA'], ['IDA', 'IBA'], ['IEA'], ['NAS'], ['ISS', 'IEA'], ['IMP', 'ISS', 'IEA'], ['IDA', 'IMP', 'HMP', 'ISS', 'IEA'], ['IDA', 'IBA', 'IEA'], ['IDA', 'IMP', 'ISS', 'IEA'], ['IDA', 'IEA'], ['IDA', 'IMP', 'IEA'], ['ISS', 'IEA'], ['IMP', 'ISS', 'NAS'], ['IDA', 'NAS'], ['IMP', 'IGI', 'TAS', 'IEA'], ['IDA', 'IGI', 'ISS', 'IBA', 'IEA'], ['IEA'], ['IDA', 'IMP', 'ISS', 'IEA'], ['IBA'], ['ISO', 'IEA'], ['IDA', 'IMP'], ['IDA'], ['IDA', 'IMP', 'TAS'], ['ISS', 'IEA'], ['HMP'], ['IEA'], ['IDA'], ['IDA', 'IGI', 'ISS', 'TAS', 'NAS', 'IEA'], ['IDA', 'IMP'], ['NAS'], ['IDA'], ['IEA'], ['IMP', 'IGI', 'IBA'], ['IMP'], ['IEA'], ['IEA'], ['IDA', 'IMP'], ['IDA', 'IMP'], ['TAS'], ['IMP', 'IBA'], ['IDA', 'IEP', 'IBA', 'IEA'], ['IDA', 'ISS'], ['IDA', 'IMP', 'ISS', 'IEA'], ['IDA', 'IBA', 'NAS', 'IEA'], ['IDA', 'IBA', 'IEA'], ['IDA', 'IMP', 'IEA'], ['IMP', 'IEA'], ['IDA', 'IMP'], ['IMP'], ['IDA', 'IEA'], ['IDA', 'IEA'], ['IMP'], ['IDA'], ['IEA'], ['IDA', 'IBA', 'NAS', 'IEA'], ['IDA', 'IMP', 'ISS', 'IEA'], ['IDA', 'ISS', 'IBA', 'IEA'], ['NAS'], ['IDA', 'IMP', 'IBA', 'IEA'], ['IDA', 'IMP'], ['IDA', 'IMP', 'IGI'], ['IDA', 'IBA', 'IEA'], ['IDA', 'IEA'], ['IDA', 'IBA', 'IEA'], ['IBA'], ['IDA', 'IMP', 'ISS', 'IEA'], ['IMP', 'NAS'], ['IEA'], ['IDA', 'IMP'], ['ISS'], ['IMP', 'IEA'], ['IMP', 'IGI', 'ISS', 'IC'], ['IMP', 'IBA', 'NAS', 'IEA'], ['IEA']]"
KEGG,KEGG:05222,Small cell lung cancer,3.836470741783907e-05,True,Small cell lung cancer,92,89,9,8484,0.10112359550561797,0.09782608695652174,query_1,['KEGG:00000'],"['AKT2', 'PIK3CB', 'PIK3CA', 'CCNE1', 'E2F3', 'SKP2', 'TRAF2', 'CCND1', 'CDK4']","[['KEGG'], ['KEGG'], ['KEGG'], ['KEGG'], ['KEGG'], ['KEGG'], ['KEGG'], ['KEGG'], ['KEGG']]"
KEGG,KEGG:05218,Melanoma,6.508453937971455e-05,True,Melanoma,72,89,8,8484,0.0898876404494382,0.1111111111111111,query_1,['KEGG:00000'],"['AKT2', 'PIK3CB', 'PIK3CA', 'E2F3', 'KRAS', 'CCND1', 'RAF1', 'CDK4']","[['KEGG'], ['KEGG'], ['KEGG'], ['KEGG'], ['KEGG'], ['KEGG'], ['KEGG'], ['KEGG']]"
KEGG,KEGG:05223,Non-small cell lung cancer,6.508453937971455e-05,True,Non-small cell lung cancer,72,89,8,8484,0.0898876404494382,0.1111111111111111,query_1,['KEGG:00000'],"['AKT2', 'PIK3CB', 'PIK3CA', 'E2F3', 'KRAS', 'CCND1', 'RAF1', 'CDK4']","[['KEGG'], ['KEGG'], ['KEGG'], ['KEGG'], ['KEGG'], ['KEGG'], ['KEGG'], ['KEGG']]"
GO:BP,GO:0048518,positive regulation of biological process,8.856744986358831e-05,True,"""Any process that activates or increases the frequency, rate or extent of a biological process. Biological processes are regulated by many means; examples include the control of gene expression, protein modification or interaction with a protein or substrate molecule."" [GOC:jid]",6264,157,79,21026,0.5031847133757962,0.012611749680715198,query_1,"['GO:0008150', 'GO:0050789']","['SMC4', 'DNM1L', 'EIF4G1', 'PAK4', 'NCOA2', 'ARFGEF1', 'IGF2BP2', 'SUB1', 'CLNS1A', 'IL1RAP', 'DHX36', 'ECT2', 'TRA2B', 'AKT2', 'MECOM', 'EZH2', 'FH', 'NCBP2', 'RFX5', 'PIK3CB', 'WWTR1', 'LSM14A', 'AGO2', 'AAMDC', 'HLTF', 'PDCD5', 'MMP7', 'ASPH', 'OPA1', 'GOLT1B', 'RAP2B', 'RSF1', 'PIK3CA', 'PLSCR1', 'MED29', 'RBM38', 'CHD7', 'BICD1', 'GOLPH3', 'SMYD3', 'ST6GAL1', 'WNK1', 'SUPT5H', 'UVRAG', 'CCNE1', 'TNFSF10', 'GAB2', 'PAX8', 'MIOS', 'FZR1', 'E2F3', 'KRAS', 'PDCD2', 'CIT', 'SKP2', 'WDR48', 'VPS4B', 'ACTR3', 'TMED2', 'ATXN7L3', 'FBXW11', 'SOX17', 'SUPT7L', 'TRAF2', 'VEZF1', 'WT1', 'CCND1', 'RAF1', 'MYBL2', 'SAMD4B', 'ZFP36L1', 'ARID2', 'XRCC2', 'CDK4', 'SCD', 'ARPC2', 'APC', 'RICTOR', 'ZNF780B']","[['IDA', 'ISS', 'ISO', 'IEA'], ['IDA', 'IMP', 'TAS'], ['IPI', 'IMP', 'IGI', 'IEA'], ['IMP'], ['IDA', 'ISS', 'IBA', 'NAS', 'IEA'], ['IMP'], ['IDA', 'IBA'], ['IEA'], ['NAS'], ['ISS', 'IEA'], ['IMP', 'ISS', 'IEA'], ['IDA', 'IMP', 'HMP', 'ISS', 'IEA'], ['IDA', 'IBA', 'IEA'], ['IDA', 'IMP', 'ISS', 'IEA'], ['IDA', 'IEA'], ['IDA', 'IMP', 'IEA'], ['ISS', 'IEA'], ['IMP', 'ISS', 'NAS'], ['IDA', 'NAS'], ['IMP', 'IGI', 'TAS', 'IEA'], ['IDA', 'IGI', 'ISS', 'IBA', 'IEA'], ['IEA'], ['IDA', 'IMP', 'ISS', 'IEA'], ['IBA'], ['ISO', 'IEA'], ['IDA', 'IMP'], ['IDA'], ['IDA', 'IMP', 'TAS'], ['ISS', 'IEA'], ['HMP'], ['IEA'], ['IDA'], ['IDA', 'IGI', 'ISS', 'TAS', 'NAS', 'IEA'], ['IDA', 'IMP', 'ISS'], ['NAS'], ['IDA'], ['IEA'], ['IMP', 'IGI', 'IBA'], ['IMP'], ['IEA'], ['IEA'], ['IDA', 'IMP', 'ISS', 'IEA'], ['IDA', 'IMP'], ['TAS'], ['IMP', 'IBA'], ['IDA', 'IEP', 'IBA', 'IEA'], ['IDA', 'ISS'], ['IDA', 'IMP', 'ISS', 'IEA'], ['IDA', 'IBA', 'NAS', 'IEA'], ['IDA', 'IBA', 'IEA'], ['IDA', 'IMP', 'IEA'], ['IMP', 'IEA'], ['IDA', 'IMP'], ['IMP'], ['IDA', 'IEA'], ['IDA', 'IEA'], ['IMP'], ['IDA'], ['IEA'], ['IDA', 'IBA', 'NAS', 'IEA'], ['IDA', 'IMP', 'ISS', 'IEA'], ['IDA', 'ISS', 'IBA', 'IEA'], ['NAS'], ['IDA', 'IMP', 'IBA', 'IEA'], ['IDA', 'IMP'], ['IDA', 'IMP', 'IGI', 'ISS'], ['IDA', 'IBA', 'IEA'], ['IDA', 'IEA'], ['IDA', 'IBA', 'IEA'], ['IBA'], ['IDA', 'IMP', 'ISS', 'IEA'], ['IMP', 'NAS'], ['IEA'], ['IDA', 'IMP'], ['ISS'], ['IMP', 'IEA'], ['IMP', 'IGI', 'ISS', 'IC'], ['IMP', 'IBA', 'NAS', 'IEA'], ['IEA']]"
KEGG,KEGG:05214,Glioma,8.942359263627451e-05,True,Glioma,75,89,8,8484,0.0898876404494382,0.10666666666666667,query_1,['KEGG:00000'],"['AKT2', 'PIK3CB', 'PIK3CA', 'E2F3', 'KRAS', 'CCND1', 'RAF1', 'CDK4']","[['KEGG'], ['KEGG'], ['KEGG'], ['KEGG'], ['KEGG'], ['KEGG'], ['KEGG'], ['KEGG']]"
KEGG,KEGG:05212,Pancreatic cancer,9.909545612933192e-05,True,Pancreatic cancer,76,89,8,8484,0.0898876404494382,0.10526315789473684,query_1,['KEGG:00000'],"['AKT2', 'PIK3CB', 'PIK3CA', 'E2F3', 'KRAS', 'CCND1', 'RAF1', 'CDK4']","[['KEGG'], ['KEGG'], ['KEGG'], ['KEGG'], ['KEGG'], ['KEGG'], ['KEGG'], ['KEGG']]"
KEGG,KEGG:05225,Hepatocellular carcinoma,9.950450632660829e-05,True,Hepatocellular carcinoma,166,89,11,8484,0.12359550561797752,0.06626506024096386,query_1,['KEGG:00000'],"['AKT2', 'PIK3CB', 'PIK3CA', 'E2F3', 'KRAS', 'TXNRD1', 'CCND1', 'RAF1', 'ARID2', 'CDK4', 'APC']","[['KEGG'], ['KEGG'], ['KEGG'], ['KEGG'], ['KEGG'], ['KEGG'], ['KEGG'], ['KEGG'], ['KEGG'], ['KEGG'], ['KEGG']]"
KEGG,KEGG:05213,Endometrial cancer,0.0001891980880418678,True,Endometrial cancer,58,89,7,8484,0.07865168539325842,0.1206896551724138,query_1,['KEGG:00000'],"['AKT2', 'PIK3CB', 'PIK3CA', 'KRAS', 'CCND1', 'RAF1', 'APC']","[['KEGG'], ['KEGG'], ['KEGG'], ['KEGG'], ['KEGG'], ['KEGG'], ['KEGG']]"
GO:BP,GO:0022402,cell cycle process,0.00045251144240201894,True,"""The cellular process that ensures successive accurate and complete genome replication and chromosome segregation."" [GOC:isa_complete, GOC:mtg_cell_cycle]",1280,157,28,21026,0.17834394904458598,0.021875,query_1,"['GO:0007049', 'GO:0009987']","['SMC4', 'EIF4G1', 'AHCTF1', 'ECT2', 'EZH2', 'LSM14A', 'PLSCR1', 'CCNL1', 'EXOC4', 'WNK1', 'UVRAG', 'CCNE1', 'FZR1', 'E2F3', 'CIT', 'PARD6B', 'SKP2', 'PDS5B', 'VPS4B', 'ACTR3', 'FBXW11', 'CCND1', 'MYBL2', 'ZFP36L1', 'ARID2', 'XRCC2', 'CDK4', 'APC']","[['IDA', 'ISO', 'TAS', 'IEA'], ['IMP'], ['IMP'], ['IDA', 'IMP', 'IBA', 'IEA'], ['IMP', 'IEA'], ['IMP'], ['IDA'], ['NAS'], ['NAS'], ['IDA'], ['IMP', 'IEA'], ['IMP', 'IBA', 'NAS', 'IEA'], ['IDA', 'IEA'], ['IDA'], ['IMP', 'IEA'], ['IBA'], ['IBA', 'TAS', 'IEA'], ['IMP', 'IEA'], ['IMP', 'NAS'], ['IEA'], ['IBA'], ['IDA', 'IBA', 'TAS', 'NAS', 'IEA'], ['IEA'], ['ISS', 'IEA'], ['NAS'], ['IMP'], ['IDA', 'IMP', 'IBA', 'NAS'], ['IDA', 'IMP', 'NAS']]"
KEGG,KEGG:01522,Endocrine resistance,0.0005432731278833108,True,Endocrine resistance,95,89,8,8484,0.0898876404494382,0.08421052631578947,query_1,['KEGG:00000'],"['AKT2', 'PIK3CB', 'PIK3CA', 'E2F3', 'KRAS', 'CCND1', 'RAF1', 'CDK4']","[['KEGG'], ['KEGG'], ['KEGG'], ['KEGG'], ['KEGG'], ['KEGG'], ['KEGG'], ['KEGG']]"
KEGG,KEGG:05211,Renal cell carcinoma,0.0005604101666045649,True,Renal cell carcinoma,68,89,7,8484,0.07865168539325842,0.10294117647058823,query_1,['KEGG:00000'],"['PAK4', 'AKT2', 'FH', 'PIK3CB', 'PIK3CA', 'KRAS', 'RAF1']","[['KEGG'], ['KEGG'], ['KEGG'], ['KEGG'], ['KEGG'], ['KEGG'], ['KEGG']]"
KEGG,KEGG:05215,Prostate cancer,0.0006350163723638765,True,Prostate cancer,97,89,8,8484,0.0898876404494382,0.08247422680412371,query_1,['KEGG:00000'],"['AKT2', 'PIK3CB', 'PIK3CA', 'CCNE1', 'E2F3', 'KRAS', 'CCND1', 'RAF1']","[['KEGG'], ['KEGG'], ['KEGG'], ['KEGG'], ['KEGG'], ['KEGG'], ['KEGG'], ['KEGG']]"
REAC,REAC:R-HSA-9687139,Aberrant regulation of mitotic cell cycle due to RB1 defects,0.0008714911063048542,True,Aberrant regulation of mitotic cell cycle due to RB1 defects,36,118,6,11004,0.05084745762711865,0.16666666666666666,query_1,['REAC:R-HSA-9675126'],"['CCNE1', 'FZR1', 'E2F3', 'SKP2', 'CCND1', 'CDK4']","[['REAC'], ['REAC'], ['REAC'], ['REAC'], ['REAC'], ['REAC']]"
GO:BP,GO:0007049,cell cycle,0.0009818821200479155,True,"""The progression of biochemical and morphological phases and events that occur in a cell during successive cell replication or nuclear replication events. Canonically, the cell cycle comprises the replication and segregation of genetic material followed by the division of the cell, but in endocycles or syncytial cells nuclear replication or nuclear division may not be followed by cell division."" [GOC:go_curators, GOC:mtg_cell_cycle]",1663,157,32,21026,0.20382165605095542,0.019242333132892364,query_1,['GO:0009987'],"['SMC4', 'EIF4G1', 'AHCTF1', 'ECT2', 'AKT2', 'MECOM', 'EZH2', 'LSM14A', 'PLSCR1', 'RBM38', 'CCNL1', 'EXOC4', 'WNK1', 'UVRAG', 'CCNE1', 'FZR1', 'E2F3', 'CIT', 'PARD6B', 'SKP2', 'PDS5B', 'VPS4B', 'ACTR3', 'FBXW11', 'MAEA', 'CCND1', 'MYBL2', 'ZFP36L1', 'ARID2', 'XRCC2', 'CDK4', 'APC']","[['IDA', 'ISO', 'TAS', 'IEA'], ['IMP'], ['IMP'], ['IDA', 'IMP', 'IBA', 'IEA'], ['TAS'], ['IDA'], ['IMP', 'IEA'], ['IMP'], ['IDA'], ['IDA'], ['NAS'], ['NAS'], ['IDA'], ['IMP', 'IEA'], ['IMP', 'IBA', 'NAS', 'IEA'], ['IDA', 'NAS', 'IEA'], ['IDA'], ['IMP', 'ISS', 'IEA'], ['IBA'], ['IBA', 'TAS', 'IEA'], ['IMP', 'IEA'], ['IMP', 'NAS'], ['IEA'], ['IBA'], ['NAS'], ['IDA', 'IBA', 'TAS', 'NAS', 'IEA'], ['IBA', 'IEA'], ['ISS', 'IEA'], ['NAS'], ['IMP', 'TAS'], ['IDA', 'IMP', 'IBA', 'NAS', 'IEA'], ['IDA', 'IMP', 'NAS']]"
REAC,REAC:R-HSA-9675126,Diseases of mitotic cell cycle,0.0012137998261098984,True,Diseases of mitotic cell cycle,38,118,6,11004,0.05084745762711865,0.15789473684210525,query_1,['REAC:R-HSA-1643685'],"['CCNE1', 'FZR1', 'E2F3', 'SKP2', 'CCND1', 'CDK4']","[['REAC'], ['REAC'], ['REAC'], ['REAC'], ['REAC'], ['REAC']]"
GO:BP,GO:0010557,positive regulation of macromolecule biosynthetic process,0.0012421993865368408,True,"""Any process that increases the rate, frequency or extent of the chemical reactions and pathways resulting in the formation of a macromolecule, any molecule of high relative molecular mass, the structure of which essentially comprises the multiple repetition of units derived, actually or conceptually, from molecules of low relative molecular mass."" [GOC:dph, GOC:tb]",2593,157,42,21026,0.267515923566879,0.01619745468569225,query_1,"['GO:0009059', 'GO:0009891', 'GO:0010556', 'GO:0010604']","['EIF4G1', 'NCOA2', 'IGF2BP2', 'SUB1', 'CLNS1A', 'IL1RAP', 'DHX36', 'TRA2B', 'AKT2', 'MECOM', 'NCBP2', 'RFX5', 'PIK3CB', 'WWTR1', 'AGO2', 'HLTF', 'PDCD5', 'ASPH', 'OPA1', 'RSF1', 'PLSCR1', 'MED29', 'RBM38', 'CHD7', 'SMYD3', 'WNK1', 'SUPT5H', 'PAX8', 'E2F3', 'KRAS', 'ACTR3', 'TMED2', 'ATXN7L3', 'FBXW11', 'SOX17', 'SUPT7L', 'TRAF2', 'VEZF1', 'WT1', 'RAF1', 'MYBL2', 'ZNF780B']","[['IMP'], ['IDA', 'ISS', 'IBA', 'IEA'], ['IDA', 'IBA'], ['IEA'], ['NAS'], ['IEA'], ['IMP', 'ISS', 'IEA'], ['IDA', 'IBA', 'IEA'], ['IMP'], ['IDA', 'IEA'], ['NAS'], ['IDA', 'NAS'], ['IMP'], ['IBA', 'IEA'], ['IDA', 'IMP', 'IEA'], ['ISO', 'IEA'], ['IDA'], ['IMP'], ['ISS', 'IEA'], ['IDA'], ['IDA', 'IMP'], ['NAS'], ['IDA'], ['IEA'], ['IEA'], ['IDA'], ['IDA'], ['IDA', 'ISS', 'IEA'], ['IDA', 'IEA'], ['IMP', 'IEA'], ['IDA'], ['IEA'], ['IDA', 'IBA', 'NAS', 'IEA'], ['ISS', 'IEA'], ['IDA', 'ISS', 'IBA', 'IEA'], ['NAS'], ['IMP', 'IEA'], ['IDA'], ['IDA', 'IMP', 'IGI'], ['IEA'], ['IDA', 'IBA'], ['IEA']]"
GO:BP,GO:0045935,positive regulation of nucleobase-containing compound metabolic process,0.0012728232166608303,True,"""Any cellular process that activates or increases the frequency, rate or extent of the chemical reactions and pathways involving nucleobases, nucleosides, nucleotides and nucleic acids."" [GOC:go_curators]",2036,157,36,21026,0.22929936305732485,0.01768172888015717,query_1,"['GO:0006139', 'GO:0009893', 'GO:0019219']","['NCOA2', 'SUB1', 'CLNS1A', 'DHX36', 'TRA2B', 'MECOM', 'NCBP2', 'RFX5', 'WWTR1', 'AGO2', 'HLTF', 'ASPH', 'RSF1', 'PLSCR1', 'MED29', 'CHD7', 'SMYD3', 'WNK1', 'SUPT5H', 'PAX8', 'E2F3', 'SKP2', 'WDR48', 'ACTR3', 'ATXN7L3', 'FBXW11', 'SOX17', 'SUPT7L', 'VEZF1', 'WT1', 'RAF1', 'MYBL2', 'SAMD4B', 'ZFP36L1', 'ARID2', 'ZNF780B']","[['IDA', 'ISS', 'IBA', 'IEA'], ['IEA'], ['NAS'], ['IMP', 'ISS', 'IEA'], ['IDA', 'IBA', 'IEA'], ['IDA', 'IEA'], ['IMP', 'NAS'], ['IDA'], ['IBA', 'IEA'], ['IDA', 'IMP', 'ISS', 'IEA'], ['ISO', 'IEA'], ['IMP'], ['IDA'], ['IDA'], ['NAS'], ['IEA'], ['IEA'], ['IDA'], ['IDA'], ['IDA', 'ISS', 'IEA'], ['IDA', 'IEA'], ['IDA', 'IEA'], ['IDA'], ['IDA'], ['IDA', 'IBA', 'NAS', 'IEA'], ['ISS', 'IEA'], ['IDA', 'ISS', 'IBA', 'IEA'], ['NAS'], ['IDA'], ['IDA', 'IMP', 'IGI'], ['IEA'], ['IDA', 'IBA'], ['IBA'], ['IDA', 'IMP', 'ISS', 'IEA'], ['IMP', 'NAS'], ['IEA']]"
GO:BP,GO:1903047,mitotic cell cycle process,0.0013099800822232055,True,"""A process that is part of the mitotic cell cycle."" [GO_REF:0000060, GOC:mtg_cell_cycle, GOC:TermGenie]",745,157,20,21026,0.12738853503184713,0.026845637583892617,query_1,"['GO:0000278', 'GO:0022402']","['SMC4', 'EIF4G1', 'ECT2', 'EZH2', 'LSM14A', 'EXOC4', 'WNK1', 'CCNE1', 'FZR1', 'E2F3', 'CIT', 'SKP2', 'VPS4B', 'FBXW11', 'CCND1', 'MYBL2', 'ZFP36L1', 'ARID2', 'CDK4', 'APC']","[['IDA', 'TAS'], ['IMP'], ['IMP', 'IBA'], ['IEA'], ['IMP'], ['NAS'], ['IDA'], ['IMP', 'IBA', 'NAS'], ['IDA'], ['IDA'], ['IMP', 'IEA'], ['IBA', 'TAS', 'IEA'], ['IMP', 'NAS'], ['IBA'], ['IDA', 'IBA', 'TAS', 'NAS', 'IEA'], ['IEA'], ['ISS', 'IEA'], ['NAS'], ['IDA', 'IMP', 'IBA', 'NAS'], ['IMP']]"
REAC,REAC:R-HSA-69656,Cyclin A:Cdk2-associated events at S phase entry,0.0013235576914850833,True,Cyclin A:Cdk2-associated events at S phase entry,84,118,8,11004,0.06779661016949153,0.09523809523809523,query_1,['REAC:R-HSA-69242'],"['PSMD8', 'AKT2', 'CCNE1', 'LIN54', 'FZR1', 'SKP2', 'CCND1', 'CDK4']","[['REAC'], ['REAC'], ['REAC'], ['REAC'], ['REAC'], ['REAC'], ['REAC'], ['REAC']]"
GO:BP,GO:0000278,mitotic cell cycle,0.0014499554618329323,True,"""Progression through the phases of the mitotic cell cycle, the most common eukaryotic cell cycle, which canonically comprises four successive phases called G1, S, G2, and M and includes replication of the genome and the subsequent segregation of chromosomes into daughter cells. In some variant cell cycles nuclear replication or nuclear division may not be followed by cell division, or G1 and G2 phases may be absent."" [GOC:mah, ISBN:0815316194]",892,157,22,21026,0.14012738853503184,0.02466367713004484,query_1,['GO:0007049'],"['SMC4', 'EIF4G1', 'ECT2', 'EZH2', 'LSM14A', 'EXOC4', 'WNK1', 'CCNE1', 'FZR1', 'E2F3', 'CIT', 'SKP2', 'VPS4B', 'FBXW11', 'MAEA', 'CCND1', 'MYBL2', 'ZFP36L1', 'ARID2', 'XRCC2', 'CDK4', 'APC']","[['IDA', 'TAS'], ['IMP'], ['IMP', 'IBA'], ['IEA'], ['IMP'], ['NAS'], ['IDA'], ['IMP', 'IBA', 'NAS'], ['IDA', 'NAS'], ['IDA'], ['IMP', 'ISS', 'IEA'], ['IBA', 'TAS', 'IEA'], ['IMP', 'NAS'], ['IBA'], ['NAS'], ['IDA', 'IBA', 'TAS', 'NAS', 'IEA'], ['IBA', 'IEA'], ['ISS', 'IEA'], ['NAS'], ['IMP'], ['IDA', 'IMP', 'IBA', 'NAS'], ['IMP']]"
KEGG,KEGG:05224,Breast cancer,0.001899276575706801,True,Breast cancer,147,89,9,8484,0.10112359550561797,0.061224489795918366,query_1,['KEGG:00000'],"['AKT2', 'PIK3CB', 'PIK3CA', 'E2F3', 'KRAS', 'CCND1', 'RAF1', 'CDK4', 'APC']","[['KEGG'], ['KEGG'], ['KEGG'], ['KEGG'], ['KEGG'], ['KEGG'], ['KEGG'], ['KEGG'], ['KEGG']]"
KEGG,KEGG:05226,Gastric cancer,0.0020050470199597416,True,Gastric cancer,148,89,9,8484,0.10112359550561797,0.060810810810810814,query_1,['KEGG:00000'],"['AKT2', 'PIK3CB', 'PIK3CA', 'CCNE1', 'E2F3', 'KRAS', 'CCND1', 'RAF1', 'APC']","[['KEGG'], ['KEGG'], ['KEGG'], ['KEGG'], ['KEGG'], ['KEGG'], ['KEGG'], ['KEGG'], ['KEGG']]"
KEGG,KEGG:05210,Colorectal cancer,0.0026665738115071724,True,Colorectal cancer,86,89,7,8484,0.07865168539325842,0.08139534883720931,query_1,['KEGG:00000'],"['AKT2', 'PIK3CB', 'PIK3CA', 'KRAS', 'CCND1', 'RAF1', 'APC']","[['KEGG'], ['KEGG'], ['KEGG'], ['KEGG'], ['KEGG'], ['KEGG'], ['KEGG']]"
GO:BP,GO:0051254,positive regulation of RNA metabolic process,0.0028507721582854456,True,"""Any process that activates or increases the frequency, rate or extent of the chemical reactions and pathways involving RNA."" [GOC:ai]",1835,157,33,21026,0.21019108280254778,0.017983651226158037,query_1,"['GO:0010604', 'GO:0016070', 'GO:0045935', 'GO:0051252']","['NCOA2', 'SUB1', 'CLNS1A', 'DHX36', 'TRA2B', 'MECOM', 'NCBP2', 'RFX5', 'WWTR1', 'AGO2', 'HLTF', 'ASPH', 'RSF1', 'PLSCR1', 'MED29', 'CHD7', 'SMYD3', 'WNK1', 'SUPT5H', 'PAX8', 'E2F3', 'ACTR3', 'ATXN7L3', 'FBXW11', 'SOX17', 'SUPT7L', 'VEZF1', 'WT1', 'RAF1', 'MYBL2', 'SAMD4B', 'ZFP36L1', 'ZNF780B']","[['IDA', 'ISS', 'IBA', 'IEA'], ['IEA'], ['NAS'], ['IMP', 'ISS', 'IEA'], ['IDA', 'IBA', 'IEA'], ['IDA', 'IEA'], ['IMP', 'NAS'], ['IDA'], ['IBA', 'IEA'], ['IDA', 'IMP', 'ISS', 'IEA'], ['ISO', 'IEA'], ['IMP'], ['IDA'], ['IDA'], ['NAS'], ['IEA'], ['IEA'], ['IDA'], ['IDA'], ['IDA', 'ISS', 'IEA'], ['IDA', 'IEA'], ['IDA'], ['IDA', 'IBA', 'NAS', 'IEA'], ['ISS', 'IEA'], ['IDA', 'ISS', 'IBA', 'IEA'], ['NAS'], ['IDA'], ['IDA', 'IMP', 'IGI'], ['IEA'], ['IDA', 'IBA'], ['IBA'], ['IDA', 'IMP', 'ISS', 'IEA'], ['IEA']]"
KEGG,KEGG:05160,Hepatitis C,0.0033691658546390144,True,Hepatitis C,158,89,9,8484,0.10112359550561797,0.056962025316455694,query_1,['KEGG:00000'],"['AKT2', 'PIK3CB', 'PIK3CA', 'E2F3', 'KRAS', 'TRAF2', 'CCND1', 'RAF1', 'CDK4']","[['KEGG'], ['KEGG'], ['KEGG'], ['KEGG'], ['KEGG'], ['KEGG'], ['KEGG'], ['KEGG'], ['KEGG']]"
KEGG,KEGG:05169,Epstein-Barr virus infection,0.003447056809940219,True,Epstein-Barr virus infection,198,89,10,8484,0.11235955056179775,0.050505050505050504,query_1,['KEGG:00000'],"['PSMD8', 'AKT2', 'PIK3CB', 'PIK3CA', 'CCNE1', 'E2F3', 'SKP2', 'TRAF2', 'CCND1', 'CDK4']","[['KEGG'], ['KEGG'], ['KEGG'], ['KEGG'], ['KEGG'], ['KEGG'], ['KEGG'], ['KEGG'], ['KEGG'], ['KEGG']]"
GO:BP,GO:0009891,positive regulation of biosynthetic process,0.003475244549676925,True,"""Any process that activates or increases the frequency, rate or extent of the chemical reactions and pathways resulting in the formation of substances."" [GOC:go_curators]",2696,157,42,21026,0.267515923566879,0.015578635014836795,query_1,"['GO:0009058', 'GO:0009889', 'GO:0009893']","['EIF4G1', 'NCOA2', 'IGF2BP2', 'SUB1', 'CLNS1A', 'IL1RAP', 'DHX36', 'TRA2B', 'AKT2', 'MECOM', 'NCBP2', 'RFX5', 'PIK3CB', 'WWTR1', 'AGO2', 'HLTF', 'PDCD5', 'ASPH', 'OPA1', 'RSF1', 'PLSCR1', 'MED29', 'RBM38', 'CHD7', 'SMYD3', 'WNK1', 'SUPT5H', 'PAX8', 'E2F3', 'KRAS', 'ACTR3', 'TMED2', 'ATXN7L3', 'FBXW11', 'SOX17', 'SUPT7L', 'TRAF2', 'VEZF1', 'WT1', 'RAF1', 'MYBL2', 'ZNF780B']","[['IMP'], ['IDA', 'ISS', 'IBA', 'IEA'], ['IDA', 'IBA'], ['IEA'], ['NAS'], ['IEA'], ['IMP', 'ISS', 'IEA'], ['IDA', 'IBA', 'IEA'], ['IMP'], ['IDA', 'IEA'], ['NAS'], ['IDA', 'NAS'], ['IMP'], ['IBA', 'IEA'], ['IDA', 'IMP', 'IEA'], ['ISO', 'IEA'], ['IDA'], ['IMP'], ['ISS', 'IEA'], ['IDA'], ['IDA', 'IMP'], ['NAS'], ['IDA'], ['IEA'], ['IEA'], ['IDA'], ['IDA'], ['IDA', 'ISS', 'IEA'], ['IDA', 'IEA'], ['IMP', 'IEA'], ['IDA'], ['IEA'], ['IDA', 'IBA', 'NAS', 'IEA'], ['ISS', 'IEA'], ['IDA', 'ISS', 'IBA', 'IEA'], ['NAS'], ['IMP', 'IEA'], ['IDA'], ['IDA', 'IMP', 'IGI'], ['IEA'], ['IDA', 'IBA'], ['IEA']]"
GO:BP,GO:0051246,regulation of protein metabolic process,0.0036140369640156257,True,"""Any process that modulates the frequency, rate or extent of the chemical reactions and pathways involving a protein."" [GOC:ai]",1855,157,33,21026,0.21019108280254778,0.01778975741239892,query_1,"['GO:0019538', 'GO:0060255', 'GO:0080090']","['EIF4G1', 'IGF2BP2', 'DHX36', 'ECT2', 'AKT2', 'EZH2', 'NCBP2', 'WWTR1', 'LSM14A', 'AGO2', 'ASPH', 'RAP2B', 'PIK3CA', 'XRN1', 'SMYD3', 'WNK1', 'UVRAG', 'FZR1', 'KRAS', 'SKP2', 'WDR48', 'TMED2', 'FBXW11', 'SOX17', 'TRAF2', 'CCND1', 'RAF1', 'SAMD4B', 'ZFP36L1', 'PFDN1', 'METAP1', 'APC', 'RICTOR']","[['IDA', 'IMP', 'TAS', 'NAS', 'IEA'], ['ISS', 'IEA'], ['IDA', 'IMP', 'IEA'], ['IDA'], ['IMP', 'IEA'], ['IDA', 'IEA'], ['IDA', 'IEA'], ['IMP'], ['IMP', 'IEA'], ['IDA', 'IMP', 'ISS', 'IEA'], ['IDA'], ['ISS', 'IEA'], ['IEA'], ['IEA'], ['IEA'], ['IDA'], ['IDA'], ['IDA', 'IBA', 'IEA'], ['IMP'], ['IEA'], ['IEA'], ['IEA'], ['IMP'], ['IEA'], ['IDA', 'IEA'], ['IDA'], ['IDA', 'IEA'], ['IEA'], ['IEA'], ['IDA'], ['TAS'], ['IDA', 'IGI', 'IC'], ['IEA']]"
GO:BP,GO:0043067,regulation of programmed cell death,0.0036318330192369893,True,"""Any process that modulates the frequency, rate or extent of programmed cell death, cell death resulting from activation of endogenous cellular processes."" [GOC:jl]",1506,157,29,21026,0.18471337579617833,0.019256308100929615,query_1,"['GO:0012501', 'GO:0050794']","['PAK4', 'ECT2', 'MECOM', 'PIK3CB', 'ZC3HC1', 'PDCD5', 'OPA1', 'PEPD', 'PIK3CA', 'CCNL1', 'GOLPH3', 'ST6GAL1', 'ST3GAL1', 'TNFSF10', 'PAX8', 'E2F3', 'KRAS', 'PDCD2', 'SKP2', 'MAEA', 'TRAF2', 'WT1', 'CCND1', 'RAF1', 'MYBL2', 'ZFP36L1', 'XRCC2', 'APC', 'RICTOR']","[['IMP'], ['IDA'], ['IMP'], ['IMP', 'IEA'], ['IEA'], ['IMP'], ['IDA', 'IMP', 'IGI', 'IEA'], ['IDA'], ['IMP', 'NAS', 'IEA'], ['NAS'], ['IMP'], ['IEA'], ['IEA'], ['IDA', 'IBA', 'IEA'], ['ISS', 'IEA'], ['IMP'], ['IEA'], ['IDA'], ['IDA'], ['IDA'], ['IDA', 'IMP', 'IEA'], ['IGI', 'IBA'], ['IEA'], ['IDA', 'TAS', 'IEA'], ['IEA'], ['IMP'], ['IEA'], ['IMP'], ['NAS']]"
GO:BP,GO:0019538,protein metabolic process,0.004384995115603015,True,"""The chemical reactions and pathways involving a protein. Includes protein modification."" [GOC:ma]",4721,157,61,21026,0.3885350318471338,0.01292099131539928,query_1,"['GO:0043170', 'GO:0044238']","['EIF4G1', 'PAK4', 'ARFGEF1', 'IGF2BP2', 'DHX36', 'PSMD8', 'ECT2', 'AKT2', 'EZH2', 'NCBP2', 'ERC1', 'WWTR1', 'UBXN7', 'LSM14A', 'FBXL6', 'ZC3HC1', 'AGO2', 'ALG8', 'HLTF', 'PDCD5', 'MMP7', 'ASPH', 'DESI2', 'RAP2B', 'PEPD', 'PIK3CA', 'XRN1', 'GOLPH3', 'SMYD3', 'ST6GAL1', 'ST3GAL1', 'WNK1', 'UBE2H', 'UVRAG', 'GFM1', 'CCNE1', 'TIMM50', 'PDIA4', 'FZR1', 'KRAS', 'CIT', 'SKP2', 'WDR26', 'ZDHHC11', 'WDR48', 'VPS4B', 'TMED2', 'FBXW11', 'MAEA', 'SOX17', 'RPL28', 'TRAF2', 'CCND1', 'RAF1', 'SAMD4B', 'ZFP36L1', 'PFDN1', 'METAP1', 'CDK4', 'APC', 'RICTOR']","[['IDA', 'IPI', 'IMP', 'IBA', 'TAS', 'NAS', 'IEA'], ['IEA'], ['IMP'], ['ISS', 'IEA'], ['IDA', 'IMP', 'IEA'], ['IBA', 'NAS', 'IEA'], ['IDA'], ['IMP', 'TAS', 'IEA'], ['IDA', 'IEA'], ['IDA', 'NAS', 'IEA'], ['IDA'], ['IMP', 'IEA'], ['IBA'], ['IMP', 'IEA'], ['IBA', 'TAS'], ['IEA'], ['IDA', 'IMP', 'ISS', 'NAS', 'IEA'], ['IMP', 'ISS', 'IBA', 'TAS', 'IEA'], ['TAS', 'IEA'], ['IMP'], ['IDA', 'IMP', 'TAS', 'IEA'], ['IDA', 'IEA'], ['IBA', 'IEA'], ['ISS', 'IEA'], ['IDA', 'IBA', 'TAS', 'IEA'], ['IEA'], ['IEA'], ['IMP'], ['IEA'], ['IDA', 'IBA', 'TAS', 'IEA'], ['IDA', 'ISS', 'IBA', 'TAS', 'IEA'], ['IDA', 'IMP', 'ISS', 'TAS', 'IEA'], ['IDA', 'IBA', 'TAS', 'IEA'], ['IDA'], ['IDA', 'IBA', 'IEA'], ['IMP'], ['IDA'], ['ISS', 'IBA', 'IEA'], ['IDA', 'IBA', 'TAS', 'NAS', 'IEA'], ['IMP'], ['IEA'], ['IDA', 'IMP', 'IBA', 'IEA'], ['IBA'], ['ISS'], ['IEA'], ['IMP'], ['IEA'], ['IDA', 'IMP', 'ISS', 'NAS', 'IEA'], ['IBA', 'IEA'], ['IEA'], ['TAS', 'NAS', 'IC', 'IEA'], ['IDA', 'IBA', 'TAS', 'IEA'], ['IDA'], ['IDA', 'TAS', 'IEA'], ['IEA'], ['IEA'], ['IDA', 'IBA', 'NAS', 'IEA'], ['IDA', 'TAS', 'IEA'], ['IDA', 'IEA'], ['IDA', 'IGI', 'NAS', 'IC'], ['IGI', 'IEA']]"
GO:BP,GO:0006403,RNA localization,0.004649379626022754,True,"""A process in which RNA is transported to, or maintained in, a specific location."" [GOC:ai]",200,157,10,21026,0.06369426751592357,0.05,query_1,['GO:0033036'],"['IGF2BP2', 'AHCTF1', 'DHX36', 'NCBP2', 'BICD1', 'WNK1', 'DDX39B', 'YTHDC1', 'ZFP36L1', 'TOMM20']","[['IEA'], ['IEA'], ['ISS', 'IEA'], ['IPI', 'ISS', 'NAS', 'IEA'], ['NAS'], ['IDA'], ['IDA', 'IGI', 'IBA', 'TAS', 'IEA'], ['IDA'], ['IMP', 'IEA'], ['IBA']]"
KEGG,KEGG:04666,Fc gamma R-mediated phagocytosis,0.005434772719433907,True,Fc gamma R-mediated phagocytosis,96,89,7,8484,0.07865168539325842,0.07291666666666667,query_1,['KEGG:00000'],"['AKT2', 'PIK3CB', 'PIK3CA', 'GAB2', 'ACTR3', 'RAF1', 'ARPC2']","[['KEGG'], ['KEGG'], ['KEGG'], ['KEGG'], ['KEGG'], ['KEGG'], ['KEGG']]"
KEGG,KEGG:05219,Bladder cancer,0.005567141401998872,True,Bladder cancer,41,89,5,8484,0.056179775280898875,0.12195121951219512,query_1,['KEGG:00000'],"['E2F3', 'KRAS', 'CCND1', 'RAF1', 'CDK4']","[['KEGG'], ['KEGG'], ['KEGG'], ['KEGG'], ['KEGG']]"
KEGG,KEGG:04068,FoxO signaling pathway,0.005689103175399031,True,FoxO signaling pathway,131,89,8,8484,0.0898876404494382,0.061068702290076333,query_1,['KEGG:00000'],"['AKT2', 'PIK3CB', 'PIK3CA', 'TNFSF10', 'KRAS', 'SKP2', 'CCND1', 'RAF1']","[['KEGG'], ['KEGG'], ['KEGG'], ['KEGG'], ['KEGG'], ['KEGG'], ['KEGG'], ['KEGG']]"
GO:BP,GO:0012501,programmed cell death,0.005797227921871982,True,"""A process which begins when a cell receives an internal or external signal and activates a series of biochemical events (signaling pathway). The process ends with the death of the cell."" [GOC:lr, GOC:mtg_apoptosis]",1987,157,34,21026,0.21656050955414013,0.017111222949169603,query_1,['GO:0008219'],"['DNM1L', 'PAK4', 'ECT2', 'AKT2', 'MECOM', 'PIK3CB', 'ZC3HC1', 'PDCD5', 'OPA1', 'PEPD', 'PIK3CA', 'PLSCR1', 'CCNL1', 'GOLPH3', 'ST6GAL1', 'ST3GAL1', 'TNFSF10', 'TIMM50', 'PAX8', 'E2F3', 'KRAS', 'PDCD2', 'CIT', 'SKP2', 'MAEA', 'TRAF2', 'WT1', 'CCND1', 'RAF1', 'MYBL2', 'ZFP36L1', 'XRCC2', 'APC', 'RICTOR']","[['IMP', 'IBA', 'IEA'], ['IMP', 'TAS', 'IEA'], ['IDA'], ['IEA'], ['IMP', 'IEA'], ['IMP', 'IEA'], ['IEA'], ['IMP', 'IEA'], ['IDA', 'IMP', 'IGI', 'IEA'], ['IDA'], ['IMP', 'NAS', 'IEA'], ['IDA', 'IMP'], ['NAS'], ['IMP'], ['IEA'], ['IEA'], ['IDA', 'IBA', 'TAS', 'IEA'], ['IDA'], ['ISS', 'IEA'], ['IMP'], ['IEA'], ['IDA', 'TAS', 'IEA'], ['IMP'], ['IDA'], ['IDA'], ['IDA', 'IMP', 'TAS', 'IEA'], ['IGI', 'IBA'], ['IEA'], ['IDA', 'TAS', 'IEA'], ['IEA'], ['IMP', 'IEA'], ['IEA'], ['IMP'], ['NAS']]"
KEGG,KEGG:04664,Fc epsilon RI signaling pathway,0.005923077707804232,True,Fc epsilon RI signaling pathway,67,89,6,8484,0.06741573033707865,0.08955223880597014,query_1,['KEGG:00000'],"['AKT2', 'PIK3CB', 'PIK3CA', 'GAB2', 'KRAS', 'RAF1']","[['KEGG'], ['KEGG'], ['KEGG'], ['KEGG'], ['KEGG'], ['KEGG']]"
KEGG,KEGG:05221,Acute myeloid leukemia,0.005923077707804232,True,Acute myeloid leukemia,67,89,6,8484,0.06741573033707865,0.08955223880597014,query_1,['KEGG:00000'],"['AKT2', 'PIK3CB', 'PIK3CA', 'KRAS', 'CCND1', 'RAF1']","[['KEGG'], ['KEGG'], ['KEGG'], ['KEGG'], ['KEGG'], ['KEGG']]"
GO:BP,GO:0008219,cell death,0.006059441461653722,True,"""Any biological process that results in permanent cessation of all vital functions of a cell. A cell should be considered dead when any one of the following molecular or morphological criteria is met: (1) the cell has lost the integrity of its plasma membrane; (2) the cell, including its nucleus, has undergone complete fragmentation into discrete bodies (frequently referred to as apoptotic bodies). The cell corpse (or its fragments) may be engulfed by an adjacent cell in vivo, but engulfment of whole cells should not be considered a strict criteria to define cell death as, under some circumstances, live engulfed cells can be released from phagosomes (see PMID:18045538)."" [GOC:mah, GOC:mtg_apoptosis, PMID:25236395]",1991,157,34,21026,0.21656050955414013,0.017076845806127575,query_1,['GO:0009987'],"['DNM1L', 'PAK4', 'ECT2', 'AKT2', 'MECOM', 'PIK3CB', 'ZC3HC1', 'PDCD5', 'OPA1', 'PEPD', 'PIK3CA', 'PLSCR1', 'CCNL1', 'GOLPH3', 'ST6GAL1', 'ST3GAL1', 'TNFSF10', 'TIMM50', 'PAX8', 'E2F3', 'KRAS', 'PDCD2', 'CIT', 'SKP2', 'MAEA', 'TRAF2', 'WT1', 'CCND1', 'RAF1', 'MYBL2', 'ZFP36L1', 'XRCC2', 'APC', 'RICTOR']","[['IMP', 'IBA', 'IEA'], ['IMP', 'TAS', 'IEA'], ['IDA'], ['IEA'], ['IMP', 'IEA'], ['IMP', 'IEA'], ['IEA'], ['IMP', 'IEA'], ['IDA', 'IMP', 'IGI', 'IEA'], ['IDA'], ['IMP', 'NAS', 'IEA'], ['IDA', 'IMP'], ['NAS'], ['IMP'], ['IEA'], ['IEA'], ['IDA', 'IBA', 'TAS', 'IEA'], ['IDA'], ['ISS', 'IEA'], ['IMP'], ['IEA'], ['IDA', 'TAS', 'IEA'], ['IMP'], ['IDA'], ['IDA'], ['IDA', 'IMP', 'TAS', 'IEA'], ['IGI', 'IBA'], ['IEA'], ['IDA', 'TAS', 'IEA'], ['IEA'], ['IMP', 'IEA'], ['IEA'], ['IMP'], ['NAS']]"
GO:BP,GO:0006996,organelle organization,0.007323836859380878,True,"""A process that is carried out at the cellular level which results in the assembly, arrangement of constituent parts, or disassembly of an organelle within a cell. An organelle is an organized structure of distinctive morphology and function. Includes the nucleus, mitochondria, plastids, vacuoles, vesicles, ribosomes and the cytoskeleton. Excludes the plasma membrane."" [GOC:mah]",3594,157,50,21026,0.3184713375796178,0.013912075681691708,query_1,['GO:0016043'],"['SMC4', 'DNM1L', 'PAK4', 'ARFGEF1', 'COX20', 'FGD4', 'IL1RAP', 'AHCTF1', 'DHX36', 'ECT2', 'SIPA1L3', 'WWTR1', 'LSM14A', 'AGO2', 'NDUFB9', 'OPA1', 'PIK3CA', 'XRN1', 'CHCHD3', 'CCNL1', 'BICD1', 'GOLPH3', 'WNK1', 'UVRAG', 'PPFIBP1', 'RHPN2', 'CCNE1', 'TNFSF10', 'TIMM50', 'SNAP23', 'FZR1', 'LRFN1', 'KRAS', 'PARD6B', 'PDS5B', 'VPS4B', 'ACTR3', 'TMED2', 'FBXW11', 'MAEA', 'DCLRE1B', 'RAF1', 'MYBL2', 'ARID2', 'POLR2M', 'XRCC2', 'ARPC2', 'APC', 'RICTOR', 'TOMM20']","[['IDA', 'ISS', 'TAS', 'IEA'], ['IDA', 'IMP', 'IBA', 'TAS', 'IEA'], ['TAS'], ['IMP'], ['IMP', 'IBA', 'IEA'], ['ISS', 'IBA'], ['IEA'], ['IMP'], ['IMP'], ['IEA'], ['ISS', 'IEA'], ['IEA'], ['IDA', 'IMP', 'IBA'], ['IDA'], ['IMP'], ['IDA', 'IMP', 'IBA', 'TAS', 'NAS', 'IEA'], ['ISS', 'IEA'], ['IC'], ['IMP', 'IBA', 'NAS', 'IC'], ['NAS'], ['IGI', 'ISS', 'IBA'], ['IDA', 'IMP', 'IBA'], ['IDA'], ['IMP', 'IBA', 'TAS', 'IEA'], ['IMP'], ['IDA', 'IBA'], ['IEA'], ['IDA'], ['IDA', 'IMP'], ['IBA', 'IEA'], ['IEA'], ['IEA'], ['IEA'], ['IBA'], ['IMP', 'IEA'], ['IMP', 'IBA', 'NAS', 'IEA'], ['IDA', 'IMP', 'IBA', 'IEA'], ['IMP', 'IBA', 'TAS', 'IEA'], ['IBA'], ['IEA'], ['IMP', 'ISS', 'IBA', 'IEA'], ['IEA'], ['IEA'], ['NAS'], ['IBA', 'IEA'], ['IMP'], ['IDA', 'IBA', 'IEA'], ['IDA', 'IMP', 'IBA'], ['IMP', 'NAS', 'IEA'], ['NAS']]"
KEGG,KEGG:04917,Prolactin signaling pathway,0.007588741009800299,True,Prolactin signaling pathway,70,89,6,8484,0.06741573033707865,0.08571428571428572,query_1,['KEGG:00000'],"['AKT2', 'PIK3CB', 'PIK3CA', 'KRAS', 'CCND1', 'RAF1']","[['KEGG'], ['KEGG'], ['KEGG'], ['KEGG'], ['KEGG'], ['KEGG']]"
GO:BP,GO:0006915,apoptotic process,0.007861999990845737,True,"""A programmed cell death process which begins when a cell receives an internal (e.g. DNA damage) or external signal (e.g. an extracellular death ligand), and proceeds through a series of biochemical events (signaling pathway phase) which trigger an execution phase. The execution phase is the last step of an apoptotic process, and is typically characterized by rounding-up of the cell, retraction of pseudopodes, reduction of cellular volume (pyknosis), chromatin condensation, nuclear fragmentation (karyorrhexis), plasma membrane blebbing and fragmentation of the cell into apoptotic bodies. When the execution phase is completed, the cell has died."" [GOC:cjm, GOC:dhl, GOC:ecd, GOC:go_curators, GOC:mtg_apoptosis, GOC:tb, ISBN:0198506732, PMID:18846107, PMID:21494263]",1923,157,33,21026,0.21019108280254778,0.0171606864274571,query_1,['GO:0012501'],"['DNM1L', 'PAK4', 'ECT2', 'AKT2', 'MECOM', 'PIK3CB', 'ZC3HC1', 'PDCD5', 'OPA1', 'PIK3CA', 'PLSCR1', 'CCNL1', 'GOLPH3', 'ST6GAL1', 'ST3GAL1', 'TNFSF10', 'TIMM50', 'PAX8', 'E2F3', 'KRAS', 'PDCD2', 'CIT', 'SKP2', 'MAEA', 'TRAF2', 'WT1', 'CCND1', 'RAF1', 'MYBL2', 'ZFP36L1', 'XRCC2', 'APC', 'RICTOR']","[['IMP', 'IBA'], ['IMP', 'TAS', 'IEA'], ['IDA'], ['IEA'], ['IEA'], ['IMP', 'IEA'], ['IEA'], ['IMP', 'IEA'], ['IDA', 'IMP', 'IGI', 'IEA'], ['IMP', 'NAS', 'IEA'], ['IDA', 'IMP'], ['NAS'], ['IMP'], ['IEA'], ['IEA'], ['IDA', 'IBA', 'TAS', 'IEA'], ['IDA'], ['ISS', 'IEA'], ['IMP'], ['IEA'], ['IDA', 'TAS', 'IEA'], ['IMP'], ['IDA'], ['IDA'], ['IDA', 'IMP', 'TAS', 'IEA'], ['IGI', 'IBA'], ['IEA'], ['IDA', 'TAS', 'IEA'], ['IEA'], ['IMP', 'IEA'], ['IEA'], ['IMP'], ['NAS']]"
GO:BP,GO:0090068,positive regulation of cell cycle process,0.007913590629362775,True,"""Any process that increases the rate, frequency or extent of a cellular process that is involved in the progression of biochemical and morphological phases and events that occur in a cell during successive cell replication or nuclear replication events."" [GOC:dph, GOC:tb]",262,157,11,21026,0.07006369426751592,0.04198473282442748,query_1,"['GO:0010564', 'GO:0022402', 'GO:0045787']","['SMC4', 'EIF4G1', 'ECT2', 'EZH2', 'PLSCR1', 'WNK1', 'CCNE1', 'CIT', 'VPS4B', 'CCND1', 'CDK4']","[['ISO', 'IEA'], ['IMP'], ['IDA', 'IMP'], ['IMP'], ['IDA'], ['IDA'], ['IBA'], ['IMP'], ['IMP'], ['IDA', 'IBA'], ['IDA']]"
KEGG,KEGG:05200,Pathways in cancer,0.008816661733090753,True,Pathways in cancer,527,89,16,8484,0.1797752808988764,0.030360531309297913,query_1,['KEGG:00000'],"['AKT2', 'MECOM', 'FH', 'PIK3CB', 'PIK3CA', 'CCNE1', 'PAX8', 'E2F3', 'KRAS', 'SKP2', 'TXNRD1', 'TRAF2', 'CCND1', 'RAF1', 'CDK4', 'APC']","[['KEGG'], ['KEGG'], ['KEGG'], ['KEGG'], ['KEGG'], ['KEGG'], ['KEGG'], ['KEGG'], ['KEGG'], ['KEGG'], ['KEGG'], ['KEGG'], ['KEGG'], ['KEGG'], ['KEGG'], ['KEGG']]"
GO:BP,GO:0080090,regulation of primary metabolic process,0.00884515460735704,True,"""Any process that modulates the frequency, rate or extent of the chemical reactions and pathways within a cell or an organism involving those compounds formed as a part of the normal anabolic and catabolic processes. These processes take place in most, if not all, cells of the organism."" [PMID:19211694]",5390,157,66,21026,0.42038216560509556,0.012244897959183673,query_1,"['GO:0019222', 'GO:0044238']","['DNM1L', 'EIF4G1', 'NCOA2', 'IGF2BP2', 'SUB1', 'CLNS1A', 'DHX36', 'ECT2', 'TRA2B', 'AKT2', 'MECOM', 'EZH2', 'NCBP2', 'ERC1', 'RFX5', 'WWTR1', 'LSM14A', 'AGO2', 'REPIN1', 'HLTF', 'ASPH', 'RAP2B', 'RSF1', 'PIK3CA', 'PLSCR1', 'XRN1', 'ESRP1', 'MED29', 'RBM38', 'CHD7', 'CCNL1', 'SMYD3', 'WNK1', 'SUPT5H', 'UVRAG', 'CCNE1', 'PAX8', 'LIN54', 'FZR1', 'E2F3', 'KRAS', 'NELFB', 'SKP2', 'WDR48', 'ACTR3', 'TMED2', 'ATXN7L3', 'FBXW11', 'SOX17', 'SUPT7L', 'TRAF2', 'VEZF1', 'WT1', 'CCND1', 'RAF1', 'MYBL2', 'YTHDC1', 'SAMD4B', 'ZFP36L1', 'ARID2', 'PFDN1', 'METAP1', 'CDK4', 'APC', 'RICTOR', 'ZNF780B']","[['IEA'], ['IDA', 'IMP', 'TAS', 'NAS', 'IEA'], ['IDA', 'ISS', 'IBA', 'NAS', 'IEA'], ['IDA', 'IMP', 'ISS', 'IBA', 'IEA'], ['IDA', 'IEA'], ['NAS'], ['IDA', 'IMP', 'ISS', 'IEA'], ['IDA'], ['IDA', 'IMP', 'IBA', 'IEA'], ['IMP', 'IEA'], ['IDA', 'IBA', 'IEA'], ['IDA', 'IMP', 'TAS', 'IEA'], ['IDA', 'IMP', 'NAS', 'IEA'], ['IDA'], ['IDA', 'IBA', 'IEA'], ['IMP', 'IBA', 'NAS', 'IEA'], ['IMP', 'IEA'], ['IDA', 'IMP', 'ISS', 'IEA'], ['ISS', 'IBA', 'IEA'], ['ISO', 'IEA'], ['IDA', 'IMP'], ['ISS', 'IEA'], ['IDA', 'IBA', 'IEA'], ['IEA'], ['IDA'], ['IC', 'IEA'], ['IDA', 'IBA'], ['IBA', 'NAS'], ['IDA', 'IBA'], ['NAS', 'IEA'], ['IDA', 'ISS', 'IBA', 'IEA'], ['IEA'], ['IDA'], ['IDA', 'IMP', 'IEA'], ['IDA'], ['IEA'], ['IDA', 'ISS', 'IBA', 'IEA'], ['IBA'], ['IDA', 'IBA', 'IEA'], ['IDA', 'IBA', 'IEA'], ['IMP'], ['IDA', 'ISS', 'IBA', 'IEA'], ['IDA', 'IEA'], ['IDA', 'IEA'], ['IDA'], ['IEA'], ['IDA', 'IBA', 'NAS', 'IEA'], ['IMP', 'ISS', 'IEA'], ['IDA', 'ISS', 'IBA', 'IEA'], ['NAS'], ['IDA', 'IMP', 'IEA'], ['IDA', 'IBA'], ['IDA', 'IMP', 'IGI', 'ISS', 'IBA', 'NAS', 'IEA'], ['IDA', 'IEA'], ['IDA', 'IEA'], ['IDA', 'IBA'], ['IDA', 'IBA', 'IEA'], ['IBA', 'IEA'], ['IDA', 'IMP', 'ISS', 'IEA'], ['IMP', 'NAS', 'IEA'], ['IDA'], ['TAS'], ['TAS'], ['IDA', 'IGI', 'IC'], ['IEA'], ['IBA', 'IEA']]"
REAC,REAC:R-HSA-8849470,PTK6 Regulates Cell Cycle,0.010210435062497211,True,PTK6 Regulates Cell Cycle,6,118,3,11004,0.025423728813559324,0.5,query_1,['REAC:R-HSA-8848021'],"['CCNE1', 'CCND1', 'CDK4']","[['REAC'], ['REAC'], ['REAC']]"
GO:BP,GO:0051726,regulation of cell cycle,0.01054880993979528,True,"""Any process that modulates the rate or extent of progression through the cell cycle."" [GOC:ai, GOC:dph, GOC:tb]",1087,157,23,21026,0.1464968152866242,0.021159153633854646,query_1,"['GO:0007049', 'GO:0050794']","['SMC4', 'EIF4G1', 'AHCTF1', 'ECT2', 'AKT2', 'MECOM', 'EZH2', 'PLSCR1', 'RBM38', 'CCNL1', 'WNK1', 'UVRAG', 'CCNE1', 'FZR1', 'CIT', 'SKP2', 'VPS4B', 'MAEA', 'CCND1', 'ZFP36L1', 'ARID2', 'CDK4', 'APC']","[['ISO', 'IEA'], ['IMP'], ['IMP'], ['IDA', 'IMP', 'IEA'], ['TAS'], ['IDA'], ['IMP', 'IEA'], ['IDA'], ['IDA'], ['NAS'], ['IDA'], ['IMP'], ['IBA', 'IEA'], ['IDA', 'NAS', 'IEA'], ['IMP'], ['IBA', 'IEA'], ['IMP'], ['NAS'], ['IDA', 'IBA', 'IEA'], ['ISS', 'IEA'], ['NAS'], ['IDA', 'IBA', 'IEA'], ['IDA', 'IMP', 'NAS']]"
REAC,REAC:R-HSA-1643685,Disease,0.011349679440557477,True,Disease,1843,118,38,11004,0.3220338983050847,0.020618556701030927,query_1,['REAC:0000000'],"['PSMD8', 'AKT2', 'EZH2', 'NCBP2', 'PIK3CB', 'ZC3HC1', 'AGO2', 'ALG8', 'MTR', 'PIK3CA', 'ESRP1', 'MED29', 'ST6GAL1', 'ST3GAL1', 'SUPT5H', 'UVRAG', 'PPFIBP1', 'CCNE1', 'GAB2', 'FZR1', 'E2F3', 'KRAS', 'NELFB', 'SKP2', 'ZDHHC11', 'WDR48', 'VPS4B', 'ACTR3', 'TXNRD1', 'RPL28', 'TRAF2', 'CCND1', 'RAF1', 'XRCC2', 'CDK4', 'ARPC2', 'APC', 'RICTOR']","[['REAC'], ['REAC'], ['REAC'], ['REAC'], ['REAC'], ['REAC'], ['REAC'], ['REAC'], ['REAC'], ['REAC'], ['REAC'], ['REAC'], ['REAC'], ['REAC'], ['REAC'], ['REAC'], ['REAC'], ['REAC'], ['REAC'], ['REAC'], ['REAC'], ['REAC'], ['REAC'], ['REAC'], ['REAC'], ['REAC'], ['REAC'], ['REAC'], ['REAC'], ['REAC'], ['REAC'], ['REAC'], ['REAC'], ['REAC'], ['REAC'], ['REAC'], ['REAC'], ['REAC']]"
REAC,REAC:R-HSA-69202,Cyclin E associated events during G1/S transition ,0.011599171679133035,True,Cyclin E associated events during G1/S transition ,82,118,7,11004,0.059322033898305086,0.08536585365853659,query_1,['REAC:R-HSA-69206'],"['PSMD8', 'AKT2', 'CCNE1', 'LIN54', 'SKP2', 'CCND1', 'CDK4']","[['REAC'], ['REAC'], ['REAC'], ['REAC'], ['REAC'], ['REAC'], ['REAC']]"
REAC,REAC:R-HSA-9659787,Aberrant regulation of mitotic G1/S transition in cancer due to RB1 defects,0.011672964476817847,True,Aberrant regulation of mitotic G1/S transition in cancer due to RB1 defects,17,118,4,11004,0.03389830508474576,0.23529411764705882,query_1,['REAC:R-HSA-9687139'],"['CCNE1', 'E2F3', 'CCND1', 'CDK4']","[['REAC'], ['REAC'], ['REAC'], ['REAC']]"
REAC,REAC:R-HSA-9661069,"Defective binding of RB1 mutants to E2F1,(E2F2, E2F3)",0.011672964476817847,True,"Defective binding of RB1 mutants to E2F1,(E2F2, E2F3)",17,118,4,11004,0.03389830508474576,0.23529411764705882,query_1,['REAC:R-HSA-9659787'],"['CCNE1', 'E2F3', 'CCND1', 'CDK4']","[['REAC'], ['REAC'], ['REAC'], ['REAC']]"
REAC,REAC:R-HSA-453279,Mitotic G1 phase and G1/S transition,0.01262729965836237,True,Mitotic G1 phase and G1/S transition,148,118,9,11004,0.07627118644067797,0.060810810810810814,query_1,['REAC:R-HSA-69278'],"['PSMD8', 'AKT2', 'CCNE1', 'LIN54', 'E2F3', 'SKP2', 'CCND1', 'MYBL2', 'CDK4']","[['REAC'], ['REAC'], ['REAC'], ['REAC'], ['REAC'], ['REAC'], ['REAC'], ['REAC'], ['REAC']]"
GO:BP,GO:0071840,cellular component organization or biogenesis,0.012662293530314032,True,"""A process that results in the biosynthesis of constituent macromolecules, assembly, arrangement of constituent parts, or disassembly of a cellular component."" [GOC:mah]",8393,157,90,21026,0.5732484076433121,0.010723221732396045,query_1,['GO:0009987'],"['CDH6', 'SMC4', 'DNM1L', 'EIF4G1', 'PAK4', 'NDRG1', 'ARFGEF1', 'SPINT2', 'SUB1', 'COX20', 'CLNS1A', 'FGD4', 'TGS1', 'IL1RAP', 'AHCTF1', 'DHX36', 'ECT2', 'AKT2', 'MECOM', 'EZH2', 'ERC1', 'SIPA1L3', 'ATP11B', 'UBN2', 'PIK3CB', 'WWTR1', 'LSM14A', 'AGO2', 'HLTF', 'DGAT1', 'MATN2', 'MMP7', 'ASPH', 'MTR', 'NDUFB9', 'OPA1', 'RSF1', 'PIK3CA', 'PLSCR1', 'XRN1', 'CHCHD3', 'MED29', 'CHD7', 'CCNL1', 'EXOC4', 'BICD1', 'GOLPH3', 'TFB2M', 'NOM1', 'SMYD3', 'WNK1', 'SUPT5H', 'UVRAG', 'PPFIBP1', 'RHPN2', 'CCNE1', 'TNFSF10', 'TIMM50', 'LIN54', 'MIOS', 'SNAP23', 'DDX39B', 'FZR1', 'LRFN1', 'KRAS', 'ESF1', 'PARD6B', 'PDS5B', 'VPS4B', 'ACTR3', 'TMED2', 'ATXN7L3', 'FBXW11', 'MAEA', 'SOX17', 'DCLRE1B', 'TRAF2', 'WT1', 'RAF1', 'MYBL2', 'YTHDC1', 'ARID2', 'POLR2M', 'XRCC2', 'PFDN1', 'ARPC2', 'APC', 'MPHOSPH6', 'RICTOR', 'TOMM20']","[['IBA', 'IEA'], ['IDA', 'ISS', 'TAS', 'IEA'], ['IDA', 'IMP', 'IBA', 'TAS', 'IEA'], ['IPI', 'IMP', 'IGI'], ['TAS', 'IEA'], ['IEA'], ['IMP'], ['IEA'], ['IMP'], ['IMP', 'IBA', 'IEA'], ['IDA', 'IBA', 'NAS', 'IEA'], ['ISS', 'IBA', 'IEA'], ['TAS', 'IC'], ['ISS', 'TAS', 'IEA'], ['IMP'], ['IMP', 'ISS', 'IEA'], ['IDA', 'IMP', 'IEA'], ['IEA'], ['ISS', 'IEA'], ['IDA', 'IMP', 'IGI', 'IBA', 'TAS', 'IEA'], ['IBA'], ['ISS', 'IEA'], ['IBA', 'NAS', 'IEA'], ['IBA'], ['TAS'], ['IEA'], ['IDA', 'IMP', 'IBA'], ['IDA', 'IMP'], ['IEA'], ['IMP'], ['NAS', 'IEA'], ['IBA', 'TAS'], ['IEA'], ['ISS', 'IEA'], ['IMP'], ['IDA', 'IMP', 'IBA', 'TAS', 'NAS', 'IEA'], ['EXP', 'IDA', 'IEA'], ['ISS', 'IEA'], ['IDA', 'IMP', 'IBA', 'IEA'], ['IC'], ['IMP', 'IBA', 'NAS', 'IC'], ['NAS'], ['IBA', 'IEA'], ['NAS'], ['NAS', 'IEA'], ['IMP', 'IGI', 'ISS', 'IBA'], ['IDA', 'IMP', 'IBA'], ['IBA', 'IEA'], ['IBA'], ['IEA'], ['IDA'], ['IEA'], ['IDA', 'IMP', 'IBA', 'TAS', 'IEA'], ['IMP', 'IBA'], ['IDA', 'IBA'], ['IEA'], ['IDA'], ['IDA', 'IMP'], ['IDA'], ['IEA'], ['IBA', 'TAS', 'IEA'], ['IDA'], ['IEA'], ['IEA'], ['IEA'], ['IBA', 'IEA'], ['IDA', 'IBA', 'TAS'], ['IMP', 'IEA'], ['IDA', 'IMP', 'IBA', 'NAS', 'IEA'], ['IDA', 'IMP', 'IBA', 'IEA'], ['IMP', 'IBA', 'TAS', 'IEA'], ['IEA'], ['IBA'], ['IEA'], ['IMP'], ['IMP', 'ISS', 'IBA', 'IEA'], ['IMP', 'ISS', 'TAS', 'IEA'], ['IDA', 'IMP'], ['IDA', 'IEA'], ['IEA'], ['IDA'], ['IDA', 'NAS', 'IEA'], ['IBA', 'IEA'], ['IMP'], ['IDA'], ['IDA', 'IMP', 'IBA', 'IEA'], ['IDA', 'IMP', 'IBA', 'NAS'], ['IMP', 'IBA', 'IEA'], ['IMP', 'NAS', 'IEA'], ['NAS']]"
GO:BP,GO:0010564,regulation of cell cycle process,0.013042239730553924,True,"""Any process that modulates a cellular process that is involved in the progression of biochemical and morphological phases and events that occur in a cell during successive cell replication or nuclear replication events."" [GOC:dph, GOC:tb]",720,157,18,21026,0.11464968152866242,0.025,query_1,"['GO:0022402', 'GO:0051726']","['SMC4', 'EIF4G1', 'AHCTF1', 'ECT2', 'EZH2', 'PLSCR1', 'CCNL1', 'WNK1', 'UVRAG', 'CCNE1', 'FZR1', 'CIT', 'VPS4B', 'CCND1', 'ZFP36L1', 'ARID2', 'CDK4', 'APC']","[['ISO', 'IEA'], ['IMP'], ['IMP'], ['IDA', 'IMP', 'IEA'], ['IMP', 'IEA'], ['IDA'], ['NAS'], ['IDA'], ['IMP'], ['IBA'], ['IDA', 'IEA'], ['IMP'], ['IMP'], ['IDA', 'IBA', 'IEA'], ['ISS', 'IEA'], ['NAS'], ['IDA', 'IBA'], ['IDA', 'IMP', 'NAS']]"
KEGG,KEGG:05167,Kaposi sarcoma-associated herpesvirus infection,0.01641510991808139,True,Kaposi sarcoma-associated herpesvirus infection,194,89,9,8484,0.10112359550561797,0.04639175257731959,query_1,['KEGG:00000'],"['AKT2', 'PIK3CB', 'PIK3CA', 'E2F3', 'KRAS', 'TRAF2', 'CCND1', 'RAF1', 'CDK4']","[['KEGG'], ['KEGG'], ['KEGG'], ['KEGG'], ['KEGG'], ['KEGG'], ['KEGG'], ['KEGG'], ['KEGG']]"
KEGG,KEGG:04150,mTOR signaling pathway,0.018436820811040623,True,mTOR signaling pathway,155,89,8,8484,0.0898876404494382,0.05161290322580645,query_1,['KEGG:00000'],"['AKT2', 'PIK3CB', 'PIK3CA', 'MIOS', 'KRAS', 'SKP2', 'RAF1', 'RICTOR']","[['KEGG'], ['KEGG'], ['KEGG'], ['KEGG'], ['KEGG'], ['KEGG'], ['KEGG'], ['KEGG']]"
GO:BP,GO:0042981,regulation of apoptotic process,0.018548381441163875,True,"""Any process that modulates the occurrence or rate of cell death by apoptotic process."" [GOC:jl, GOC:mtg_apoptosis]",1462,157,27,21026,0.17197452229299362,0.018467852257181942,query_1,"['GO:0006915', 'GO:0043067']","['PAK4', 'ECT2', 'PIK3CB', 'ZC3HC1', 'PDCD5', 'OPA1', 'PIK3CA', 'CCNL1', 'GOLPH3', 'ST6GAL1', 'ST3GAL1', 'TNFSF10', 'PAX8', 'E2F3', 'KRAS', 'PDCD2', 'SKP2', 'MAEA', 'TRAF2', 'WT1', 'CCND1', 'RAF1', 'MYBL2', 'ZFP36L1', 'XRCC2', 'APC', 'RICTOR']","[['IMP'], ['IDA'], ['IMP', 'IEA'], ['IEA'], ['IMP'], ['IDA', 'IMP', 'IGI', 'IEA'], ['IMP', 'NAS', 'IEA'], ['NAS'], ['IMP'], ['IEA'], ['IEA'], ['IDA', 'IBA', 'IEA'], ['ISS', 'IEA'], ['IMP'], ['IEA'], ['IDA'], ['IDA'], ['IDA'], ['IDA', 'IMP', 'IEA'], ['IGI', 'IBA'], ['IEA'], ['IDA', 'TAS', 'IEA'], ['IEA'], ['IMP'], ['IEA'], ['IMP'], ['NAS']]"
KEGG,KEGG:04012,ErbB signaling pathway,0.02092332932432339,True,ErbB signaling pathway,84,89,6,8484,0.06741573033707865,0.07142857142857142,query_1,['KEGG:00000'],"['PAK4', 'AKT2', 'PIK3CB', 'PIK3CA', 'KRAS', 'RAF1']","[['KEGG'], ['KEGG'], ['KEGG'], ['KEGG'], ['KEGG'], ['KEGG']]"
KEGG,KEGG:04660,T cell receptor signaling pathway,0.021024697992262358,True,T cell receptor signaling pathway,119,89,7,8484,0.07865168539325842,0.058823529411764705,query_1,['KEGG:00000'],"['PAK4', 'AKT2', 'PIK3CB', 'PIK3CA', 'KRAS', 'RAF1', 'CDK4']","[['KEGG'], ['KEGG'], ['KEGG'], ['KEGG'], ['KEGG'], ['KEGG'], ['KEGG']]"
GO:BP,GO:0033554,cellular response to stress,0.021077667795524287,True,"""Any process that results in a change in state or activity of a cell (in terms of movement, secretion, enzyme production, gene expression, etc.) as a result of a stimulus indicating the organism is under stress. The stress is usually, but not necessarily, exogenous (e.g. temperature, humidity, ionizing radiation)."" [GOC:mah]",1830,157,31,21026,0.19745222929936307,0.016939890710382512,query_1,"['GO:0006950', 'GO:0051716']","['EIF4G1', 'NDRG1', 'DHX36', 'ECT2', 'EZH2', 'FH', 'PIK3CB', 'HLTF', 'MATN2', 'MTR', 'OPA1', 'PIK3CA', 'ITFG2', 'WNK1', 'UVRAG', 'PDIA4', 'MIOS', 'FZR1', 'SKP2', 'WDR48', 'TMED2', 'ATXN7L3', 'SUPT7L', 'DCLRE1B', 'TRAF2', 'CCND1', 'ZFP36L1', 'ARID2', 'XRCC2', 'XPR1', 'APC']","[['IMP', 'TAS'], ['IEP'], ['IDA'], ['IDA'], ['IEA'], ['IEA'], ['IEA'], ['IBA'], ['IEA'], ['ISS', 'IEA'], ['IDA', 'IGI', 'IEA'], ['ISS', 'IEA'], ['IMP'], ['IDA'], ['IDA', 'IMP', 'TAS', 'IEA'], ['IBA', 'IEA'], ['IMP', 'IBA'], ['IDA', 'ISS', 'IEA'], ['IDA', 'IEA'], ['IDA', 'IBA', 'IEA'], ['IEA'], ['NAS'], ['NAS'], ['IMP', 'IBA', 'IEA'], ['TAS', 'NAS'], ['IDA', 'IEA'], ['IMP', 'ISS', 'IEA'], ['IMP', 'NAS'], ['IMP', 'IGI', 'IBA', 'TAS', 'IEA'], ['IBA'], ['IDA']]"
KEGG,KEGG:05203,Viral carcinogenesis,0.02141493882240803,True,Viral carcinogenesis,201,89,9,8484,0.10112359550561797,0.04477611940298507,query_1,['KEGG:00000'],"['PIK3CB', 'PIK3CA', 'RASA2', 'CCNE1', 'KRAS', 'SKP2', 'TRAF2', 'CCND1', 'CDK4']","[['KEGG'], ['KEGG'], ['KEGG'], ['KEGG'], ['KEGG'], ['KEGG'], ['KEGG'], ['KEGG'], ['KEGG']]"
KEGG,KEGG:04071,Sphingolipid signaling pathway,0.02213910708089002,True,Sphingolipid signaling pathway,120,89,7,8484,0.07865168539325842,0.058333333333333334,query_1,['KEGG:00000'],"['AKT2', 'PIK3CB', 'PIK3CA', 'GAB2', 'KRAS', 'TRAF2', 'RAF1']","[['KEGG'], ['KEGG'], ['KEGG'], ['KEGG'], ['KEGG'], ['KEGG'], ['KEGG']]"
KEGG,KEGG:04919,Thyroid hormone signaling pathway,0.023300668669655657,True,Thyroid hormone signaling pathway,121,89,7,8484,0.07865168539325842,0.05785123966942149,query_1,['KEGG:00000'],"['NCOA2', 'AKT2', 'PIK3CB', 'PIK3CA', 'KRAS', 'CCND1', 'RAF1']","[['KEGG'], ['KEGG'], ['KEGG'], ['KEGG'], ['KEGG'], ['KEGG'], ['KEGG']]"
GO:BP,GO:0000910,cytokinesis,0.02496626887235673,True,"""The division of the cytoplasm and the plasma membrane of a cell and its partitioning into two daughter cells."" [GOC:mtg_cell_cycle]",192,157,9,21026,0.05732484076433121,0.046875,query_1,"['GO:0022402', 'GO:0051301']","['AHCTF1', 'ECT2', 'EXOC4', 'WNK1', 'UVRAG', 'CIT', 'VPS4B', 'ACTR3', 'APC']","[['IMP'], ['IDA', 'IMP', 'IBA', 'IEA'], ['NAS'], ['IDA'], ['IMP'], ['IMP', 'IEA'], ['IMP', 'NAS'], ['IEA'], ['IMP']]"
REAC,REAC:R-HSA-69242,S Phase,0.02568843653435502,True,S Phase,162,118,9,11004,0.07627118644067797,0.05555555555555555,query_1,['REAC:R-HSA-69278'],"['PSMD8', 'AKT2', 'CCNE1', 'LIN54', 'FZR1', 'SKP2', 'PDS5B', 'CCND1', 'CDK4']","[['REAC'], ['REAC'], ['REAC'], ['REAC'], ['REAC'], ['REAC'], ['REAC'], ['REAC'], ['REAC']]"
KEGG,KEGG:04370,VEGF signaling pathway,0.03206773791745131,True,VEGF signaling pathway,59,89,5,8484,0.056179775280898875,0.0847457627118644,query_1,['KEGG:00000'],"['AKT2', 'PIK3CB', 'PIK3CA', 'KRAS', 'RAF1']","[['KEGG'], ['KEGG'], ['KEGG'], ['KEGG'], ['KEGG']]"
REAC,REAC:R-HSA-5663202,Diseases of signal transduction by growth factor receptors and second messengers,0.03344061346056267,True,Diseases of signal transduction by growth factor receptors and second messengers,444,118,15,11004,0.1271186440677966,0.033783783783783786,query_1,['REAC:R-HSA-1643685'],"['PSMD8', 'AKT2', 'NCBP2', 'PIK3CB', 'ZC3HC1', 'AGO2', 'PIK3CA', 'ESRP1', 'PPFIBP1', 'GAB2', 'KRAS', 'WDR48', 'RAF1', 'APC', 'RICTOR']","[['REAC'], ['REAC'], ['REAC'], ['REAC'], ['REAC'], ['REAC'], ['REAC'], ['REAC'], ['REAC'], ['REAC'], ['REAC'], ['REAC'], ['REAC'], ['REAC'], ['REAC']]"
GO:BP,GO:0045893,positive regulation of DNA-templated transcription,0.03610694330337713,True,"""Any process that activates or increases the frequency, rate or extent of cellular DNA-templated transcription."" [GOC:go_curators, GOC:txnOH]",1697,157,29,21026,0.18471337579617833,0.01708898055391868,query_1,"['GO:0006351', 'GO:0006355', 'GO:1902680']","['NCOA2', 'SUB1', 'DHX36', 'MECOM', 'NCBP2', 'RFX5', 'WWTR1', 'AGO2', 'HLTF', 'ASPH', 'RSF1', 'PLSCR1', 'MED29', 'CHD7', 'SMYD3', 'WNK1', 'SUPT5H', 'PAX8', 'E2F3', 'ACTR3', 'ATXN7L3', 'FBXW11', 'SOX17', 'SUPT7L', 'VEZF1', 'WT1', 'RAF1', 'MYBL2', 'ZNF780B']","[['IDA', 'ISS', 'IBA', 'IEA'], ['IEA'], ['IMP', 'ISS', 'IEA'], ['IDA', 'IEA'], ['NAS'], ['IDA'], ['IBA', 'IEA'], ['IMP'], ['ISO', 'IEA'], ['IMP'], ['IDA'], ['IDA'], ['NAS'], ['IEA'], ['IEA'], ['IDA'], ['IDA'], ['IDA', 'ISS', 'IEA'], ['IDA', 'IEA'], ['IDA'], ['IDA', 'IBA', 'NAS', 'IEA'], ['ISS', 'IEA'], ['IDA', 'ISS', 'IBA', 'IEA'], ['NAS'], ['IDA'], ['IDA', 'IMP', 'IGI'], ['IEA'], ['IDA', 'IBA'], ['IEA']]"
GO:BP,GO:1902680,positive regulation of RNA biosynthetic process,0.03690539604432854,True,"""Any process that activates or increases the frequency, rate or extent of RNA biosynthetic process."" [GO:jl, GO_REF:0000058, GOC:TermGenie]",1699,157,29,21026,0.18471337579617833,0.017068864037669218,query_1,"['GO:0010557', 'GO:0032774', 'GO:0051254', 'GO:2001141']","['NCOA2', 'SUB1', 'DHX36', 'MECOM', 'NCBP2', 'RFX5', 'WWTR1', 'AGO2', 'HLTF', 'ASPH', 'RSF1', 'PLSCR1', 'MED29', 'CHD7', 'SMYD3', 'WNK1', 'SUPT5H', 'PAX8', 'E2F3', 'ACTR3', 'ATXN7L3', 'FBXW11', 'SOX17', 'SUPT7L', 'VEZF1', 'WT1', 'RAF1', 'MYBL2', 'ZNF780B']","[['IDA', 'ISS', 'IBA', 'IEA'], ['IEA'], ['IMP', 'ISS', 'IEA'], ['IDA', 'IEA'], ['NAS'], ['IDA'], ['IBA', 'IEA'], ['IMP'], ['ISO', 'IEA'], ['IMP'], ['IDA'], ['IDA'], ['NAS'], ['IEA'], ['IEA'], ['IDA'], ['IDA'], ['IDA', 'ISS', 'IEA'], ['IDA', 'IEA'], ['IDA'], ['IDA', 'IBA', 'NAS', 'IEA'], ['ISS', 'IEA'], ['IDA', 'ISS', 'IBA', 'IEA'], ['NAS'], ['IDA'], ['IDA', 'IMP', 'IGI'], ['IEA'], ['IDA', 'IBA'], ['IEA']]"
GO:BP,GO:0000082,G1/S transition of mitotic cell cycle,0.03736735005544174,True,"""The mitotic cell cycle transition by which a cell in G1 commits to S phase. The process begins with the build up of G1 cyclin-dependent kinase (G1 CDK), resulting in the activation of transcription of G1 cyclins. The process ends with the positive feedback of the G1 cyclins on the G1 CDK which commits the cell to S phase, in which DNA replication is initiated."" [GOC:mtg_cell_cycle]",202,157,9,21026,0.05732484076433121,0.04455445544554455,query_1,"['GO:0044772', 'GO:0044843']","['EIF4G1', 'EZH2', 'CCNE1', 'E2F3', 'SKP2', 'CCND1', 'ARID2', 'CDK4', 'APC']","[['IMP'], ['IEA'], ['IMP', 'IBA', 'NAS'], ['IDA'], ['TAS', 'IEA'], ['IDA', 'IBA', 'TAS', 'NAS', 'IEA'], ['NAS'], ['IDA', 'IMP', 'IBA', 'NAS'], ['IMP']]"
KEGG,KEGG:05166,Human T-cell leukemia virus 1 infection,0.03901627926357137,True,Human T-cell leukemia virus 1 infection,218,89,9,8484,0.10112359550561797,0.04128440366972477,query_1,['KEGG:00000'],"['AKT2', 'PIK3CB', 'MMP7', 'PIK3CA', 'CCNE1', 'E2F3', 'KRAS', 'CCND1', 'CDK4']","[['KEGG'], ['KEGG'], ['KEGG'], ['KEGG'], ['KEGG'], ['KEGG'], ['KEGG'], ['KEGG'], ['KEGG']]"
GO:BP,GO:0030856,regulation of epithelial cell differentiation,0.03969615415001319,True,"""Any process that modulates the frequency, rate or extent of epithelial cell differentiation."" [GOC:mah]",156,157,8,21026,0.050955414012738856,0.05128205128205128,query_1,"['GO:0030855', 'GO:0045595', 'GO:2000026']","['EZH2', 'WWTR1', 'ESRP1', 'PAX8', 'KRAS', 'VEZF1', 'CCND1', 'ZFP36L1']","[['IEA'], ['IEA'], ['ISS'], ['ISS', 'IEA'], ['IEA'], ['IMP'], ['IEA'], ['IMP']]"
GO:BP,GO:0031124,mRNA 3'-end processing,0.040197294652068415,True,"""Any process involved in forming the mature 3' end of an mRNA molecule."" [GOC:mah]",46,157,5,21026,0.03184713375796178,0.10869565217391304,query_1,"['GO:0006397', 'GO:0031123']","['DHX36', 'NCBP2', 'PCF11', 'YTHDC1', 'ZFP36L1']","[['IMP'], ['IMP', 'NAS'], ['NAS', 'IEA'], ['IEA'], ['IDA']]"
GO:BP,GO:0048523,negative regulation of cellular process,0.04065704772554715,True,"""Any process that stops, prevents, or reduces the frequency, rate or extent of a cellular process, any of those that are carried out at the cellular level, but are not necessarily restricted to a single cell. For example, cell communication occurs among more than one cell, but occurs at the cellular level."" [GOC:jid]",5629,157,66,21026,0.42038216560509556,0.011724995558713803,query_1,"['GO:0009987', 'GO:0048519', 'GO:0050794']","['EIF4G1', 'PAK4', 'NDRG1', 'NCOA2', 'ARFGEF1', 'IGF2BP2', 'SPINT2', 'SUB1', 'DHX36', 'AKT2', 'MECOM', 'EZH2', 'NCBP2', 'RFX5', 'PIK3CB', 'WWTR1', 'LSM14A', 'ZC3HC1', 'AGO2', 'REPIN1', 'PDCD5', 'ASPH', 'OPA1', 'RAP2B', 'RSF1', 'PEPD', 'PIK3CA', 'PLSCR1', 'XRN1', 'RBM38', 'CHD7', 'ITFG2', 'RASA2', 'BICD1', 'GOLPH3', 'ST6GAL1', 'ST3GAL1', 'WNK1', 'SUPT5H', 'RHPN2', 'CCNE1', 'PAX8', 'MIOS', 'FZR1', 'E2F3', 'KRAS', 'NELFB', 'CIT', 'PDS5B', 'VPS4B', 'TMED2', 'FBXW11', 'MAEA', 'SOX17', 'TRAF2', 'WT1', 'CCND1', 'RAF1', 'YTHDC1', 'SAMD4B', 'ZFP36L1', 'ARID2', 'XRCC2', 'PFDN1', 'APC', 'RICTOR']","[['IDA', 'IMP', 'TAS'], ['IMP'], ['IEA'], ['IEA'], ['IMP'], ['IDA', 'IMP', 'ISS', 'IBA', 'IEA'], ['IDA', 'IEA'], ['IDA'], ['IDA', 'IMP'], ['IMP'], ['IDA', 'IMP'], ['IDA', 'IMP', 'IGI', 'IBA', 'TAS', 'IEA'], ['IDA', 'IMP', 'NAS', 'IEA'], ['IEA'], ['IGI', 'ISS', 'IEA'], ['IMP', 'IGI', 'IEA'], ['IMP'], ['IEA'], ['IDA', 'IMP', 'ISS', 'IBA', 'TAS', 'IEA'], ['IEA'], ['IMP'], ['IDA', 'ISS', 'TAS', 'IEA'], ['IDA', 'IMP', 'IGI', 'IEA'], ['IBA', 'IEA'], ['IDA', 'IBA'], ['IDA'], ['IMP', 'ISS', 'NAS', 'IEA'], ['IMP'], ['IMP', 'IBA', 'IC', 'IEA'], ['IDA'], ['IEA'], ['IMP'], ['IEA'], ['ISS'], ['IMP'], ['IEA'], ['IEA'], ['IDA', 'IMP', 'ISS'], ['IDA', 'IMP'], ['IDA', 'IBA'], ['IEA'], ['ISS', 'IEA'], ['NAS'], ['IDA', 'ISS', 'IEA'], ['ISS', 'IEA'], ['IEA'], ['IDA', 'ISS', 'IBA', 'IEA'], ['IMP'], ['IDA'], ['IMP'], ['IEA'], ['IMP', 'IEA'], ['IDA'], ['IMP', 'ISS', 'IBA', 'IEA'], ['IEA'], ['IDA', 'IMP', 'IGI', 'ISS', 'IBA'], ['IDA', 'IEA'], ['IDA', 'IEA'], ['IDA', 'IEA'], ['IBA', 'IEA'], ['IDA', 'IMP', 'ISS', 'IEA'], ['IDA'], ['IEA'], ['IDA'], ['IDA', 'IMP', 'IGI', 'IBA', 'NAS', 'IC', 'IEA'], ['NAS']]"
GO:BP,GO:1903311,regulation of mRNA metabolic process,0.040673152197668726,True,"""Any process that modulates the frequency, rate or extent of mRNA metabolic process."" [GO_REF:0000058, GOC:TermGenie, GOC:vw]",312,157,11,21026,0.07006369426751592,0.035256410256410256,query_1,"['GO:0016071', 'GO:0051252']","['IGF2BP2', 'CLNS1A', 'DHX36', 'TRA2B', 'NCBP2', 'AGO2', 'RBM38', 'TRAF2', 'YTHDC1', 'SAMD4B', 'ZFP36L1']","[['IDA', 'IBA'], ['NAS'], ['IMP'], ['IDA', 'IMP', 'IBA', 'IEA'], ['IMP'], ['IDA', 'IMP', 'ISS', 'IEA'], ['IDA'], ['IEA'], ['IDA', 'IBA', 'IEA'], ['IBA', 'IEA'], ['IDA', 'IMP', 'ISS', 'IEA']]"
KEGG,KEGG:04210,Apoptosis,0.045385108283145556,True,Apoptosis,135,89,7,8484,0.07865168539325842,0.05185185185185185,query_1,['KEGG:00000'],"['AKT2', 'PIK3CB', 'PIK3CA', 'TNFSF10', 'KRAS', 'TRAF2', 'RAF1']","[['KEGG'], ['KEGG'], ['KEGG'], ['KEGG'], ['KEGG'], ['KEGG'], ['KEGG']]"
KEGG,KEGG:05163,Human cytomegalovirus infection,0.04602466330572839,True,Human cytomegalovirus infection,223,89,9,8484,0.10112359550561797,0.04035874439461883,query_1,['KEGG:00000'],"['AKT2', 'PIK3CB', 'PIK3CA', 'E2F3', 'KRAS', 'TRAF2', 'CCND1', 'RAF1', 'CDK4']","[['KEGG'], ['KEGG'], ['KEGG'], ['KEGG'], ['KEGG'], ['KEGG'], ['KEGG'], ['KEGG'], ['KEGG']]"
KEGG,KEGG:04929,GnRH secretion,0.04687137213090194,True,GnRH secretion,64,89,5,8484,0.056179775280898875,0.078125,query_1,['KEGG:00000'],"['AKT2', 'PIK3CB', 'PIK3CA', 'KRAS', 'RAF1']","[['KEGG'], ['KEGG'], ['KEGG'], ['KEGG'], ['KEGG']]"
GO:BP,GO:0050658,RNA transport,0.047622837400442965,True,"""The directed movement of RNA, ribonucleic acids, into, out of or within a cell, or between cells, by means of some agent such as a transporter or pore."" [GOC:ai]",160,157,8,21026,0.050955414012738856,0.05,query_1,"['GO:0050657', 'GO:0051236']","['IGF2BP2', 'AHCTF1', 'NCBP2', 'WNK1', 'DDX39B', 'YTHDC1', 'ZFP36L1', 'TOMM20']","[['IEA'], ['IEA'], ['IPI', 'ISS', 'NAS', 'IEA'], ['IDA'], ['IDA', 'IGI', 'IBA', 'TAS', 'IEA'], ['IDA'], ['IMP', 'IEA'], ['IBA']]"
GO:BP,GO:0050657,nucleic acid transport,0.047622837400442965,True,"""The directed movement of nucleic acids, single or double-stranded polynucleotides involved in the storage, transmission and transfer of genetic information, into, out of or within a cell, or between cells, by means of some agent such as a transporter or pore."" [GOC:ai, ISBN:0198506732]",160,157,8,21026,0.050955414012738856,0.05,query_1,['GO:0015931'],"['IGF2BP2', 'AHCTF1', 'NCBP2', 'WNK1', 'DDX39B', 'YTHDC1', 'ZFP36L1', 'TOMM20']","[['IEA'], ['IEA'], ['IPI', 'ISS', 'NAS', 'IEA'], ['IDA'], ['IDA', 'IGI', 'IBA', 'TAS', 'IEA'], ['IDA'], ['IMP', 'IEA'], ['IBA']]"
GO:BP,GO:0006402,mRNA catabolic process,0.04771133577833909,True,"""The chemical reactions and pathways resulting in the breakdown of mRNA, messenger RNA, which is responsible for carrying the coded genetic 'message', transcribed from DNA, to sites of protein assembly at the ribosomes."" [ISBN:0198506732]",261,157,10,21026,0.06369426751592357,0.038314176245210725,query_1,"['GO:0006401', 'GO:0010629', 'GO:0016071']","['IGF2BP2', 'DHX36', 'NCBP2', 'AGO2', 'XRN1', 'RBM38', 'TRAF2', 'YTHDC1', 'SAMD4B', 'ZFP36L1']","[['IDA', 'IBA'], ['IMP'], ['IDA', 'IMP', 'NAS', 'IEA'], ['IDA', 'IMP', 'ISS', 'IEA'], ['IMP', 'IBA', 'IEA'], ['IDA'], ['IEA'], ['IEA'], ['IBA', 'IEA'], ['IDA', 'IMP', 'ISS', 'IEA']]"
