Gene,T-statistic (Amplification vs Neutral),P-value (Amplification vs Neutral),Cohen's d (Amplification vs Neutral),T-statistic (Deletion vs Neutral),P-value (Deletion vs Neutral),Cohen's d (Deletion vs Neutral)
AKT3,1.333524361191163,0.2852760988748709,0.8009288170811426,,,
HDAC6,1.7875611456659215,0.1449776493398215,1.6200098285675195,,,
PDCD6,5.556051994244823,0.0002037474277466,2.1444199424732244,,,
CDH6,1.3146836034544451,0.2463271872219943,0.5672855483108501,,,
RANBP9,2.4992471387377813,0.0284566484531281,1.0505571335641666,,,
DNAJB6,3.386940452292764,0.0045747085320748,1.3391048464006334,,,
SMC4,2.8891757402449163,0.0077779397293108,0.95732893638675,,,
AP1M2,-0.1378754866072135,0.8938528206856976,-0.0538474172349142,,,
UBA2,3.4835663363744707,0.0083031461233693,1.8591488743176852,,,
DNM1L,3.1604913217285557,0.0457727331280043,2.1661244689047603,,,
ABCF2,5.768713669850949,5.024209825869541e-05,2.3999651649880813,,,
SCAMP3,2.3393323513347424,0.0644411879614531,1.972939063231463,,,
PQBP1,1.215187344508622,0.2808193863354862,0.7311104984930539,,,
ARFRP1,2.657407580601129,0.0358075642697448,1.3581575980102891,,,
SUGP2,2.549704805567456,0.0509488840708799,1.2458127232062712,,,
LPCAT3,3.076306295098642,0.0181524197965466,1.686217349766644,,,
SORBS3,,,,-2.0802398140038245,0.0575305065868101,-0.8990886328935479
ALG3,3.303408874866839,0.0020909590707954,1.042779802883434,,,
CDK5,4.991947908854222,0.0002833195122727,2.4013774878208998,,,
DDX39A,2.954014682579236,0.0086017391781744,0.9567679764067766,,,
TIMM17B,1.2790123416682586,0.2575959865689479,0.7216747744162874,,,
SF3B4,0.7593939195763313,0.4711338242427842,0.3409038021142453,,,
ZMPSTE24,5.80791014368351,3.752473007509447e-05,2.572530999067828,,,
AKAP8,4.380701079474118,0.0003735236810612,1.5061758917618162,,,
STAG1,0.298409458897438,0.7707786535273636,0.1107799946340277,,,
RGS19,1.0301976105884494,0.3694130379104279,0.6709744568085142,,,
PAK4,5.621561923312649,0.0002763839320669,2.8503754513499104,,,
AKR1A1,2.779612614071689,0.0263755444278164,1.2569964268656255,,,
DLC1,,,,1.5022391515225728,0.1756776054679174,0.7307397538998996
NDRG1,4.022353848227549,0.0001855656694619,0.9488206236487772,,,
CPQ,2.124988469381578,0.0531250743454411,0.8306410998096787,,,
BASP1,2.0356658646685664,0.0747459290129546,0.705519308944605,,,
TMEM147,0.5304094937910738,0.6197800098214561,0.3092545135544648,,,
LYPLA1,3.863144620737852,0.0168163448265908,3.451805932195865,,,
EMG1,1.5946374150395048,0.151660623001211,0.732799844078927,,,
PPIE,4.397875065580777,0.0004507101053497,1.858348221746541,,,
ECI2,3.2430761848474763,0.0040011192065097,0.970923352934763,,,
PPIH,4.472585315775711,0.0011801233716209,2.338845670885892,,,
CAP1,4.56426645895047,0.0002621783080031,1.7414315697495932,,,
LRRC41,2.6516941343883,0.0235919619009264,1.034769116501853,,,
CARM1,2.13469043492161,0.0669903222373947,1.344855416412456,,,
NCOA2,4.087161127939811,0.0056593821557044,1.4795505957255697,,,
CHERP,2.960771703789164,0.0124602868576844,1.132722671664467,,,
IPO8,3.6261069584946144,0.0090510657721219,1.3935829110429994,,,
RNASEH2A,2.311980422494823,0.0403558060722994,0.8414528698213486,,,
ARFGEF1,4.666808132792164,0.0042410232362607,2.898320480820338,,,
DNPH1,2.7231671105425623,0.0453319590407039,1.3451155970139088,,,
POLR3C,1.5299642187075764,0.167553167973715,0.6675514902693664,,,
TXNIP,-0.2891670371692749,0.7787613025585481,-0.1135865205217605,,,
IGF2BP2,1.2990359207468107,0.2048878597773234,0.416683399591058,,,
SPINT2,4.4202315635141725,0.0011716972689428,2.2117530070583657,,,
PMVK,3.052008518626605,0.0252311654836031,1.1818853362963062,,,
KHDRBS3,2.4902659911797285,0.0165990887682469,0.6508212971497734,,,
FARS2,4.638217010333244,0.0001707804530064,1.3415254255434732,,,
DCTN6,,,,-2.27263612158483,0.0473504663678154,-0.999758654963954
EBP,3.2501756757190075,0.0251125614513737,1.8062778448252077,,,
POLD3,2.151062214667516,0.0713300588460574,1.291877153535194,,,
SLC12A7,2.737448362956573,0.0236085679413005,1.5739458266620847,,,
CTSC,0.6179169028974726,0.5844052214255948,0.2245934097459546,,,
GIPC1,2.6248084891706487,0.0232774040624672,1.1748477554760912,,,
NUP50,,,,-2.280401969042126,0.0528092013707729,-1.2857711350802108
POP4,0.498967852845487,0.6219514983607661,0.1424687644920003,,,
RPP40,0.8255816369974794,0.4203834895713602,0.2728723210435434,,,
STARD10,1.7728243798771215,0.1116431211223842,1.0720702297271305,,,
ADAM28,,,,-1.8169868646836076,0.0951270588665723,-0.8891689191334726
TSPAN9,1.727881323447516,0.1186542780887559,0.8106828693706066,,,
ME3,0.7572184940582826,0.4740515200186944,0.284473596998789,,,
SUB1,3.2974611144436627,0.0150933243083397,2.2768544520784544,,,
SF3A3,1.134481518946288,0.2739604007113009,0.4303612339858566,,,
EBNA1BP2,-1.2215756895902383,0.246980262770088,-0.3878272722477318,,,
SLC27A3,2.587943623048305,0.0197046832359931,0.717972496611083,,,
TMED1,2.4605955249141944,0.0450777376033031,1.1216736327035357,,,
TDRKH,0.7444264572050271,0.488419186038957,0.572453053709752,,,
RBPMS,,,,-5.690463156462118,1.525405790830237e-05,-1.5820905115989052
ADRM1,3.476414219937105,0.0031487505119757,1.1918497191752366,,,
OGFR,5.52566150732213,7.03485337856246e-05,1.9247701672200848,,,
TPPP,0.1506538966745481,0.8829344944993119,0.055665508536089,,,
CHD4,-1.3724174072609294,0.1938120030922789,-0.4322215829474602,,,
DIDO1,1.713728929125795,0.1251582784106286,0.9844530744891232,,,
PRSS23,0.3062297425044465,0.7680154354721894,0.0910780954797758,,,
POLR3A,-0.0499760676703819,0.9608843699052154,-0.0160586389519417,,,
CDC37,4.166709497215859,0.0011685065606628,1.554480800822368,,,
WDR45,1.854324773538113,0.1447009993812439,1.3117318881539757,,,
PTP4A3,1.637164120893328,0.1088075217738035,0.4545906338088671,,,
MAP4K1,1.180375037022147,0.2859925074561918,0.4990582634911,,,
ABCB8,4.259474017955074,0.000290806795858,1.2200065995838532,,,
CHKB,,,,-2.20136038983293,0.0426547995878866,-0.9358705512572356
PRAF2,1.3865914129932526,0.2165389723874379,0.6278156785353772,,,
PDCD10,1.5542281664258564,0.1273654505154008,0.4549405851575736,,,
RNF139,0.1395034333367472,0.8905363298986889,0.0491089840905551,,,
ZHX1,2.7096296789312446,0.0110554468869524,0.7676783660611199,,,
NACC1,2.785055788309254,0.014797567183208,1.1252550798489338,,,
MED8,-0.8390783694985772,0.4247186288288379,-0.3986695669272576,,,
VPS45,1.665933166668175,0.1423928054042508,1.0282361371561275,,,
COPE,0.5265442172905251,0.6381799604801448,0.2239875486891279,,,
C12orf57,4.210697433252792,0.0002543017937766,0.9533539094833212,,,
PHB2,1.2578456466011596,0.2414406590669484,0.5889597250415517,,,
EXOC3,1.3430507231284323,0.1969111057556419,0.3445447616132331,,,
MFSD3,5.74246902648227,7.69204867938749e-06,2.1013488045832527,,,
PGLYRP2,-0.3666403612478324,0.7185031472620123,-0.1222363916466536,,,
C1QTNF3,1.4124163939262628,0.1952497547450555,0.5719629133553014,,,
CCDC124,4.756965270120085,0.0301890813726337,2.73392502979459,,,
TBCB,4.904446214660161,0.0012951618935787,2.880816909521875,,,
CTHRC1,1.914113421874712,0.0665732086303162,0.6253870010282397,,,
FOXP4,1.047535503305065,0.3487865010950716,0.6673684311308161,,,
COX20,3.2824376934946424,0.0057810234074134,0.9533040967907096,,,
CKS1B,1.3696739680132417,0.2286766822692157,0.625692263132707,,,
ARAP1,3.373317062046929,0.0065266222969726,1.5152617552484515,,,
AGAP3,4.451534934540433,0.0005600225366915,1.8630105783904916,,,
THEM4,1.840617773123012,0.1162734128763175,0.9791809325889383,,,
AP2M1,-0.5689360525527046,0.5725818118229892,-0.1679533922883831,,,
CLU,,,,-0.3713038341808067,0.7160305319244806,-0.1337344347681055
CLK2,3.29959467589739,0.0190978194283094,1.4917577404453817,,,
CLNS1A,1.9397562060611748,0.0830754963299409,0.9084078981909196,,,
FGD4,2.181608921433617,0.1104402407127214,1.4851922441257803,,,
RAVER1,3.2466771576405016,0.006929780713618,1.3827327706014885,,,
NR2C2AP,6.423238660246026,2.065968030925292e-05,1.516283952438955,,,
HSPB6,1.6273519751798715,0.1337204897770126,0.6096096484555666,,,
CNN1,1.2088241919589926,0.262109657809748,0.5625226647824546,,,
C19orf47,3.50453696834488,0.0147371147065205,2.5016698840254388,,,
C1orf122,2.4220105447379754,0.0324215597026716,0.9845345101487076,,,
OSCP1,2.406367877994439,0.0359597411638571,1.0148387015780402,,,
MRPL55,-0.8045470503038286,0.4613987546108726,-0.469739294823705,,,
COL8A2,-1.0644185516284976,0.2956669369774524,-0.2815640008644268,,,
TAF8,0.8777292601079376,0.4423528495617195,0.9334677785091668,,,
COMP,3.1189796655739035,0.0036576514786223,0.551660365457492,,,
DNAJC19,0.1973609211781441,0.8444707756764984,0.0583757978496615,,,
LRRC15,-1.0571656979121689,0.2986110781703442,-0.3678229951951097,,,
NADK2,2.8906483845619344,0.0261936393778488,2.120196093491265,,,
CCDC127,4.440193368425594,0.0003936111298166,1.165059944597088,,,
COX6B1,0.1517467915885312,0.8817073070604899,0.0506133451718151,,,
CMBL,0.1781668819949402,0.8621433216521324,0.0721996486474302,,,
DNAJC21,2.481113805853524,0.0483007726234,1.289737458621311,,,
COX6C,-0.1139745392657161,0.909902965039994,-0.0311964175327925,,,
CP,-1.887951372635044,0.0693586362623565,-0.5379373276984811,,,
VPS37A,,,,-3.8931012811261625,0.001354500876057,-1.3693217076944255
NDUFAF6,3.5241693073351774,0.0026809718269638,1.2270701644209938,,,
TMEM68,2.25735209527372,0.070408428668845,1.7014514505190506,,,
S100A16,1.9923462658171351,0.0666525068363844,0.7492862775656989,,,
PARP1,3.2496606567774053,0.0233948271462492,1.481641113875777,,,
A2ML1,3.880326282253867,0.0077378126219771,1.179194020867502,,,
SPC24,1.8259415653855695,0.1241618605937778,0.9380255432650988,,,
DPY19L3,-0.73159856552052,0.4794103441956505,-0.3077034564801226,,,
EXOC8,2.6209214421268725,0.0134594204960393,0.4781674976012395,,,
C1orf210,2.6914359869370044,0.0578342202519161,1.5655541123492147,,,
LSM14B,3.346623150185411,0.0074796833727798,1.60354414795553,,,
CTPS1,5.945819957627696,3.5039722427975177e-06,1.8389956959457296,,,
CTSB,,,,-3.417244328502601,0.0087468023166656,-1.4564049677497493
CTSK,-0.1635407694434484,0.8742624877301033,-0.0604486455692756,,,
PPM1L,-0.0792874898185304,0.9375778991223676,-0.0313179022409359,,,
MB21D2,1.2790394640932772,0.209339084250921,0.4091407227870862,,,
CTSS,0.6638194168607994,0.5234865736974283,0.2791597925441127,,,
XXYLT1,0.4445552403370386,0.6588616814713302,0.1280223143511426,-0.3607425473542921,0.7479008347063534,-0.2476347105807711
CCDC50,4.329611922038671,9.400334727642471e-05,1.275110434198728,,,
CYC1,2.9076718985986463,0.005350936521826,0.7291870676570428,,,
SNRNP48,2.528401910070678,0.0293068600277738,1.0125069996216411,,,
MBOAT1,1.980531771666847,0.0689803128432533,0.796947267072313,,,
CCDC167,0.6468919511096433,0.5636201785438133,0.3246134611078343,,,
GIMAP8,-0.1249826480236558,0.9011842529553836,-0.0303261636683593,,,
RBM33,1.3837677673136113,0.1844764004803653,0.4440722591525879,,,
TMEM65,4.9518263733024686,6.49848245074027e-06,1.1305791885358454,,,
FAM91A1,5.526010163930522,1.082700994820391e-06,1.3877160535836477,,,
SBSPON,-1.367843998550826,0.2953772050915252,-1.0761854902063244,,,
CYP11B1,-0.7524924261498868,0.4578545495557524,-0.2386013252966745,,,
CYP11B2,-0.9795469609319412,0.334734361702779,-0.2998988599012021,,,
DAB2,0.4448554504384263,0.6760027409325302,0.2047857575436973,,,
CNST,4.534579352088676,0.0100285845893326,1.5378473775829384,,,
DEFA1,,,,0.1047846161574278,0.91784976135741,0.0315744610687971
DEFA6,,,,0.334191805816252,0.7407907839311143,0.0796352515122467
GIMAP7,0.1037738113385461,0.9191103628008018,0.0448724598725071,,,
DHX36,8.82433052122676,1.6293229574321657e-07,3.309960420745061,,,
GIMAP1,-0.2686234558349487,0.790210175167527,-0.0718473825906369,,,
ADAMTS16,0.8525432519749564,0.4080319091095288,0.31709611225177,,,
ZNF384,3.273900281747728,0.0087432761434057,1.3035970628571998,,,
DHPS,3.101015663155083,0.010759146334068,1.3949478777167268,,,
DMD,-0.489604531671846,0.6643594578012858,-0.3229976957736236,-2.777316385666586,0.0101698204188508,-0.9594761462544364
DNASE2,3.232537441838693,0.009307770478994,1.573896317680586,,,
DNM2,1.8213704228012215,0.1150391455550945,1.2727598748291529,,,
DNMT1,2.7230177365045987,0.0191535558062126,1.2081973928897338,,,
DPH2,1.7281019249887366,0.1288036720266748,0.5071649935259146,,,
DPYSL2,,,,-2.4694772584036624,0.0203940621497893,-0.7649584289003531
DSP,1.262272675912966,0.2301824170039813,0.5541403682315713,,,
DVL3,2.857645714553552,0.0066146994009884,0.857773296533983,,,
E2F3,2.563861420259962,0.0258153315277898,1.1183819804057475,,,
TYMP,,,,0.3512046381269399,0.730000366595313,0.1464490494236255
ECH1,1.5700968326591718,0.1496468843619031,1.0041011873358674,,,
ECM1,-1.23655326440559,0.2315577030413322,-0.2800769258764915,,,
ECT2,4.237514712114067,0.000109443277806,1.2101574457756703,,,
EEF1A2,0.1015406564154184,0.9209263729387922,0.0405104120720464,,,
AGO3,3.2791852763067504,0.005535571813893,1.4512323046900444,,,
EEF1D,5.842947425080244,1.2805450236080636e-06,1.6912072210770626,,,
EHHADH,3.396932721747352,0.0016729657720879,1.032601120766279,,,
DCP1B,3.6319579250507807,0.0098008758504476,1.6872050377614047,,,
AHSG,-0.7401677168622322,0.4634927752890851,-0.2162458136285037,,,
EIF4A2,4.990259713225968,3.372174194754219e-05,1.6343071796520627,,,
EIF4G1,7.82852944068538,1.0395126581464596e-09,2.297995122383655,,,
SERPINB1,0.9986278295934004,0.3368926012722607,0.437767571415713,,,
KRTCAP2,-0.3108514436383578,0.7635016643902504,-0.1221500297780324,,,
IBA57,2.287286310371864,0.0585989561595841,0.6922568085732745,,,
RPL22L1,-1.3475822069478047,0.1865353962487476,-0.4312988339682341,,,
CTTN,3.59067313114324,0.0045952085287068,1.642029089815693,,,
ENO2,1.1805282417256904,0.2691456310192386,0.5472162893648828,,,
ENSA,4.071603833821824,0.0032342693444978,1.9285246844381465,,,
ADCK5,3.0617429929179343,0.0049061929859174,0.9905874273051476,,,
R3HCC1,,,,-1.5925379604174998,0.1263072303928934,-0.4887927661293025
DMTN,,,,0.3195432105740826,0.7577474134519961,0.1914482538326454
EPHB3,3.2234857966754515,0.0026884609779788,0.9800204608388384,,,
EPHX1,3.56142322659837,0.0055281998839402,0.8824247377535002,,,
EPHX2,,,,-5.930926258702377,2.1065662338172785e-06,-1.5924493155315993
NR2F6,2.545159266759389,0.0375265251390234,1.315266432551348,,,
AKT2,3.2104541900476287,0.01637456452343,2.1418147400411542,,,
FBL,-0.7461139812325175,0.4673294430089451,-0.2681815707631785,,,
ETV6,3.657931273610489,0.0113278577134789,1.130236645389135,,,
MECOM,3.605758303286029,0.0007173008911354,0.9479178151693154,,,
EYA2,-0.0592888596955415,0.953737212575414,-0.0228030023064854,,,
EZH2,1.263718570411291,0.2279982032299676,0.5044117897287612,,,
F13A1,0.1978485003245945,0.8463462890965047,0.0859962837543497,,,
FAAH,1.358308599708543,0.2142653756645152,0.9148505697944306,,,
PTK2B,,,,-2.119174674625302,0.0491638939240854,-0.7183161448928428
FBLN1,,,,-0.8269849503462283,0.4250859176739355,-0.3984134471524925
FARSA,0.7426253268065046,0.4660213655301106,0.2213055066821751,,,
FCGR1A,-1.3080859640873468,0.2222654718175429,-0.4963161827940857,,,
KDM1B,1.1825172202671583,0.2736001973053335,0.6531707305958044,,,
FDFT1,,,,-3.3161325826472843,0.0054709922295089,-1.094721433809804
FDPS,2.4128541899724696,0.0541553043530525,1.3045899151512552,,,
FH,2.516273728557829,0.0387498056219409,0.9584916956108668,,,
FHL3,0.9518844159817844,0.3533995585892593,0.3011683807812469,,,
COG2,0.8774737902091843,0.4143569653205755,0.4261823013945827,,,
MRAS,-0.6269894232032955,0.5389858664347618,-0.2216473432954068,,,
PUF60,5.9023974810018345,2.814715757836215e-07,1.5186390198306612,,,
FKBP4,4.95523070638299,0.0006468634983744,2.0503975904675804,,,
ZHX2,0.9574432283411292,0.3432586880989251,0.246743229831044,,,
FOXJ3,3.6513394207602894,0.0037326812763221,1.6296456853951629,,,
UBOX5,1.1226422268017415,0.3503767385809957,0.7703595206934912,,,
DENND3,2.029128855888555,0.0521412129591397,0.6525607467532195,,,
NCBP2,1.494626154783506,0.1425696634209333,0.4429820937102473,,,
SIRT2,3.201612309491267,0.0092347160685682,1.666297314326311,,,
CCT5,0.6249914882190819,0.5467512301052189,0.2827032755185035,,,
TPX2,1.6857063178764535,0.1578511441640288,0.9591294379292932,,,
PAXIP1,1.8301847303898595,0.091026445064201,0.7762729917438506,,,
MYH15,0.6494739090102681,0.5464292745945801,0.2012871351124182,,,
STK38L,3.455062779043633,0.011536922828507,1.9923745306275684,,,
RBM34,1.9509633737237388,0.0800046268335633,0.6452713981899448,,,
XPO7,,,,-9.541440032099676,1.76962350165395e-07,-3.855724516953837
CMTR1,1.540131393219776,0.1565007472734742,0.7253454595130641,,,
ERC1,8.282417163638936,1.890518187683079e-05,2.7602000125029584,,,
SIPA1L3,1.8384122460126675,0.0963925248227713,0.8763672523592644,,,
AKR1B1,0.4749949516069193,0.6445840840429917,0.1988419825138657,,,
POGZ,1.189209353699782,0.276630382637488,0.8316105879394559,,,
GRAMD4,,,,-3.0211349415300446,0.0083489397790481,-1.3860893032735455
NUP205,1.2231041839978818,0.251220340776926,0.5079927539143089,,,
EFR3A,3.940913337873591,0.0003042015784264,1.0540808831425552,,,
ATP11B,2.322253152112509,0.0263112529910965,0.7231240507112052,,,
FAM168A,1.880816961589975,0.1119223465108086,1.0897522601710423,,,
SULF1,1.0136321322093318,0.4018277261383103,0.5516388339531553,,,
BOP1,2.739780906107843,0.0089655277934259,0.7578510535867072,,,
RPRD2,2.574502928942187,0.039967965046128,1.832850662895384,,,
KIF13B,,,,-2.6769622262878587,0.0192676674821275,-0.9652300441995836
SIN3B,4.654662964138688,0.0010475489599695,1.6721885675916115,,,
SZT2,1.5932508071277585,0.1344869491751947,0.464960681994048,,,
U2SURP,2.8119644419142618,0.01299054173597,0.8531371297334446,,,
HAUS5,0.2264904433330725,0.825672009034151,0.0918461156713881,,,
VPS8,0.0266635626925857,0.9788538163483052,0.0078066332362894,,,
CRTC1,2.477991919287043,0.1111409319209707,1.4023558097844322,,,
SMG5,2.7491850859498945,0.0180466350217279,0.7816964309891449,,,
MAU2,0.1904474033630419,0.8542074783390581,0.0515169943287088,,,
SIRT5,2.319979578798712,0.0383195267482826,1.0148106242464574,,,
ABCB10,1.1879872285106423,0.2677574236341833,0.4458687747261006,,,
BRD4,6.622005094124132,8.073661048240409e-06,2.6133164637208,,,
POFUT1,2.9724667122142168,0.049481171616364,1.7292389183629278,,,
SCRIB,8.889760912654237,5.553238915438083e-12,2.288411072508032,,,
SLC39A14,,,,-3.354120460802543,0.0021741616031858,-0.910174475599272
ACAP2,6.334933654143013,3.323043212953412e-07,1.9415005037214197,-5.367751003201776,0.0080337291343269,-2.1841370020432973
SNAPIN,2.1493270537224167,0.0517512113747642,0.7254101190407864,,,
CLEC5A,1.248781903845814,0.2280873894329811,0.4441732765856896,,,
MKRN1,0.213900476997509,0.8431618553384228,0.1893631058391896,,,
ZMYND8,0.3148913520770854,0.7587898784650831,0.1329805271170979,,,
PLD3,4.643531552183905,0.0160231984327062,3.778029006330207,,,
PLXNB2,,,,-5.019850693480167,3.988421584270246e-05,-1.8469451982983585
FKBP8,11.551736672981308,1.806501067783208e-14,1.9178121024506916,,,
BRD1,,,,-3.4349338882463547,0.0042947436241716,-1.5702181983793575
ARHGAP8,,,,-1.5561702431625202,0.174257401724979,-0.8888744033460294
FTSJ1,0.8504137841476025,0.4511563154736526,0.628484891563475,,,
PRPF6,1.6143069963442451,0.1565624566807585,0.8705317918856079,,,
RICTOR,2.3078476246082413,0.07658063552235,1.3965619053352811,,,
UBN2,2.3658872138364204,0.041365408522354,1.0403790698182276,,,
NAALADL2,1.8325049023381328,0.0732715999465255,0.5103586747974788,,,
TBC1D22A,,,,-2.8319233998199853,0.0120982436806236,-1.3207153402444871
PGLS,3.916165413608495,0.0098859715504473,2.940284914070363,,,
SAMM50,,,,-2.009245584050535,0.0708562488950554,-0.8931836710570086
ATXN10,,,,-3.713073864034296,0.0018513754948921,-1.5825030683176924
NIPBL,1.865043484032902,0.1139960596549576,0.9641622749544252,,,
ARMC8,0.666088063018246,0.5209377914691716,0.3107131607084706,,,
DCAF13,-0.0501281313027834,0.9603642532482968,-0.0157808119990851,,,
GALNT2,2.301228984580947,0.0516904709948322,0.948525460295397,,,
AHCTF1,2.5511191422546853,0.0300628668170546,0.7919382182923701,,,
WWTR1,1.8938428975285155,0.0751109853897009,0.7018473979337463,,,
KANK2,0.8880924200199282,0.4097560277401181,0.5331079107540416,,,
GAPDH,3.2978070287004355,0.0103458421525464,1.6550989023209992,,,
NECAP1,3.3064331669189326,0.0193103619269921,2.435989418212504,,,
AOC1,-0.702715633696113,0.5069229575085635,-0.3091779479238703,,,
TENM4,-1.19853054317726,0.2494481866258044,-0.3687937014455966,,,
FAM32A,3.468502954365816,0.0116694185451375,2.281221865016882,,,
SS18L1,0.7167038725954242,0.4903713726019121,0.3392516781121233,,,
UBXN7,6.537979251495606,1.1253675861738113e-07,1.946061227345639,,,
RAI14,3.5198058725620918,0.0058169149191749,1.0786173058033408,,,
LSM14A,6.045572059550384,0.0001396789553142,2.324370418472057,,,
CHTOP,1.464782630976356,0.1648180268425563,0.4892736970015398,,,
FGFR1OP2,1.8588323298650784,0.1266407860173047,1.0248028544199466,,,
MTG2,3.804215279774018,0.0061582617310325,1.6467925824947156,,,
GMEB2,0.5932859618157094,0.5649617424793346,0.1942933981121842,,,
FBXL6,3.212022446297467,0.0028000178463836,0.9144144456345966,,,
MYCBP,2.8030829980451983,0.0111877703963361,0.9690549623432776,,,
GCDH,6.358387951996509,9.414398948850454e-05,3.1015618570798598,,,
AGO1,2.5162035463619485,0.0249882116418436,1.1347894002204544,,,
OPLAH,4.951204960155637,1.0980369390642274e-05,1.3435337090956931,,,
COPG2,1.124286596372898,0.3058850615564996,0.6290195230007092,,,
PABPC1,2.4058997091209124,0.0215398295145399,0.7188296781086961,,,
AKAP8L,5.073742383602181,0.0001455022355884,2.0124998213640577,,,
FETUB,-1.437985665252944,0.1612996919939017,-0.4869285395150877,,,
TPK1,-0.294641684984728,0.7749042644951012,-0.1324457752772735,,,
TRAPPC3,2.763313178833797,0.0144341473366931,1.0951266181617412,,,
AGO2,3.882298211689993,0.0003847830508003,1.0910314284278235,,,
GPKOW,4.448811836760735,0.0066706093230073,2.4209709319348485,,,
GOLIM4,3.568422644875564,0.0009021333796287,1.0301148873006314,,,
EIF3K,0.9402822697849028,0.3736768708115082,0.6517427814213874,,,
GMDS,2.966885687320396,0.008408019677491,1.072421058139133,,,
GMPR,2.5067891809496343,0.0258056587291991,1.080109053650893,,,
GPI,3.5487950372342527,0.0039272040138715,1.0979720575602545,,,
PGM2L1,1.7858609127945986,0.1217727275412224,1.2537959441761273,,,
KCTD21,3.456804346680634,0.0032403802312074,1.0609537963061304,,,
KCTD1,0.9207180584702228,0.4039064429402908,0.6217446386252617,,,
ANK1,-1.3570474528540564,0.2134958631998714,-0.4425499431017188,,,
NSMCE2,-0.4729785811754484,0.6397680586638723,-0.1452528753470627,,,
FAM83H,4.844792109739041,1.3461520310360512e-05,1.134164426217123,,,
LIN9,1.9050137666038915,0.1016651673395623,0.7059963242604996,,,
CCDC22,0.6876161754788916,0.5246660976330222,0.4429434685986815,,,
LAMTOR2,-1.5581840609832738,0.1530313518578471,-0.4650936691419833,,,
TMEM176B,-0.3649675163976991,0.7180658537080203,-0.0951121338528045,,,
AAMDC,3.6119073864129096,0.0045738782808871,1.4009315206727888,,,
C19orf53,2.761080019602748,0.0157517722594175,1.21564285244248,,,
COMMD5,1.7245274239845474,0.0924320041922991,0.4915376056859319,,,
MRPL13,1.6951110251445476,0.0973674195405235,0.4669663948979913,,,
ATAD2,2.0634153069732317,0.0471005995919744,0.5906490384743025,,,
WDR91,1.321087153415429,0.2130418205373721,0.5167992977718407,,,
BABAM1,2.5139748913675537,0.0440135419494271,1.953481152135731,,,
MRPL15,-0.2054397455087907,0.8450634616751308,-0.0849912605500699,,,
GTF2E2,,,,-4.758495533644016,0.0002935809983082,-1.4574086968019346
PARVB,,,,-0.3490911698433623,0.732461737484245,-0.1483646925964829
REPIN1,3.561440222534216,0.0027510656838774,1.3799650123495584,,,
GUK1,1.1913659247618245,0.2938488207944521,0.7434728096680171,,,
CNOT7,,,,-2.6868088176874707,0.0192231117068806,-1.0577652854677142
GNL2,2.856869422875286,0.0109452506197111,0.9846510895580622,,,
CPSF1,-0.7179203107857648,0.4768392818230572,-0.200007097585436,,,
HOOK2,2.2972250785342663,0.0399554522853278,0.8983607321578592,,,
GYG1,5.866709061845793,3.010936588923013e-06,1.7048301556911925,,,
PYCR2,0.6800258885927337,0.5407051909921695,0.4206051028596566,,,
CERS2,2.7933680341287315,0.0286987644713965,1.7696505906963378,,,
TNPO2,3.527617405345749,0.0063952744693716,1.9355360227915497,,,
HCK,1.1557963437881775,0.3190620253964447,0.6123839259641323,,,
NRG1,,,,1.2492706092017145,0.2446583126175903,0.6410127442337955
HNRNPL,2.216182956582669,0.0482746441817243,0.9948408106612068,,,
HSF1,6.070477684516047,3.08886889288534e-07,1.6801886299586155,,,
DNAJB1,6.172961756788124,7.97955669971613e-05,2.974092135955605,,,
ICAM1,1.9724025159722045,0.0705052164751825,0.7818180143120141,,,
ICAM3,-0.8104782362144427,0.4294522427420555,-0.2953074978045433,,,
NRBP2,5.513069823607995,1.289474179077066e-06,1.4636846726462334,,,
PALM3,0.8842354597543706,0.3915932240737013,0.3738494117753126,,,
APOD,0.4122117520739349,0.6823117813606996,0.1228175338671247,1.104759272419956,0.355731585137472,0.5735053857921617
NMNAT3,1.5814045699971664,0.1454144377528974,0.7122681124090262,,,
IL1RAP,2.6176665221076347,0.0144838177370916,0.8550797871495018,,,
IRF2BP2,3.691120810440588,0.0022894400897137,1.0818455818211523,,,
ILF2,0.5277240676254528,0.6042410131135414,0.1425465886592374,,,
ILF3,3.258234283155501,0.0075858305854523,0.9878931131727998,,,
INPP5B,3.298535533336852,0.0046816887903848,1.3548671626177191,,,
INPPL1,4.942077738069619,0.0013712367082863,3.113240423329481,,,
EIF3E,-0.3282140959819129,0.7443923725374924,-0.0960356622612434,,,
ITPR2,2.072358375517327,0.0688908969727612,1.161907375939459,,,
JUNB,1.3967439547819758,0.1772978958816549,0.4151862377179436,,,
GSTK1,2.9595998784386106,0.0129904983293339,1.5546336127453115,,,
TMEM205,1.795373477834452,0.1197414090106173,0.8829861058466486,,,
SLC27A1,1.9520992260277377,0.1025428464901765,1.2535408753706858,,,
KNG1,-1.2689319300593758,0.2111764257216259,-0.3613784525899868,,,
KPNA4,5.692678330433136,1.7883179926715757e-05,2.143929709380373,,,
KRAS,2.003847844772064,0.0749174595184483,1.319156184078051,,,
NSUN4,4.459920538377727,0.0016978927523091,1.8684452538364689,,,
LIPT2,1.5207502113366171,0.2200291800934612,0.7190445728408272,,,
COA6,-0.3026718779480909,0.7678570592618736,-0.1214384395842989,,,
LEKR1,0.0919249238731002,0.928570082921607,0.0449982661196768,,,
PSMG4,1.8858423973759268,0.0832440410983973,0.7730665487614128,,,
RBM12B,5.594990324132418,0.0005790612563992,1.7765553151392155,,,
NUDT19,1.6742759829598692,0.1284896570625383,0.7102845360163704,,,
LAMA5,2.21933100817163,0.0435263146089973,0.8917041418086313,,,
LAMC2,1.294022984151093,0.2467978552719845,0.7569147927366383,,,
LDHB,4.200040717259566,0.01965688001312,2.484511352511286,,,
LGALS7,3.16013856390944,0.0236280752908728,1.87031390236812,,,
LGALS8,1.1774701362479685,0.2778999349753996,0.6362980403839233,,,
LMNA,2.1901557338681257,0.0671309562123875,1.3628840266944937,,,
RAB19,0.5878935393706484,0.573118924718576,0.2939266955080868,,,
LOXL2,,,,0.1076807700575193,0.9160705701831722,0.0501342839389266
LPP,2.211449995921995,0.032671031491585,0.641950460995698,,,
LSAMP,0.6322182062350016,0.5398088636292222,0.1966044368477798,,,
ARNT,2.401577222203375,0.036598692603972,0.924864951795834,,,
LY6E,2.6213439519603043,0.0128862467825324,0.779522143201899,,,
LYN,0.7318768508437739,0.501301595470692,0.4710757163543846,,,
TM4SF1,3.581068878200654,0.0026452369852307,1.4638839463794724,,,
M6PR,1.852536621523144,0.1176739932539526,0.7581516145857665,,,
ARRB1,0.6059310415269116,0.5574935542998234,0.2228920691828984,,,
ARSA,,,,-2.312933157675596,0.0299395800948211,-0.8435823338452874
MAN2B1,1.2536368514653045,0.2402547637879843,0.6400753904514804,,,
MATN2,2.62258434410155,0.0168270132586412,0.9681579230012928,,,
C8orf82,6.350637117335007,5.7169009564906926e-08,1.6150940765107342,,,
MBNL1,3.4159056543998543,0.0022313747018366,1.0516833018714875,,,
MCL1,-0.521888070201979,0.6172796568632024,-0.2202717846191333,,,
RAB8A,3.8608311095794954,0.0033501139441252,2.237093536706906,,,
MEST,-1.064198615117115,0.3305413400361502,-0.6290537796124073,,,
ASAH1,,,,-2.233101584700616,0.0440693974884857,-0.9332970542489664
MKLN1,0.1164989759117599,0.909138870262568,0.0416885639378014,,,
MLF1,1.3123566256578492,0.2179672511815389,0.5626629430351279,,,
MME,-0.8557990399486171,0.4093953453417431,-0.3974371219245025,,,
MMP7,1.5702984790697223,0.1632019742082003,0.9763552130642176,,,
ASPH,0.7001151758265787,0.518365276674289,0.4000705176559755,,,
MSR1,,,,0.6612562522473695,0.5194994652628644,0.2443677542565635
MSRA,,,,-2.736125217001973,0.0164981366673017,-0.8618265686583781
MTR,1.617996887178498,0.1617411561017356,1.0739822817078049,,,
MTRR,2.042215400560978,0.070544183540211,0.7047698359499384,,,
MTX1,1.327502309341794,0.2356265184023287,0.7657550483189935,,,
MUC1,1.3275760344474636,0.2352662506371027,0.748839063257848,,,
MYO9B,2.413513120201825,0.0506067075513103,1.8782091007990227,,,
MYO10,1.832646601261101,0.1136617342036037,0.8283435267008102,,,
NASP,2.0541811049538543,0.0766203875802675,0.8788438625048486,,,
NDUFA9,1.6681956259098862,0.1444640739167161,0.4990895067648001,,,
NDUFB2,0.4111018582766441,0.6875104217624718,0.1652384638312494,,,
NDUFB5,0.3178538410304674,0.7519570728671807,0.0881567939952715,,,
NDUFB7,-1.5961158421853974,0.131085972506264,-0.5384948797105269,,,
NDUFB9,1.8537856857240245,0.0703398574672979,0.4861029623026868,,,
NDUFC2,1.384908662733189,0.1870779712304532,0.4992174290901485,,,
NDUFS5,-0.2274425861875438,0.8214558831612095,-0.0574693159195473,,,
NDUFS6,1.1883963591980602,0.2614388948309316,0.4768606502155464,,,
NF1,,,,-3.618170215917149,0.009762473535923,-2.206566378839645
NFIX,2.904307822070831,0.0109917179507427,1.1711594509343044,,,
NFKBIB,2.258078558750352,0.0986231176109512,1.8623181367592887,,,
TONSL,0.1918815510834628,0.8501497971610562,0.0770481045113679,,,
NFYC,-1.1639898416347132,0.2574405830902274,-0.3936792358365879,,,
NID1,0.3910849640331174,0.7039666983490163,0.125565301230679,,,
ATP1B3,1.215256298548354,0.2389636011024131,0.344661595917094,,,
NQO2,0.1811433012307404,0.8586369123628705,0.0667676625328041,,,
NOP2,2.63029309932588,0.0318435222424575,1.7098118935756068,,,
CNOT4,4.059706858048158,0.0051566146306461,1.859436769366037,,,
NOTCH2,2.044195780579241,0.0711371037970385,0.8151529452285027,,,
NOTCH3,2.10642262325172,0.0532578090377217,0.8248794750627471,,,
NPR1,2.703046958689538,0.0240814627952667,1.4208288555411115,,,
NRF1,0.3143748185640266,0.768122712798798,0.2665413450178763,,,
YBX1,0.7216558140941265,0.4852922480271378,0.3051636937180161,,,
OPA1,8.734606943264286,1.5809228973240062e-10,2.610684557297484,,,
RRM2B,2.9640889045691208,0.0074599265670386,0.9955809660933554,,,
COL5A3,-0.641145698300152,0.5284707717658164,-0.1763866891430163,,,
PRDX1,3.849927267910649,0.0072804443761823,2.436689416495208,,,
PAK2,5.653331456720249,2.2304678555213886e-06,1.7387167521922064,,,
ASAP1,4.749186333653586,2.030542603364978e-05,1.1534786419559973,,,
COPS7A,1.5791157220443497,0.1525912409398464,0.8340669092120767,,,
GOLT1B,2.0660924091622785,0.1095492217367569,1.1100194476805243,,,
BOLA1,1.556279162875944,0.1620863985753682,0.7372724464807084,,,
DESI2,1.7489794593637855,0.1246134942320227,0.8190305213638045,,,
ZBTB7B,2.2460221541780805,0.0508962528173899,0.7939096472688613,,,
PCK1,0.3597404588234638,0.740068254577956,0.2670140207733771,,,
YARS2,1.7175608805927751,0.1796329410173393,1.381188682057772,,,
NMD3,5.106156093103081,9.14397936219451e-06,1.4369287092278094,,,
MRPL4,0.800501830484985,0.4382925088930591,0.2969701681213901,,,
NDUFA13,-0.4336729216655228,0.6805374206023668,-0.1306578360538094,,,
PCM1,,,,-2.378446865199808,0.0328800471610428,-0.9670951252267064
SCCPDH,1.4777645396014876,0.1920676636635833,0.5677727371277024,,,
PHF20L1,2.9614981288819284,0.0052712684658286,0.8504633527037008,,,
APH1A,0.5244580316968821,0.6120664227174051,0.1934475038034336,,,
COMMD2,2.3588243045163333,0.02691635664762,0.7552596766681384,,,
ZNF706,3.7197040955166494,0.0014163699806918,1.357225072342289,,,
VPS28,-1.0062651919467889,0.3193833727290117,-0.2685837205292053,,,
DBR1,2.704091248234376,0.0265525466731872,1.3952780222487646,,,
PLEKHO1,-0.4315937594129388,0.6924686867673273,-0.1717844387225474,,,
CPA4,-0.7106201567666194,0.5038080015178514,-0.2782947437381424,,,
ACP6,1.2619590776011755,0.251505064265421,0.5967169215487197,,,
MRPL51,-0.0983238304029651,0.9234983485205,-0.0369693079216276,,,
C1RL,1.118914049109803,0.2920600592805698,0.4243872117994494,,,
COA4,2.6599039013731045,0.0399936897669931,1.4451532587242164,,,
ERGIC2,3.470099733557209,0.0211511372527778,2.016387028994244,,,
ECSIT,3.041784795627272,0.0254446297587798,2.1179418239745704,,,
PCYT1A,5.7366046042755015,3.2040958115749394e-06,1.751974211562689,,,
RSRC1,2.569881228195248,0.0155479661134762,0.7979394371032315,,,
THEM6,4.900277800792952,1.0227282378466432e-05,1.255001078182514,,,
UBR5,-1.1990833190649022,0.2424138368998447,-0.3818751105017212,,,
PDE3A,0.2847456412761706,0.7928994333789758,0.2076698254578588,,,
PPME1,2.415254908931844,0.0565046498378879,1.4984111388850103,,,
NOL7,0.6108553148005821,0.5512565451916587,0.2340605745012019,,,
PRKAG2,1.0316681305546804,0.3358760969028181,0.605381781828974,,,
SCARA3,,,,-0.900602922627592,0.4404164875068779,-0.5475021323474792
FAM8A1,3.054398951643664,0.0183783515925967,1.587604526616586,,,
PDE4D,-0.0826402858012292,0.9407086834670592,-0.0588952607265251,-2.40977382879417,0.030121849430987,-0.8160256422577107
DCDC2,2.598728992389824,0.0229742904537658,0.8180946360232245,,,
TMEM14C,4.321312992200834,0.0008171858699644,1.781450186621628,,,
ZC3HC1,0.5842555401915984,0.5815924518202213,0.3378103478599591,,,
PDGFRL,,,,-0.4271831200604738,0.6984773396296882,-0.2872198026588531
PCF11,1.9817965032920517,0.0855829734853241,0.832095175324084,,,
LSR,2.459300093259285,0.0493541829981718,1.250497704914836,,,
ATP6V1H,3.299961349020466,0.0221014231204531,1.5000502516176046,,,
MRPL48,0.2698785918123272,0.7967213809556937,0.1390262703376693,,,
MRPS33,-0.011099596994428,0.991282191058916,-0.0041264324061246,,,
ZFR,2.6656294198330555,0.0268900847437302,0.9164206401982622,,,
NUB1,4.779479745980957,0.0002522756936765,1.873907956871768,,,
ENPP2,-0.526186198130523,0.6043772585886719,-0.1894388593649507,,,
SELENOT,7.104374430797552,6.218407769370282e-07,2.269370054986404,,,
DNAJB11,5.214200400016175,1.1677542040855527e-05,1.628531471155836,,,
WWOX,,,,-3.0114455029926117,0.0139959047305978,-1.4123961486536716
ARID4B,2.5039328190638663,0.0397928222941981,1.2216425842823329,,,
TM7SF3,1.7449086693097828,0.1391667304834037,0.919730923012544,,,
RSF1,3.314971937002524,0.0075813205976488,1.288340866016937,,,
PEPD,4.260049426602455,0.0045554557076517,1.844011954393575,,,
PFKFB3,1.9629245534396755,0.1278653694735487,1.0770740182738814,,,
PFN2,2.4522533339555768,0.0237553955835456,0.8801286344134998,,,
ATP6V1B2,,,,-4.50193093097567,0.0002220952932883,-1.5242550089648816
SERPINB6,2.139033978388448,0.0397298522920028,0.5310151564062269,,,
SERPINB9,0.4635661988613499,0.6479403355939551,0.1431052944587805,,,
ATP6V1C1,4.702245212364543,5.596628983909286e-05,1.4706957762569122,,,
PIK3CA,3.737129681909221,0.0004956687558276,1.057019896100614,,,
PIK3CB,2.5519417027153914,0.0299923487022281,1.248874435867861,,,
PI4KB,3.054023107631873,0.0203984337079129,2.023599827868259,,,
PIN1,6.697317709378696,7.046020233051675e-05,3.369678897201021,,,
PKLR,0.3316681767021311,0.7492701260884161,0.1218912017257607,,,
PLD1,1.124526624824712,0.2725714910446143,0.428184446418368,,,
PLEC,5.33366095906624,5.920855348683949e-06,1.570194865364353,,,
PLOD2,0.9381275387621492,0.3565626653564521,0.2516130722084105,,,
PLS1,1.0229709806359293,0.3260217208860697,0.4012193727416156,,,
PLSCR1,2.4857549386530606,0.0253605776269171,0.9605847718665516,,,
ACP5,0.9016746296099268,0.4026676014742549,0.5274715527864303,,,
CHRAC1,2.110719575830735,0.0429745627880816,0.6436534311146701,,,
DCUN1D1,8.157512292732061,4.5490537667841585e-09,2.4876048378436746,,,
DPM3,-0.9448746140411602,0.365746655367661,-0.2923643635354526,,,
POLR2H,6.026916388964634,1.2667487766332749e-06,1.869513314005456,,,
POLR2I,5.208739160678823,0.0004112070542197,2.0234223339817827,,,
MRPS21,-1.062725075733688,0.3328701864529831,-0.7082522976031966,,,
XRN1,5.436455587312462,6.114278099169526e-05,1.8898493016472973,,,
PLEKHA5,3.0197802348477025,0.051580027700497,2.2000730468232508,,,
CHPF2,2.7988411846239383,0.0214739223023849,1.1258614633845891,,,
EXOSC4,-0.6662772923357181,0.5088709148911874,-0.1831389925288038,,,
MTMR12,3.970404472253232,0.0053622049192151,1.9222376724909631,,,
DDX49,2.203327362072366,0.0692533466718527,0.8365693871273141,,,
EGLN1,1.1025797348435995,0.307366008589932,0.4115573472769079,,,
PAF1,1.8159514630861169,0.0966636060075904,0.8385560361479368,,,
TRIT1,2.2527022784918667,0.0430607994958247,1.0086974599495564,,,
GATAD2A,1.6259029997468977,0.1965697271042618,1.3060839544305285,,,
ESRP1,5.488947312596559,3.408065988904815e-05,2.008804198766386,,,
FBXL12,3.638346732725199,0.0025457742295036,1.2889529697380668,,,
CC2D1A,4.446748551677398,0.0003871199952176,1.7832812525501056,,,
NSUN2,6.198610971837981,0.0001667606124203,3.267601319759938,,,
NCAPG2,3.0628034292278272,0.0086952754716082,1.2528610284376087,,,
CDKAL1,3.610107933290017,0.0033680031893763,1.5264330958220775,,,
YTHDF1,4.355250898189983,0.004915572949661,2.4701049018926025,,,
CHCHD3,0.9603934056958452,0.3584623783119374,0.4667009467387195,,,
TMEM161A,2.8279267732458835,0.0523665571573006,1.512950989215221,,,
UCKL1,2.4594911691773578,0.0440967984761964,1.1342229884620822,,,
PIGX,2.087224619722354,0.047275227610614,0.6674967644793697,,,
PINX1,,,,-1.1741405811427046,0.3414025704096923,-0.8563565470327591
GID8,1.0501198510478615,0.3181676681939482,0.3441628127115553,,,
PAK1IP1,3.5527474280120543,0.0038934422581112,1.595316553298703,,,
TTC38,,,,-2.984785051334102,0.007668904893851,-1.303904847901998
PPP1R2,6.419351474168238,2.393360531097628e-07,1.9634054104057037,-7.482958075748235,0.0014372063540314,-2.750725536528328
OXR1,5.738868351645622,1.50869396273761e-06,1.7265573449380425,,,
TAPBPL,1.6996816734006577,0.1262717535956656,0.8852352112462085,,,
IFT57,-0.0594578115180379,0.954668105812161,-0.0193719651588626,,,
GPATCH1,4.010546119366149,0.0037594616403228,2.0714956512136142,,,
SAMD4B,3.941116939160064,0.0029801046106195,2.3059392759747537,,,
WDR70,8.396689249391317,1.6263633419804096e-06,1.8508976109573427,,,
ANO1,0.910718432503874,0.4005123932460443,0.6498227558339255,,,
HEATR1,0.4282910525704382,0.6789278507717591,0.1610297065537935,,,
RBM28,4.567087388877924,0.0016781457076279,2.2408122011339997,,,
ELP3,,,,-2.980001095124158,0.0057889336912498,-0.8036403154678382
MSTO1,1.408863991791468,0.1832311520827233,0.3971116782779593,,,
INTS10,,,,-0.0455143591430961,0.9642336486956692,-0.0165252939083434
FAIM,1.6205178573358496,0.1353963035112617,0.6928659300555099,,,
SLC25A36,1.1407707793246424,0.2871952186070987,0.5411684639386412,,,
PPP2R2A,,,,-7.855836427533319,5.31934377729834e-08,-2.623961356558113
MAP1S,2.7730251689087404,0.0683573762698147,3.808948092282546,,,
GOLPH3L,3.434265770266683,0.0099560757845516,2.3027087860823,,,
CCDC25,,,,-4.663645949167121,0.0011986374605644,-2.3517993058997626
KLHL26,4.300309741296395,0.0063140762088945,1.3158400281016662,,,
CCDC91,7.60432593231209,0.0006572652668962,3.368128669277258,,,
BRIX1,-0.6871993589731068,0.514281303253673,-0.3461261878804442,,,
GIMAP4,0.6908122052727755,0.4955045877499343,0.1857339410471908,,,
C5orf22,1.5098451360652931,0.2034413470810234,1.4224237746269552,,,
ABCF3,7.15460710021352,7.969031849058953e-08,2.1908300684890167,,,
AGPAT5,,,,-0.6405826354855758,0.5489132841751513,-0.5447592203373559
LSG1,5.459908144852855,2.298073605017834e-06,1.618003302159179,,,
PPT1,3.147264043838877,0.0061207544096412,1.2930350301378806,,,
PRCP,0.6320527823584536,0.5428795899597942,0.2429138872602433,,,
PARL,7.004968038664215,7.286449022167821e-08,2.1266814120394097,,,
ETNK1,3.043432837027748,0.0366974686672594,2.9116933743134723,,,
RBM38,2.499700247870385,0.0464600232977721,1.3815489932253346,,,
MED29,3.328034063826945,0.0038652281439619,1.0535623008598622,,,
TRMT1,4.04065803676998,0.0013958900370006,1.7174378899725316,,,
POMGNT1,2.3779701023063686,0.0350278128779235,1.0458230554493484,,,
CHD7,3.0497998580864327,0.0160559143603194,1.4082823232962347,,,
PRKAB2,3.917005426970234,0.0030332140086662,1.5488974989873583,,,
INTS8,-1.9694253321077448,0.0631062712094251,-0.5975216610228533,,,
PRKACA,3.189984564278208,0.0060227278056404,1.171784767506738,,,
MFN1,4.423963529223807,5.601582452073652e-05,1.25128584449445,,,
TRMU,,,,-3.939633655282642,0.0013635913635743,-1.8490945397043936
YEATS2,0.5118801730794453,0.61290487430656,0.1859728066261554,,,
MAP7D1,2.0018273187878477,0.0625094480066224,0.7416318218500294,,,
ASF1B,3.49488563008411,0.0079343749583676,1.556478308891363,,,
ARFGAP1,7.996683188600428,4.739072265053072e-05,3.116831665648751,,,
NUP133,1.000418104554731,0.3553193188110526,0.4649956735668584,,,
AGK,4.63423754118443,0.000415812065734,1.8226940554748048,,,
INTS9,,,,-2.0628314680937168,0.0545293592449138,-0.6939727317298652
EXOC2,0.2904821497328529,0.7757306881389907,0.1237683402157157,,,
PRKCI,4.522106162367805,4.682693559726376e-05,1.256722218837977,,,
ITFG2,2.32810059715132,0.0437896558316466,0.9452533572535816,,,
USE1,3.790929319018473,0.0075443625970425,2.384913002011204,,,
ACOT13,3.4626851918190957,0.0034227069524247,1.0067945276236068,,,
TMEM126B,3.7312750428943886,0.001665127242893,0.8481570752890916,,,
ASH1L,-1.3306698818175722,0.2247495457208193,-0.7059625121228076,,,
PBK,,,,-2.184416363436572,0.038178198529714,-0.6171645603560569
PRKCSH,3.630168599527243,0.0094412721691608,2.412195026197064,,,
CMAS,2.5883186577431165,0.0594455555587099,2.7314144736151724,,,
BIN3,,,,-0.4833034502247824,0.6632250661328469,-0.3127851948803367
DMAP1,1.5135423528560352,0.1687995084979094,0.5899160835570724,,,
SLC50A1,1.514287064748186,0.1830792186005335,1.0047791184229249,,,
CPXM1,-0.584864052778349,0.5728858381103932,-0.2749415632728029,,,
PPAN,2.277732013653614,0.0321260074052637,0.6269435452013058,,,
PRSS1,1.762662776319196,0.1025765858239378,0.7695989172333813,,,
PRSS2,1.03869061115103,0.3255251011605634,0.5589278228252101,,,
EIF5A2,1.0840462133572335,0.2900326398516313,0.3791134351715911,,,
ZC3HAV1,5.227122516634692,3.038063974028781e-05,1.456445159021046,,,
GRIPAP1,2.3608734063969434,0.0735579881620926,1.980351489119058,,,
PSMA7,1.5242371180174343,0.1468208882201199,0.4943546802630285,,,
UBQLN4,3.405327735499589,0.0129720034488593,2.3235322096651374,,,
WRNIP1,4.433928596011988,0.0006057821355746,1.7833266365968266,,,
PSMB2,-0.4706417616966751,0.6444360467796717,-0.150744345892675,,,
PSMB4,-1.3949090892180722,0.1843069827720334,-0.3634843268149115,,,
MCCC1,2.602551433243204,0.0127116637328331,0.7422221060207734,,,
LXN,0.3200903641820152,0.7512977182115249,0.0958429945242966,,,
ENY2,1.171217089606657,0.2474559954251265,0.3338340306210949,,,
MRPS22,1.2222824957073697,0.2461331225016158,0.4492804361197269,,,
OTUD7B,5.567459858045248,0.0002065220348088,1.747826841934985,,,
BBX,2.9042405209821185,0.0326282288893575,1.125888942079779,,,
CCNL1,1.7102141041989114,0.1015130745102302,0.5839542347998276,,,
PSMC4,2.489030097558298,0.0338018709852162,1.0992665293537636,,,
PSMD2,5.273327675932288,4.719723196858269e-06,1.5549766595816497,,,
PSMD4,0.6847605326321006,0.5163688647734508,0.3916834413847918,,,
RAB25,1.1107749222569487,0.3098882078157886,0.5712499683418488,,,
LYRM4,0.661848979723861,0.5482424215793564,0.4576818173739828,,,
MRPL47,0.6789727163841087,0.5003971833512038,0.1883131495049209,,,
PSMD8,1.8016572212725024,0.095018190051315,0.7503419633553924,,,
SLC44A2,0.9052908729243436,0.3915638323686737,0.4074976382954235,,,
ACTR3B,3.132699664002664,0.0110339419042002,1.567318292900587,,,
PBXIP1,3.917338689045641,0.0142692519771224,2.485065038235088,,,
MRS2,2.242680269090885,0.1000998548242233,1.636982806854105,,,
S100A14,1.1854609245498564,0.2591503721166567,0.4762730751730021,,,
GATAD2B,3.299658737301521,0.0078697987950243,1.3913017795071363,,,
PTK2,9.113466170242589,2.1220687773156547e-12,2.259742370507913,,,
ZNF512B,3.3544606300644806,0.0173419485086475,2.284506712978704,,,
ESYT2,3.229977197157171,0.0066121176215857,1.3397515536762905,,,
CGN,2.231806476843169,0.0585307689137637,1.0039397910510433,,,
PTK7,1.1786587190840083,0.2599532475597389,0.2602642570614352,,,
NCEH1,2.767748324846261,0.0079366017053261,0.7366587072431153,,,
IFT80,0.1876983821611659,0.8521464249528403,0.0481715064872756,,,
DOCK6,2.687566368811349,0.0199979259949226,0.8247880171763202,,,
ZNF687,2.249142602371652,0.0565298518858817,0.7883288768961016,,,
PTMS,2.455874323478895,0.0364978919825715,1.0713591690476378,,,
PTN,1.5143870702405724,0.1620437687339444,0.631537770478118,,,
GRAMD1A,2.0679275506583576,0.0830478466849228,1.0207399382765083,,,
PTPN6,2.45268199731312,0.0382271964943635,1.1892141160372875,,,
SUGP1,3.391606300775765,0.0249092782096407,1.3385725191743063,,,
CCAR2,,,,-6.884573012680544,4.111370344262616e-07,-2.280456678930482
CYP4F11,0.5264377927534438,0.6187443925005183,0.3497799758478548,,,
PTPRA,5.046055249334321,0.0005711110695644,1.984228960971883,,,
PTPRF,1.616096330110776,0.146193585705831,0.9371537454233776,,,
ACTA1,0.0609193929149835,0.9519782932763974,0.0125928538956111,,,
PTX3,2.6991453284036,0.0173043868080582,1.160975231367186,,,
PEX5,2.649098716994819,0.0357272069703773,1.8357621280844727,,,
KMT2C,2.44564527272686,0.0187350649229243,0.5683893988560323,,,
EPS15L1,3.1396979671270278,0.0153058804732843,2.1814102980225045,,,
WIZ,6.707955113771845,4.979301708953804e-06,2.182081602856601,,,
BCAT1,1.9933300281049489,0.0761455617396323,0.9285455831479476,,,
RAB2A,3.0911658333715706,0.0157718307702442,1.8513887496931611,,,
RAB4A,0.2035222495024612,0.8457785883951646,0.1093539491749257,,,
RAB6A,2.3029817383464537,0.0596681360702222,1.9622256877915445,,,
RAD21,-0.2290234537660613,0.8199938020649548,-0.0652258065630504,,,
RAD23A,4.505073488067979,0.0007333563115774,2.103893556320669,,,
BCHE,0.1990098049985612,0.8445866996368057,0.0835508456204889,,,
RAP2B,2.234831775427755,0.0354452113194558,0.6645753526376861,,,
RARRES1,1.0343817511685305,0.3193495721755628,0.465718144641348,,,
RARRES2,-2.5668217958208674,0.0157749220343279,-0.6856772500866001,,,
RASA2,1.2917827346263977,0.2202835475195661,0.5263584984139404,,,
RB1,,,,-7.829478095837562,1.8595938395785052e-08,-2.252040937342497
KDM5A,2.115259900270801,0.0811731286294816,1.292073680646851,,,
UBL5,3.9052077223765047,0.0027684638728566,1.8266747059039103,,,
SENP2,1.59588878471985,0.1206500174726488,0.5261240289594332,,,
GNB4,-0.3219538099799749,0.7489950526229225,-0.0919749766363192,,,
RBM3,4.241213699455344,0.0023689524836626,1.4263907350944511,,,
RBP1,-0.5041661310256057,0.6237606054117091,-0.1867494408566977,,,
RECQL,3.4909814400991004,0.0354139249353085,2.52226978087563,,,
UPF1,6.412944166567718,0.0157339253493884,3.7664185854610697,,,
BCL2L1,3.006835510900296,0.028938656105651,1.3312013767576754,,,
RFC4,2.432187488269816,0.0214898148968447,0.7778101981195493,,,
RFX1,3.787096252552242,0.0006688945310076,1.089968405867216,,,
RFX5,3.947284742085101,0.0043067303331984,1.347438282092337,,,
RHEB,6.958315961432816,4.69797149870719e-06,2.706200437407744,,,
RIT1,1.2500599844900675,0.2460619575958164,0.6512170710294001,,,
RLF,1.0598431378007571,0.3001292034398506,0.3332361570110423,,,
EXOC4,2.387083940594029,0.0307066697764219,0.843217809807565,,,
CCDC90B,3.7720931572535794,0.0041497276666655,1.17790830905679,,,
FASTKD5,2.0400536830005827,0.0824140101985974,1.2834921593419593,,,
BCL9,0.4909201851869436,0.6359994055136512,0.2371771503646965,,,
RPL8,0.7357600803010985,0.4659251868031158,0.2032899341634816,,,
RPL18A,-1.0017652334994451,0.4158588429999468,-0.834668658088168,,,
RPL30,0.095083461990187,0.9252842911094764,0.0356204722828452,,,
RPL35A,0.7567072064827209,0.4537446872439526,0.2274893184560329,,,
MRPS12,1.162381437285006,0.2591557150136058,0.3439914524789899,,,
RPS3,1.4030756602086354,0.1860424761587933,0.4372631309260647,,,
RPS16,0.8735224986458975,0.3971336763325217,0.3161050672729506,,,
BDH1,3.9640214446525808,0.0002657789466031,1.152418602335817,,,
RPS20,0.1705180812925885,0.8692915473881991,0.0622909003702783,,,
RPS21,-0.2906100510165816,0.7746733334518979,-0.0985443109285749,,,
RREB1,1.5729064586030297,0.1293462247527794,0.4491235624958146,,,
S100A1,4.062862161255997,0.0012027599637756,1.3908242920996623,,,
S100A2,1.1193964971319992,0.2885563682161148,0.4731478928847675,,,
S100A4,1.1586562301852494,0.2718596343786276,0.5406758270892366,,,
S100A6,2.7365379658810665,0.0193211738318095,1.21098593378864,,,
S100A7,-1.506281706963693,0.1846705291013318,-0.5719662729473061,,,
S100A8,-2.1917944540227854,0.0437743550422412,-0.5809758413647309,,,
S100A10,1.2086515300785416,0.2637084801143201,0.4249066795219645,,,
S100A11,2.3836349292854173,0.0526011921818006,1.0608845130296125,,,
S100A12,-1.8563282733655777,0.0838033978735756,-0.5505282107101527,,,
S100A13,3.283455992414825,0.0079225130134836,1.637676152478143,,,
SBF1,,,,-5.552746509108395,1.2979459572553357e-05,-2.088228818240815
BICD1,6.168709797487583,0.0006667799910046,1.9151839158485773,,,
SDC2,0.5662335182433053,0.5965715164811736,0.3908711322305773,,,
SDHA,2.28530829718246,0.0422334181954969,0.789093842500513,,,
SH2D4A,,,,-6.126263764343661,2.9535541736870035e-06,-1.9526739967091575
BLOC1S5,1.807168684141651,0.0899875495484486,0.6357057521375027,,,
MCUR1,3.334039019152177,0.0060439375527483,1.3630705117107484,,,
KIF13A,2.498343758358163,0.0297248106824911,0.8991118304639889,,,
C19orf33,3.524524607874637,0.0024777959005315,1.1938575536909373,,,
GOLPH3,3.791827565221859,0.0062455532964049,1.6530955873170492,,,
PARVG,,,,-1.0167198489255649,0.3256128323431121,-0.3933085917713937
RRAGC,5.138889537547935,7.030930068348762e-05,1.9145131841841707,,,
TFB2M,1.826112768746817,0.1318521178816269,1.0241545381030308,,,
PDLIM2,,,,-1.8729162270514603,0.0808069808040886,-0.7751991865529219
SOX17,-0.493269711566273,0.6418423403362274,-0.2026959398255228,,,
TRA2B,3.837641242449616,0.000489251542621,1.1699928682837204,,,
NOM1,3.091280792069196,0.0078007514812741,1.1501123298590494,,,
VPS16,-1.137289722264307,0.2834929832827384,-0.4473423215523562,,,
SHC1,3.29752094424534,0.0227315156880197,1.602497406993761,,,
C6orf132,1.3386358906176166,0.2447350680360793,0.7855441085169809,,,
WDR13,1.2111045074111528,0.2878326837603469,0.9638989222899346,,,
MFSD1,1.368361319509554,0.1919864447846979,0.6135579408709801,,,
SMYD3,5.575613966261209,0.0015189733259728,1.6841250113677433,,,
PARP12,-0.018304857474269,0.9856443877017058,-0.007165475282283,,,
MEAF6,0.8016538403968942,0.4352516411811941,0.2935543982750648,,,
FNDC3B,2.377333334026813,0.0215400971134746,0.6578561292742692,,,
DEPTOR,2.9334509279916694,0.0049158380531073,0.7042568165437048,,,
ST6GAL1,2.504595771374822,0.0187885607335283,0.8096196323483346,,,
ST3GAL1,1.413128688137615,0.1801040775425616,0.5891396538600862,,,
ELOVL1,5.297575222773902,0.0003530696390259,1.7009650847344626,,,
PPP1R3G,1.0078939422118316,0.3596602901560515,0.6040184710301894,,,
RASAL3,-0.913364506090408,0.3760933675756459,-0.3077535176015979,,,
MRPS26,1.13883117130282,0.2800756729809407,0.4247815941292496,,,
MRPS15,-0.4610880530135046,0.6510651589495056,-0.1504314970201513,,,
MRPL34,0.8925997977648367,0.4106547988661617,0.4849401763817581,,,
MRPL9,-0.7037193838446458,0.5092187492663933,-0.389278586379446,,,
TMEM135,-2.3117628214674744,0.1255216506381161,-1.5173446614660866,,,
KRI1,4.754882411853758,0.0009971575506087,1.63384533290971,,,
INTS3,3.3307563121863457,0.0062648909140201,1.2110876849257195,,,
WNK1,3.4205148238411494,0.01234555454403,2.230854828385126,,,
SLC2A1,1.4357501683751075,0.177624803113218,0.6704128076808942,,,
SLC4A2,2.319778562467405,0.0362204618137269,0.9718704060897992,,,
C8orf33,3.333048966451327,0.0023752349935617,1.0636029797631026,,,
GPR89A,3.07780271886349,0.012798064411259,1.1789408239075512,,,
HLTF,4.940462444713332,7.029635774348697e-05,1.689674932904679,,,
SMARCA4,2.5915125852238106,0.0291166976120602,1.218694390633169,-2.123828809644238,0.0787384022342812,-0.58092227409428
BRD9,1.1757428058234007,0.2671162354318126,0.4689211965590361,,,
KCTD14,0.2663755523427488,0.7933556106028153,0.0826278861208372,,,
MTMR9,,,,-0.7236661360035909,0.5118946732778221,-0.4593814487959043
SMARCD3,0.3846820930154119,0.7046585423546095,0.1209605599891543,,,
POLR3D,,,,-0.2278962888387667,0.8231041533377118,-0.0929661471485466
SNTB1,4.617015327977241,2.4467931558210424e-05,1.1251186173910857,,,
SPAG1,2.48532739415302,0.0219814084723806,0.9924013746530784,,,
BPGM,-0.7310773386573204,0.4682367635767728,-0.1366364590350866,,,
BPHL,5.188465854394886,7.259470235123566e-05,1.7725072556096446,,,
SQLE,3.4945589918626068,0.0009307207314114,0.8242881918497745,,,
SRF,1.5695503003599396,0.1753323341725714,0.6558397473346589,,,
SRMS,-1.0673813638346314,0.3244764599690469,-0.5374352248376127,,,
SRP9,-0.6422987081589061,0.5504314552338812,-0.3218283100254029,,,
BRAF,2.8816172338660038,0.0107834497658759,1.124338754525284,,,
SSBP1,5.699697206810034,5.13716247319722e-05,2.146710063172033,,,
SSR1,3.0760506775140763,0.0052707005200542,0.8522601497960066,,,
SSR3,1.6630479450392095,0.1091021568954494,0.5374448206068873,,,
SUPT5H,4.631168277011415,0.0009516351984513,2.5372939040887985,,,
BST2,2.5229310232641384,0.0490048940440761,1.7229008070054634,,,
TAF2,2.967847080580972,0.0045826602892557,0.7819462976480881,,,
TAF4,1.791578856396684,0.0943331998592862,0.6143322631257545,,,
TARBP1,2.267442991436197,0.0527932432802429,1.235458295567372,,,
TBCE,2.9061122598372173,0.0176533809575062,1.0590608569534208,,,
TBXAS1,-1.174549273614614,0.2533230610820987,-0.3539234912485161,,,
TCEA1,5.761605954658966,0.0021948767383244,2.505242863717678,,,
VPS72,-0.38068634393894,0.7171294030596019,-0.1743106405143622,,,
PRDX2,1.5685640966141043,0.1569956530468965,0.9708840604314344,,,
TFAP2A,0.6797700391705876,0.5064181986309879,0.1895099091879388,,,
TFDP2,0.9392766494217872,0.3631351968082884,0.3220125691503365,,,
TFRC,2.0392843294384604,0.0485971829779998,0.6177807911080103,-1.4439903053227143,0.1743452929191615,-0.3760792527063419
THBS3,1.034043287641667,0.3438433560046804,0.6154530942131677,,,
TCHH,-0.3139781867014822,0.7604255544136098,-0.1184819332876364,,,
SEC62,6.600024337770328,3.7106257256587125e-08,1.7350845661146002,,,
C1R,3.236635869762561,0.0041705439807049,0.7606364546602028,,,
C1S,1.038603640187426,0.3240031336592002,0.3502325944626803,,,
TPD52L2,5.262222353715316,0.0014684789761824,2.5725785444327074,,,
TPI1,2.465853282600206,0.0411689428301133,1.6666426378383534,,,
TPM4,1.9143984693217428,0.0737011614371721,0.6521414794586529,,,
TPMT,2.117084900139877,0.0514613503661763,0.8020563283774921,,,
CCT3,1.0430311367696106,0.3151846140975012,0.2484200827752959,,,
TRIO,4.7511192951038925,0.0002514489159906,1.2345936230353964,,,
TRPS1,3.5720158061654463,0.0008301798148966,0.9768189314253696,,,
TSNAX,2.078851001930701,0.0797564212951303,1.3972338402132776,,,
MROH1,7.030653398499289,1.2007901195629696e-08,1.95384286467705,,,
TUBB2A,-0.9503342729607928,0.3551490102237468,-0.3242068229064859,,,
TUFT1,0.2846823863959003,0.7855799757711776,0.1069409509039145,,,
TYK2,0.3842578282417319,0.7124087333621066,0.232797282303569,,,
TYROBP,-0.4905405010478934,0.6399008120070951,-0.241215784591275,,,
UBE2H,2.056257830798774,0.0648639127070522,0.7114317687265288,,,
C9,1.0654719606051457,0.3396424761907067,0.5444416418588488,,,
SLC35A2,1.189918932571419,0.2932168861250559,0.8892150128501376,,,
COL14A1,-1.3660159798106346,0.1796679387202365,-0.3826176630761957,,,
UQCRB,-0.1198433710449873,0.9063590492125724,-0.0422532143215674,,,
UQCRFS1,-1.8007583042914743,0.0876849527108493,-0.5516439140447659,,,
UQCRH,-0.3454067218625916,0.7344987148937931,-0.0865171129037188,,,
USF2,3.336486799549595,0.01067727282765,1.173189758553958,,,
UVRAG,0.065267635551107,0.9491658469819164,0.024151642733996,,,
VWF,1.7467570582918663,0.0984650067981205,0.4827020477655696,,,
WAS,0.0008037356594327,0.9993857331602412,0.0003650976987205,,,
WNT11,-0.8709648114869578,0.4275650848768926,-0.3573258382098315,,,
WRN,,,,0.2465489920077182,0.827260946339204,0.2742833205911052
YWHAZ,6.13634663930474,7.222967911582559e-06,2.310516391830103,,,
CA8,1.739817872026054,0.1347785725431047,0.9375107248006068,,,
ZNF121,2.733855006072704,0.0202545227592901,1.0823907737937253,,,
ZNF146,2.0643059551913376,0.0819249757974474,1.1795828590316106,,,
ZYX,1.374936836019523,0.1899760680820576,0.5043219596929183,,,
YIPF2,-0.084791310409847,0.9382458380982076,-0.0523133255251813,,,
DDA1,0.8177778814500805,0.4402057456569915,0.4423847498856744,,,
ERI3,2.5143383806947397,0.0424923781371597,1.5639074492767684,,,
ALG8,0.8130734105861002,0.4286642864809481,0.2664493788637505,,,
DSCC1,0.6504331559191022,0.5224869011938962,0.2534825981548925,,,
C1orf50,5.566535938292425,0.000204971744902,2.6499523962203377,,,
ALG12,,,,-3.838247560980865,0.0023055768925164,-1.9658723825575133
DEK,2.7237141102367044,0.0178876612809507,1.2878768363948077,,,
DERL1,5.501381814791096,2.220604609644728e-06,1.4972348197952348,,,
CHCHD7,0.5267707510196252,0.6191443586816046,0.2082794428339007,,,
ALDH5A1,2.500983169985988,0.0284199480795371,0.8974696640222328,,,
PLEKHF1,0.7159367374916342,0.4787486503739885,0.184634088291115,,,
C1orf35,2.6887238961646176,0.0415543008963645,1.0886314615101862,,,
RBM42,3.974882240258484,0.0024220629115759,1.4324885132143264,,,
CRELD2,,,,-1.877848254665908,0.0797005771226914,-0.7958852605374163
BHLHE41,0.5938764022183708,0.5691534384898965,0.2590093064674665,,,
ATP13A3,1.318139728549174,0.1949691809685511,0.4061526396088916,,,
TTC13,0.8143171118410601,0.4273192153086542,0.1800582564485402,,,
TNFAIP8L2,-0.4724707827059554,0.6649242368267332,-0.2752348639529842,,,
PLEKHF2,5.253419541446882,3.669801957997115e-05,1.670751168069593,,,
COLGALT1,4.065602890748486,0.0073337618443631,2.3972993655291424,,,
PPCS,3.3361041237751685,0.0071461058337816,1.6098830566558977,,,
TBL1XR1,6.870344589768517,1.8864410206852273e-08,1.909310980305964,,,
NARS2,5.128507299437058,0.0001984501187185,1.971396211896668,,,
ZBBX,0.1159059833108022,0.9085329658427675,0.0401891664528399,,,
SNIP1,3.603227770803373,0.0030682791808562,1.5001268678694295,,,
GSDMD,4.285130647677698,0.0001432503838156,1.2522111951542825,,,
ARHGEF5,4.756398614425232,0.000876135740892,2.390111522987576,,,
NUDT18,,,,-0.5757949285041587,0.5716646874366631,-0.2198609338502906
LPCAT1,2.094285736229467,0.0650882304493529,1.0370968202626254,,,
TUSC3,,,,-1.4815037933299673,0.168046648071389,-0.6541494635685059
PYROXD1,5.418722980381844,8.387305058176827e-05,1.1190632564611749,,,
SPEF2,-0.357691891549552,0.7237925382917084,-0.0760176354680743,,,
KIAA0319L,4.520365696692172,0.0005667569204723,1.954777158190264,,,
SLC35E1,2.35170873303186,0.0390441676622721,1.008105173100925,,,
GRHL2,1.6267089639666437,0.1123316943319605,0.4526172721846038,,,
CALD1,0.3656974585523246,0.7201085792752104,0.1178850185882223,,,
DOCK5,,,,-1.6500857591146647,0.1239124394726913,-0.6710590761509093
PHC3,1.19236908714,0.2399448237081569,0.3559697146437994,,,
ZC3H12A,-0.297872889692217,0.77212535438537,-0.135757049382099,,,
MOGAT2,0.8474282489511412,0.4192816858715079,0.2946501188064256,,,
TARS2,3.667104576840455,0.0085509511418437,2.0790220886847868,,,
PAAF1,1.8988553156322985,0.1105194697480734,1.1229848433330412,,,
TRABD,,,,-1.05273095086206,0.3097736415175957,-0.467402056656383
FLAD1,2.166005559191412,0.0899239734702107,1.3895622770081095,,,
DNAJC5,6.205932629474376,0.000232609130744,2.37457412023482,,,
REEP4,,,,-1.7609587333335206,0.0958850370610395,-0.601858006808543
MFAP5,0.1715697258597204,0.8703012428285807,0.083328165335129,,,
USP5,3.999561773435387,0.0043202107298062,2.434879583671961,,,
MLF2,2.2949696718606147,0.0458210560139307,0.929178870068324,,,
FXR1,6.917889759513153,4.399004291406995e-08,1.9970227574395372,,,
ACTN4,3.949615305982105,0.0031543884224288,2.01827763959908,,,
SLC25A32,3.100074503865376,0.0050747587549451,1.143878657836792,,,
CLPTM1L,3.780233268895986,0.0037934737289682,1.6891671019662358,,,
CALR,4.0200000510716976,0.0017212888723155,1.724465732446801,,,
HM13,3.359481061321445,0.0251216465997896,2.348252897623818,,,
TXNDC5,2.9655439780445296,0.0089326209645539,0.999914610646671,,,
CLPB,2.0039323858747977,0.0685473591566251,0.7460014818023584,,,
PDRG1,-1.0643747013698328,0.3457875805061022,-0.4272962606144972,,,
SNX27,3.871518346917634,0.0053830337464194,1.7299629859918806,,,
ANP32E,2.375760969111324,0.0466221714814381,1.0337147000293698,,,
SHARPIN,3.579961644790308,0.00119168636249,1.105350982207742,,,
HYI,1.6420232170417552,0.1340300125993755,0.647586225386318,,,
QTRT1,2.560753423320928,0.0424812896656784,1.379328858435688,,,
NCOA3,0.4117292118493133,0.6917748810534889,0.1538646677874608,,,
CAPNS1,-1.181792233580253,0.266208420054407,-0.4803902230858738,,,
PICALM,3.760915191209641,0.008274383120612,1.180025406871268,,,
FZD6,1.848104214563051,0.0815995462597742,0.7106079798758378,,,
EPPK1,4.535141970963593,3.337101729478007e-05,1.1376832329531348,,,
PLVAP,-0.1771323601201212,0.865381961589448,-0.1019611783647161,,,
CASP2,5.166694661387071,0.0001241547119102,1.8836681837554723,,,
TMUB1,3.3216663308754613,0.0053689378031362,1.4729546901229984,,,
SELENOO,,,,-1.5803880685795926,0.1424852162820117,-0.7674723553989247
TRAPPC9,2.8036660815963086,0.0073666910025866,0.7397869574446523,,,
RIOK1,3.385431336061311,0.0040465352650422,1.247264022820031,,,
PIP5K1A,-0.147543191951585,0.8855338220465286,-0.0581383552965321,,,
TATDN1,4.41441903875121,4.737707502323934e-05,1.068395696235123,,,
NCALD,2.0141692738477874,0.0548689849816575,0.6591048922872262,,,
DTNBP1,3.8134837223625806,0.0005011129324889,0.8737064764066601,,,
ANKRD27,3.121597965086321,0.0138613198144525,1.7183122331026246,,,
ANXA9,1.5207510192046507,0.1708275304870576,0.740157268800408,,,
MAF1,4.481892130228319,8.250737327378809e-05,1.3516670977930854,,,
TMEM126A,1.75714407658542,0.1361777014052218,1.3260719844722018,,,
MRI1,4.004473878132727,0.0013892705920971,1.8431783881362729,,,
MED10,1.169000816559676,0.2672551484223437,0.4231240605479369,,,
FYTTD1,3.1753963653983845,0.0028110036259695,0.9378275579151631,,,
FBXW9,3.128714426696401,0.0126592236154744,1.6279890965845405,,,
NTPCR,6.6012554254733065,0.0003480522831555,2.5535376253381687,,,
WDR83,1.2144022890721045,0.2729426607817663,0.7988480242114963,,,
UTP23,3.5862397590209416,0.0007852650658991,0.9829420794198308,,,
PDCD2L,4.321720324616697,0.0020795458578438,1.924373669866417,,,
ACBD6,1.8966031368863396,0.1150595141647368,1.836734658059469,,,
ELOF1,1.5877356989284162,0.153043168578817,0.7685817209155462,,,
HPS3,0.9885931052851716,0.3294837899085822,0.2579410539481485,,,
GNPAT,2.3094113518053323,0.0597856048164489,1.0611022851697238,,,
CUL1,4.6430433323631055,0.0005690449273518,1.9199161298087275,,,
ZGPAT,4.908801109392283,0.002569722820329,2.7001997338259573,,,
GTPBP3,4.190113256797679,0.0107855185818128,3.15754509297658,,,
CDC42BPA,4.726760168553686,0.0074801469671039,1.654342550931825,,,
LRCH3,3.4151015700568235,0.0013967468569907,0.9972892719113784,,,
PARP10,7.944169140097094,2.719640325296709e-10,2.097259848025429,,,
C1orf198,1.4985861492227022,0.1803092849235969,0.6055013690997644,,,
ALG10,2.0463153455530696,0.1261864897628607,1.364197300446807,,,
TMEM209,0.8011029718268194,0.4514291706391402,0.352344071733809,,,
NUDCD1,8.037757150229815,2.3557472576026165e-10,2.299101022919791,,,
PPFIBP1,1.663911740511469,0.1546813985490989,1.373531131261973,,,
RBM17,2.408735704342718,0.0607923170040164,1.055281671265531,,,
PPFIA1,5.052935633575302,0.0004162434896848,2.9218170842915145,,,
TUBGCP6,,,,-0.2529139224427083,0.8045104049259713,-0.1205877083677957
RHPN2,6.071413851088213,6.009622805443999e-05,2.1694905583768462,,,
HELZ2,3.97254482544432,0.0029529238261313,1.3970994370645613,,,
TSPYL5,2.380023285144193,0.0391692921207935,1.0651575914358655,,,
GFM1,5.990849181691954,9.04829457063027e-06,2.162595647489751,,,
ACTL6A,4.573725681044644,4.018893685616807e-05,1.2707592630864075,,,
RFXANK,2.32665323923906,0.1146550266551962,1.591701412538525,,,
EIF3G,3.03273050768942,0.0092835785453965,1.141798672283864,,,
EIF3H,0.1496891892944636,0.8818788221056947,0.043989971663478,,,
STX10,4.179802883408756,0.001317157753271,1.7213703282699726,,,
DGAT1,5.233829442669213,4.366485186365138e-06,1.4245292722975416,,,
B3GALNT1,2.5735030381653705,0.0202780415723594,1.1546973643085316,,,
SERPINH1,0.4536431054415916,0.6591921619090266,0.163580919752745,,,
URI1,2.87827665994199,0.0088212487983927,0.9586127561169098,,,
EED,1.7827898544446483,0.1195340779757089,0.690770500658554,,,
GPAA1,-0.7686200779681355,0.4471731281657161,-0.2269507246380621,,,
RIPK1,2.5902202813913124,0.0221055605458066,1.0731556063992025,,,
TNFSF10,4.580618753741148,5.453668121047738e-05,1.3969577925492669,,,
ADAM15,-0.5914003705611747,0.5649831090713865,-0.2234057169810671,,,
PABPC4,4.924220592542792,7.344695414642193e-05,1.5925085700964194,,,
FADD,3.500065989300128,0.0062241778208101,1.5726668574840907,,,
PEX11B,3.652858283591645,0.0039216564606834,1.1654292090925222,,,
TRIM24,2.0934813012118667,0.0562416426988921,0.8473496922149766,,,
GMPS,3.512670901512122,0.0028825018187283,1.429163010816375,,,
FCGBP,-0.8514431289690115,0.4058749028485261,-0.2740238169885066,,,
EIF2B3,3.2589636498180985,0.010571184367914,1.4041092631518932,,,
EIF2B5,2.9990553400343685,0.0050456087847151,0.9022665547755422,,,
AP1M1,2.0397073603456177,0.0804485247032047,1.0710590717404185,,,
MGAM,-0.209621871742895,0.8369086131551445,-0.0708338864406382,,,
USP13,0.9216810311278868,0.3646254635090995,0.3322011707674345,,,
CCNE1,4.8955550356159065,4.0074335966293295e-05,1.6773112855021497,,,
SELENBP1,2.594217017416058,0.0371242935320963,1.5261976159360269,,,
KLC4,3.176136075409429,0.0168766966138471,1.1814482212520412,,,
OTULIN,5.527570455067904,0.0001095834725763,1.665701290182511,,,
SAMD1,1.962834507764911,0.0939509309914603,1.0568562127831127,,,
MED30,-0.0842308251014767,0.9334963168545678,-0.0295610276380791,,,
ZNF622,3.825916461260993,0.0025697480622483,1.2844932663759063,,,
ERI1,,,,-4.869951073155869,0.0010985935075195,-2.320553007012601
DOK2,,,,-0.0273626127130843,0.9785689625519804,-0.011425603792539
GADD45GIP1,2.977983749805127,0.0082139498937828,1.0005307348851211,,,
YIF1B,1.4127187675233066,0.1949347590795733,0.6687182041827083,,,
CLDN1,-1.1374431388386446,0.2704309910523303,-0.5055349838014844,,,
PYGO2,1.699784045024083,0.099986548463657,0.3178841465773161,,,
LMF2,,,,-3.298525737397895,0.0040221926623266,-1.3310432323826822
PRPF3,1.5107487992661908,0.1774057651298436,0.9364964042933112,,,
PDCD5,5.56583651665627,0.000311094978223,2.748453809877468,,,
DYRK1B,1.507121717536165,0.1669556783429651,0.8677510845617846,,,
EBAG9,4.908133006945596,1.5867454444237628e-05,1.4910552109597437,,,
CHMP7,,,,-5.211223319438001,0.0001626497568907,-2.309202878399815
ARHGEF2,2.7387219910038425,0.0263719352602363,1.6068526117076665,,,
SLC33A1,3.80376761333186,0.00160260618703,1.6151325399218588,,,
CD4,0.0734111601020913,0.943616218638462,0.0357687976691671,,,
ZC3HAV1L,3.994196059542772,0.0014240337256539,1.560106651935419,,,
INTS4,0.6943110281001192,0.4974368787001602,0.2232645597644494,,,
XPR1,0.9923242033259524,0.3629095871820889,0.6215526269394375,,,
MTDH,6.77041965140077,7.358161399718765e-07,2.346240819632305,,,
LMBRD2,1.4690246853498548,0.1970030341298507,0.6421344147502126,,,
DLG5,4.416770736580049,0.001197099206571,1.6706707122662885,,,
MEX3A,0.096916742344352,0.9276104188097776,0.0490110716381409,,,
TIMM50,5.68862518803832,0.0001338805318184,2.6026273416444896,,,
COPB2,2.2561843348062385,0.0468459628860611,0.9395385416147408,,,
CD9,1.5076396315658038,0.1580750763355884,0.6381911145990525,,,
TRIP13,4.608074385233314,0.0010825809734665,2.070032842126285,,,
CD163,0.8534964304224806,0.4071418767004583,0.2227962613960102,,,
HAUS8,3.8716837880445074,0.0498087354661558,3.465298899666928,,,
MVB12A,3.733512149119181,0.009732525892244,1.9604880433068863,,,
ARMC6,4.906674498396069,0.0068230549124338,1.9640381602769152,,,
KIF3B,0.5613640982515683,0.5969292802149109,0.172158572890107,,,
MED21,0.8401999180614582,0.4256366734575404,0.3674633413692131,,,
CDYL,2.768701754713182,0.0175796624639562,1.344197470845737,,,
PPP1R14A,5.696676215758733,0.000195072175281,2.369388955617571,,,
ITM2B,,,,-5.930876262036555,2.142362278970002e-05,-1.677921761473991
GGPS1,6.1851413221161895,0.000225489091929,2.4070434518956483,,,
HOMER3,0.3753193881363686,0.7132033006252273,0.0916436094475118,,,
EEF1E1,2.059658033723737,0.054961916451789,0.6740419619277711,,,
TECR,5.420589932848394,0.0001729679664211,2.321060262417506,,,
GMFG,-0.1455192346270112,0.8858934144411621,-0.0444174719401247,,,
RAB3D,0.8626876038172174,0.4101556027397413,0.3409559033567553,,,
SEC22B,1.4100714533866097,0.1980289714699593,0.8400662432871071,,,
CHD1L,0.6126727944056314,0.5575769155519866,0.3387861162263456,,,
CEP41,1.120469469847242,0.3030483853996122,0.5037526375588195,,,
PDIA4,5.413127249527232,9.199190950613022e-05,2.247086208680936,,,
CD47,1.783397592813914,0.1264894403470015,0.856079547333997,,,
NUP155,3.805594668982556,0.0047394010298993,1.0758102067345312,,,
PDE4DIP,0.5544632463598878,0.5942907696635282,0.275400608193544,,,
IPO13,1.8324414523086865,0.1062479023721494,0.6536073712283288,,,
TGS1,2.942957257097188,0.0298286444495383,2.165399358942055,,,
KDM4A,2.9109449405652748,0.0207506482180224,1.2284919011479292,,,
LRRC14,5.6754936885188,1.04551820346936e-06,1.554834244423312,,,
UBE3C,5.60482328899191,0.0001227217519008,2.61693914585312,,,
EMC2,1.505619153307686,0.1395616141108512,0.4439828663759304,,,
PPP6R2,,,,-2.5783832167642142,0.0576263865761468,-2.0154952338891547
ECE2,4.206074149799695,0.0002222768980131,1.4604687075584235,,,
TMEM63A,1.975838585586059,0.1378311210360294,1.77278749167737,,,
KMT2B,1.66717210695005,0.1270263276004191,0.8246920672308131,,,
LZTS3,1.981844028758515,0.0973207491865198,1.2115948093918254,,,
TM9SF4,1.3360129037108062,0.2485962361054154,1.05042004126952,,,
SPCS2,1.0326391477889278,0.3382159008606688,0.5946307105601231,,,
PTDSS1,2.9338500395488274,0.0135384793952128,1.293402045207224,,,
URB2,0.3552271217585352,0.7325749701595848,0.1660852345499741,,,
KEAP1,1.628780780070061,0.1614409289607758,1.332941641213683,,,
TSC22D2,3.4649949204659003,0.0031125823431429,1.2898356253363754,,,
ARHGEF17,1.4361742583569952,0.1873409531175325,0.9795809379606212,,,
GAB2,4.107894366650578,0.0013783432563892,1.9788204450030311,,,
C2CD5,3.134045522362653,0.0334252081428615,2.8918704324669604,,,
CEP170,1.3257188915495943,0.2293654681042108,0.5813462247551404,,,
SETDB1,2.037379548709964,0.0627391180809301,0.6064682548494493,,,
FCHSD2,3.3925687524471466,0.0062382966765956,1.5239410872646688,,,
OSBPL2,4.802056742142611,0.0004674267233003,2.121999315586735,,,
NCAPD2,-0.3959370324635506,0.7005545557972259,-0.1536728690089102,,,
RBM8A,-0.7990329610733478,0.4399522014974343,-0.2346454618454579,,,
THRAP3,2.0434167042333904,0.0609460204013106,0.8496292449097657,,,
NUP153,3.722177516792316,0.0027317172646316,1.767778952890828,,,
SCO2,,,,-3.530877103783612,0.003069661449233,-1.5143399110200355
