Biomarker,Biomarker_HGNC,BiomarkerCluster,BiomarkerCluster_HGNC,TargetGene,TargetGene_HGNC,OncogeneAddiction,Beta,T-stat,P-value,EffectSize,CI_Lower,CI_Upper,n_Lines,MeanCNA,MeanEffect,MeanEffect_CNA6plus,PredictedEffect_CNA2,DeltaEffect_CNA6minusPred2,FDR
1004,CDH6,"1004, 55322","CDH6, C5orf22",7849,PAX8,False,-0.1973219045173581,-4.376055215042171,1.208464143455598e-05,-0.3013206276065786,-0.285699177474401,-0.1089446315603151,17,3.941176470588236,-0.9158601685259526,-1.356943183417135,-0.5328235303451986,-0.8241196530719365,0.0043931524598088
1004,CDH6,"1004, 55322","CDH6, C5orf22",7328,UBE2H,False,-0.1150450486126995,-3.915590644519028,9.018315326002258e-05,-0.3580577530120851,-0.1726312909836121,-0.0574588062417868,17,3.941176470588236,-0.4821061623987265,-0.8643074202770387,-0.2587834209740746,-0.6055239993029641,0.0194570669900709
10051,SMC4,"10051, 3840, 51068, 8706","SMC4, KPNA4, NMD3, B3GALNT1",132660,LIN54,False,-0.1029270979522504,-4.28417239109199,1.8342065720523585e-05,-0.3795471019536576,-0.1500151669195726,-0.0558390289849282,17,4.588235294117647,-0.2904857359912964,-0.5739113634094696,-0.0240861883501777,-0.5498251750592918,0.0058705194431996
10051,SMC4,"10051, 3840, 51068, 8706","SMC4, KPNA4, NMD3, B3GALNT1",54468,MIOS,False,-0.1139741928325117,-3.5993260381452736,0.0003190429787689,-0.353593736045602,-0.1760372876317414,-0.0519110980332819,17,4.588235294117647,-0.5019553118618226,-0.7830068450079741,-0.2069632833541455,-0.5760435616538286,0.0484817003825912
10059,DNM1L,"10059, 51067","DNM1L, YARS2",8773,SNAP23,False,-0.2215780179528575,-4.364874934976555,1.2719550960462078e-05,-0.3729792296267877,-0.3210734081811924,-0.1220826277245226,17,4.0,-0.6531398241662092,-1.316672664644812,-0.2099837882604944,-1.1066888763843177,0.0045759224477386
10195,EIF4G1,"10195, 1857, 1962, 1981, 2049, 5437, 55324, 55486, 5708, 8893, 9718","ALG3, DVL3, EHHADH, EIF4G1, EPHB3, POLR2H, ABCF3, PARL, PSMD2, EIF2B5, ECE2",54468,MIOS,False,-0.1534799864658127,-3.921531148699128,8.798807150395873e-05,-0.4761565796076821,-0.2301886072606458,-0.0767713656709795,17,4.0588235294117645,-0.5019553118618226,-0.8623041896775143,-0.1859671044322082,-0.6763370852453061,0.0191332628798896
10298,PAK4,"10298, 22933, 4793, 6183","PAK4, SIRT2, NFKBIB, MRPS12",7919,DDX39B,False,-0.1609658143939273,-7.610072127588906,2.739430008020648e-14,-0.355844618992334,-0.2024223464300056,-0.1195092823578489,17,4.041842194451983,-0.7709075815384515,-1.4408280235605273,-0.4422407898446045,-0.9985872337159228,1.2528662991243486e-10
10298,PAK4,"10298, 22933, 4793, 6183","PAK4, SIRT2, NFKBIB, MRPS12",51343,FZR1,False,-0.1553794793756741,-13.62489783449033,2.848085647426548e-42,-0.3217305877469128,-0.1777310732894274,-0.1330278854619207,17,4.041842194451983,-0.3081703341787889,-0.8808277133228545,0.0090900429624442,-0.8899177562852987,1.4849178063413689e-37
10298,PAK4,"10298, 22933, 4793, 6183","PAK4, SIRT2, NFKBIB, MRPS12",57622,LRFN1,False,-0.0799680691692144,-4.52223979718682,6.118868249938377e-06,-0.3193394244719024,-0.114626676964044,-0.0453094613743847,17,4.041842194451983,-0.1643239043003281,-0.5087331813172594,-0.0010417264617713,-0.5076914548554881,0.0025810831836111
10298,PAK4,"10298, 22933, 4793, 6183","PAK4, SIRT2, NFKBIB, MRPS12",10440,TIMM17A,False,-0.1461180406674812,-6.880619207985336,5.959295301313905e-12,-0.2966747746340888,-0.1877401808474602,-0.1044959004875021,17,4.041842194451983,-0.3878870846132758,-0.9965691132867784,-0.089537103807762,-0.9070320094790164,1.6704417357135675e-08
10397,NDRG1,10397,NDRG1,1871,E2F3,False,-0.0881259331817887,-4.195772830941972,2.719427110330964e-05,-0.2385015988191496,-0.129292045385607,-0.0469598209779705,17,4.778054606541382,-0.390149628137926,-0.8318928865354852,-0.1453309735064994,-0.6865619130289857,0.0079094414769376
10499,NCOA2,10499,NCOA2,3845,KRAS,False,-0.2224615282341573,-3.59531151373546,0.0003240036429729,-0.3095070796713781,-0.3437351874480917,-0.1011878690202229,17,4.294117647058823,-0.6180870444254417,-1.1285901394218352,-0.1077341267117865,-1.0208560127100488,0.0489448563346742
10499,NCOA2,10499,NCOA2,25920,NELFB,False,-0.142202913133015,-3.7915244044775904,0.0001497254322041,-0.3222864710847078,-0.2157122878605633,-0.0686935384054668,17,4.294117647058823,-0.8751446092754065,-1.060675715691887,-0.5489143967937835,-0.5117613188981034,0.0286563246670336
10499,NCOA2,10499,NCOA2,5134,PDCD2,False,-0.1932396040652886,-3.874193405303108,0.0001069784301741,-0.3549333745844786,-0.2909999956441684,-0.0954792124864088,17,4.294117647058823,-0.9716258526174696,-1.469553092843502,-0.5283114668206308,-0.9412416260228712,0.0220981664237768
10526,IPO8,10526,IPO8,8773,SNAP23,False,-0.2083441905673125,-4.067789136281327,4.746129944950431e-05,-0.3507029100312013,-0.3087297061924866,-0.1079586749421385,17,4.0588235294117645,-0.6531398241662092,-1.2862360355324065,-0.2241959024099774,-1.0620401331224292,0.0119830932393151
10565,ARFGEF1,10565,ARFGEF1,3845,KRAS,False,-0.2172237977509203,-3.746029507044931,0.0001796554689195,-0.3022199110591671,-0.3308776863217746,-0.1035699091800661,17,4.029411764705882,-0.6180870444254417,-1.2256601290101772,-0.1772505136956324,-1.0484096153145448,0.0326623684888329
10565,ARFGEF1,10565,ARFGEF1,5134,PDCD2,False,-0.1979813711591395,-3.993683634312796,6.505465192872542e-05,-0.3636428283439962,-0.2951438889279113,-0.1008188533903676,17,4.029411764705882,-0.9716258526174696,-1.4269549309258835,-0.5698401287945098,-0.8571148021313737,0.0151148859601993
10644,IGF2BP2,10644,IGF2BP2,54468,MIOS,False,-0.1501298181569872,-4.576618051835838,4.725530924169013e-06,-0.4657630115616245,-0.2144238084486194,-0.0858358278653549,17,4.029411764705882,-0.5019553118618226,-0.8623041896775143,-0.1972800926608781,-0.6650240970166361,0.0021023446837593
10653,SPINT2,"10653, 64073, 90522, 94274","SPINT2, C19orf33, YIF1B, PPP1R14A",7919,DDX39B,False,-0.1609658143939273,-7.610072127588906,2.739430008020648e-14,-0.355844618992334,-0.2024223464300056,-0.1195092823578489,17,4.041842194451983,-0.7709075815384515,-1.4408280235605273,-0.4422407898446045,-0.9985872337159228,1.2528662991243486e-10
10653,SPINT2,"10653, 64073, 90522, 94274","SPINT2, C19orf33, YIF1B, PPP1R14A",51343,FZR1,False,-0.1553794793756741,-13.62489783449033,2.848085647426548e-42,-0.3217305877469128,-0.1777310732894274,-0.1330278854619207,17,4.041842194451983,-0.3081703341787889,-0.8808277133228545,0.0090900429624442,-0.8899177562852987,1.4849178063413689e-37
10653,SPINT2,"10653, 64073, 90522, 94274","SPINT2, C19orf33, YIF1B, PPP1R14A",57622,LRFN1,False,-0.0799680691692144,-4.52223979718682,6.118868249938377e-06,-0.3193394244719024,-0.114626676964044,-0.0453094613743847,17,4.041842194451983,-0.1643239043003281,-0.5087331813172594,-0.0010417264617713,-0.5076914548554881,0.0025810831836111
10653,SPINT2,"10653, 64073, 90522, 94274","SPINT2, C19orf33, YIF1B, PPP1R14A",10440,TIMM17A,False,-0.1461180406674812,-6.880619207985336,5.959295301313905e-12,-0.2966747746340888,-0.1877401808474602,-0.1044959004875021,17,4.041842194451983,-0.3878870846132758,-0.9965691132867784,-0.089537103807762,-0.9070320094790164,1.6704417357135675e-08
10923,SUB1,"10923, 134218, 26064, 51663, 54545","SUB1, DNAJC21, RAI14, ZFR, MTMR12",7849,PAX8,False,-0.1963828103825735,-4.210075388315688,2.5528548902488187e-05,-0.2998865828928552,-0.2878071199331418,-0.1049585008320051,17,4.0,-0.9158601685259526,-1.356943183417135,-0.5230945477608056,-0.8338486356563295,0.007545307060933
10923,SUB1,"10923, 134218, 26064, 51663, 54545","SUB1, DNAJC21, RAI14, ZFR, MTMR12",7328,UBE2H,False,-0.1146475831002248,-3.6453493789160585,0.0002670287765802,-0.3568207105664288,-0.1762891736403939,-0.0530059925600556,17,4.0,-0.4821061623987265,-0.8643074202770387,-0.252810996198277,-0.6114964240787616,0.0431829594791459
113655,MFSD3,113655,MFSD3,51575,ESF1,False,-0.0951111428407752,-4.384538224707915,1.1623207283349177e-05,-0.3342366635683905,-0.1376274592560078,-0.0525948264255425,17,4.764705882352941,-0.7700897669685247,-1.082374970920695,-0.507135430879323,-0.5752395400413719,0.0042496760688281
116228,COX20,116228,COX20,898,CCNE1,False,-0.2234917650477164,-3.941749732594311,8.088935447800838e-05,-0.3504016777370805,-0.3346190156472904,-0.1123645144481424,17,3.823529411764706,-0.6425779353343016,-1.3103930320890949,-0.2350341284825838,-1.075358903606511,0.0180152098682687
116228,COX20,116228,COX20,11113,CIT,False,-0.1462075723324851,-5.016930432952045,5.250356806230684e-07,-0.4802681221846507,-0.2033264779797552,-0.089088666685215,17,3.823529411764706,-0.3459937335749832,-0.8241726079098313,-0.0793799252039809,-0.7447926827058504,0.0003513991693827
116228,COX20,116228,COX20,84612,PARD6B,False,-0.1911015564897822,-4.519779443977659,6.190408843756145e-06,-0.449281770206106,-0.2739711240764459,-0.1082319889031185,17,3.823529411764706,-0.5091554782358927,-0.9257146491070902,-0.1606761693427607,-0.7650384797643295,0.002604938031077
116228,COX20,116228,COX20,6502,SKP2,False,-0.1578322079321076,-4.391937066582571,1.123452217932599e-05,-0.332365633498679,-0.2282670612684907,-0.0873973545957245,17,3.823529411764706,-0.8703113710825862,-1.3668319652678451,-0.5824996977946252,-0.7843322674732199,0.0041472260902148
116228,COX20,116228,COX20,80232,WDR26,False,-0.1123515256991201,-3.622803868467239,0.000291426795311,-0.4023009432354618,-0.1731345412785883,-0.0515685101196519,17,3.823529411764706,-0.577986773113583,-0.9282347475238272,-0.3731104615445993,-0.5551242859792277,0.0457382161283847
1207,CLNS1A,1207,CLNS1A,10440,TIMM17A,False,-0.0521135628832123,-5.374667877080376,7.672397071305772e-08,-0.1058102028546927,-0.0711176592651908,-0.0331094665012337,17,6.5470671599088055,-0.3878870846132758,-0.8273687682263264,-0.1509232142411785,-0.6764455539851479,7.117772865934118e-05
1207,CLNS1A,1207,CLNS1A,114034,TOE1,False,-0.0299297208230409,-4.757663333749188,1.9584677537525293e-06,-0.060376980080443,-0.0422595497254723,-0.0175998919206096,17,6.5470671599088055,-0.7187744888069909,-1.1774861203891258,-0.5826820381473025,-0.5948040822418234,0.0010309050823168
121512,FGD4,121512,FGD4,23047,PDS5B,False,-0.1334017508987702,-4.25686580461793,2.0731270647153355e-05,-0.5730056563104379,-0.1948231438288771,-0.0719803579686633,17,3.4705882352941178,-0.2245537160650716,-0.5817065879592581,-0.0283746706257035,-0.5533319173335546,0.0064529823894859
133957,CCDC127,133957,CCDC127,79844,ZDHHC11,False,-0.097341838822136,-3.777181943583945,0.0001586128634479,-0.515344894842856,-0.1478521137122207,-0.0468315639320513,12,4.166666666666667,-0.2843224479068242,-0.5804176678366064,-0.0734151304588628,-0.5070025373777436,0.0298759476399248
137695,TGS1,"137695, 96764","TMEM68, TGS1",57599,WDR48,False,-0.0810410160105133,-5.482532061153855,4.192809835733047e-08,-0.1799962335684786,-0.1100125698253234,-0.0520694621957033,17,5.122473524622959,-0.5945797973637438,-1.0411959042677978,-0.3415313704623705,-0.6996645338054274,4.220119759257685e-05
152137,IL1RAP,"152137, 3556, 4026","CCDC50, IL1RAP, LPP",132660,LIN54,False,-0.1335897531821869,-3.991922698918536,6.553973866574147e-05,-0.4926166644135412,-0.1991799774146389,-0.067999528949735,17,3.882352941176471,-0.2904857359912964,-0.5811022193325409,-0.0390226711777682,-0.5420795481547727,0.015207261106859
152137,IL1RAP,"152137, 3556, 4026","CCDC50, IL1RAP, LPP",54468,MIOS,False,-0.1563085354996318,-4.971498173288884,6.643749050767858e-07,-0.4849318750987064,-0.2179316296609654,-0.0946854413382982,17,3.882352941176471,-0.5019553118618226,-0.8623041896775143,-0.207727480333104,-0.6545767093444103,0.0004203735458246
163882,AHCTF1,"163882, 25909, 51097","CNST, AHCTF1, SCCPDH",9525,VPS4B,False,-0.0994456015533698,-4.965980687500371,6.835475740190161e-07,-0.2703663771212054,-0.1386946058751392,-0.0601965972316004,17,4.357868666200488,-0.2779624785304199,-0.8151229563770173,-0.0434828106362704,-0.7716401457407468,0.0004314575458312
170506,DHX36,170506,DHX36,54468,MIOS,False,-0.1149199908782025,-3.763224411028388,0.000167736555192,-0.3565279815639001,-0.174772664708886,-0.0550673170475189,17,4.411764705882353,-0.5019553118618226,-0.7830068450079741,-0.2247953338614522,-0.5582115111465218,0.0311222344223216
1891,PSMD8,"1891, 27335, 3191, 3963, 5714, 81","ECH1, EIF3K, HNRNPL, LGALS7, PSMD8, ACTN4",7919,DDX39B,False,-0.1609658143939273,-7.610072127588906,2.739430008020648e-14,-0.355844618992334,-0.2024223464300056,-0.1195092823578489,17,4.041842194451983,-0.7709075815384515,-1.4408280235605273,-0.4422407898446045,-0.9985872337159228,1.2528662991243486e-10
1891,PSMD8,"1891, 27335, 3191, 3963, 5714, 81","ECH1, EIF3K, HNRNPL, LGALS7, PSMD8, ACTN4",51343,FZR1,False,-0.1553794793756741,-13.62489783449033,2.848085647426548e-42,-0.3217305877469128,-0.1777310732894274,-0.1330278854619207,17,4.041842194451983,-0.3081703341787889,-0.8808277133228545,0.0090900429624442,-0.8899177562852987,1.4849178063413689e-37
1891,PSMD8,"1891, 27335, 3191, 3963, 5714, 81","ECH1, EIF3K, HNRNPL, LGALS7, PSMD8, ACTN4",57622,LRFN1,False,-0.0799680691692144,-4.52223979718682,6.118868249938377e-06,-0.3193394244719024,-0.114626676964044,-0.0453094613743847,17,4.041842194451983,-0.1643239043003281,-0.5087331813172594,-0.0010417264617713,-0.5076914548554881,0.0025810831836111
1891,PSMD8,"1891, 27335, 3191, 3963, 5714, 81","ECH1, EIF3K, HNRNPL, LGALS7, PSMD8, ACTN4",10440,TIMM17A,False,-0.1461180406674812,-6.880619207985336,5.959295301313905e-12,-0.2966747746340888,-0.1877401808474602,-0.1044959004875021,17,4.041842194451983,-0.3878870846132758,-0.9965691132867784,-0.089537103807762,-0.9070320094790164,1.6704417357135675e-08
1894,ECT2,"1894, 57552","ECT2, NCEH1",54468,MIOS,False,-0.136593015963817,-3.945200482689197,7.9733239982655e-05,-0.4237664126593864,-0.2044520241443848,-0.0687340077832492,17,4.235294117647059,-0.5019553118618226,-0.8623041896775143,-0.1966297467662321,-0.6656744429112822,0.0177881207799387
1974,TRA2B,"1974, 51726, 5984, 6434","EIF4A2, DNAJB11, RFC4, TRA2B",54468,MIOS,False,-0.1525298507044808,-4.3011364616028445,1.6992437080415673e-05,-0.4732088767527596,-0.2220354375689922,-0.0830242638399694,17,4.0588235294117645,-0.5019553118618226,-0.8623041896775143,-0.1879232662937741,-0.6743809233837401,0.0055614657189985
203054,ADCK5,203054,ADCK5,51575,ESF1,False,-0.0951111428407752,-4.384538224707915,1.1623207283349177e-05,-0.3342366635683905,-0.1376274592560078,-0.0525948264255425,17,4.764705882352941,-0.7700897669685247,-1.082374970920695,-0.507135430879323,-0.5752395400413719,0.0042496760688281
208,AKT2,"208, 5704, 8857, 9149","AKT2, PSMC4, FCGBP, DYRK1B",51343,FZR1,False,-0.0651795484679181,-4.173587182426692,2.998408463358967e-05,-0.1349615439691373,-0.0957886053635318,-0.0345704915723045,17,5.142457066628853,-0.3081703341787889,-0.6725064821070945,-0.1033464014961015,-0.5691600806109929,0.0084961533379093
2122,MECOM,2122,MECOM,10096,ACTR3,False,-0.103130832058615,-3.94913589963642,7.843381505235796e-05,-0.3785572942387277,-0.154314868685246,-0.0519467954319839,17,3.9803921568627447,-0.6176409772916253,-0.9557806384356669,-0.4134014863520156,-0.5423791520836512,0.0175809767365039
2146,EZH2,"2146, 8454","EZH2, CUL1",10959,TMED2,False,-0.1148598628592055,-4.407228245669706,1.0470183956480584e-05,-0.3600499105243144,-0.1659398573420064,-0.0637798683764047,17,3.5294117647058822,-0.6285900879326529,-0.9765777480998684,-0.4529220623832798,-0.5236556857165886,0.0039643294772157
2271,FH,2271,FH,56970,ATXN7L3,False,-0.0703910422532443,-4.837023619830657,1.317977717381866e-06,-0.1794614919361604,-0.098913521879967,-0.0418685626265217,17,4.299045136028248,-0.2565759286439727,-0.6164335813321565,-0.0947437453316926,-0.5216898360004639,0.0007404733991619
2271,FH,2271,FH,23291,FBXW11,False,-0.0923094633822749,-8.836900165699115,9.84110076854339e-19,-0.2700972763553579,-0.1127830706731823,-0.0718358560913676,17,4.299045136028248,-0.4818533407359793,-1.0363154883424568,-0.2696297179375827,-0.7666857704048741,9.680932211506682e-15
2271,FH,2271,FH,10296,MAEA,False,-0.0785643707968988,-3.704661099064555,0.0002116735460405,-0.2625302932037548,-0.1201291274945772,-0.0369996140992204,17,4.299045136028248,-0.4746172296970153,-0.9198695299039128,-0.2939941951512855,-0.6258753347526274,0.0366526348034988
2271,FH,2271,FH,64321,SOX17,False,-0.081282532300515,-10.427485267443648,1.8573892921773297e-25,-0.2444964702804528,-0.0965605050614661,-0.0660045595395639,17,4.299045136028248,-0.216942650671152,-0.6562582460020826,-0.0300704401415941,-0.6261878058604885,4.40179311281665e-21
2271,FH,2271,FH,9913,SUPT7L,False,-0.0710508922869355,-4.095990168173086,4.203677711626103e-05,-0.1816182541420616,-0.1050493112855681,-0.0370524732883028,17,4.299045136028248,-0.0265944949159917,-0.4310282185943508,0.136754713406754,-0.5677829320011049,0.0108822654579014
2271,FH,2271,FH,7296,TXNRD1,False,-0.0788359217627868,-4.003061630550141,6.25280049722138e-05,-0.1853504852902543,-0.1174352693630995,-0.040236574162474,17,4.299045136028248,-0.5525844527668398,-1.165335991725397,-0.3713371102938015,-0.7939988814315954,0.0146848991281004
2271,FH,2271,FH,9525,VPS4B,False,-0.099173827334274,-4.355778138484187,1.3259502759894388e-05,-0.2696274946581892,-0.1437989490930729,-0.0545487055754751,17,4.299045136028248,-0.2779624785304199,-0.7433419233348233,-0.0499573731762521,-0.6933845501585711,0.004699632897306
2288,FKBP4,2288,FKBP4,64858,DCLRE1B,False,-0.109286850259621,-3.960045198266763,7.493557911823479e-05,-0.3539385739247053,-0.1633767102911251,-0.0551969902281169,17,3.5588235294117645,-0.698321106083981,-1.0315842271834132,-0.5279621924439836,-0.5036220347394297,0.017001506800344
2288,FKBP4,2288,FKBP4,114034,TOE1,False,-0.1505825335719164,-4.489383288430247,7.142967045792896e-06,-0.3037689086272766,-0.2163234880728066,-0.0848415790710262,17,3.5588235294117645,-0.7187744888069909,-1.0796679348235925,-0.4840428923566506,-0.5956250424669418,0.0029117727134739
22916,NCBP2,"22916, 5062, 54965","NCBP2, PAK2, PIGX",132660,LIN54,False,-0.1336553240992652,-3.749308407734832,0.0001773229082272,-0.4928584593542775,-0.2035241087092922,-0.0637865394892382,17,3.882352941176471,-0.2904857359912964,-0.5510380170962574,-0.0388992435691502,-0.5121387735271072,0.0324163933920396
22916,NCBP2,"22916, 5062, 54965","NCBP2, PAK2, PIGX",54468,MIOS,False,-0.15297507089929,-4.354748141218454,1.3321999702580634e-05,-0.4745901286671896,-0.2218253510468759,-0.084124790751704,17,3.882352941176471,-0.5019553118618226,-0.9168305236666722,-0.2140022372278655,-0.7028282864388067,0.0047128766069049
23085,ERC1,23085,ERC1,64858,DCLRE1B,False,-0.1252701417521126,-5.2614770547360825,1.4290272496271038e-07,-0.4057023806776345,-0.1719347881276698,-0.0786054953765553,17,3.3823529411764706,-0.698321106083981,-1.0315842271834132,-0.5251535571913549,-0.5064306699920583,0.0001213448946656
23085,ERC1,23085,ERC1,6158,RPL28,False,-0.1370838113373099,-6.597483354502185,4.18195625405418e-11,-0.3894808929502923,-0.1778083298616744,-0.0963592928129453,17,3.3823529411764706,-0.7582956692128893,-1.1645335698250874,-0.5687974594230789,-0.5957361104020085,9.821456126131729e-08
23094,SIPA1L3,23094,SIPA1L3,7919,DDX39B,False,-0.1609658143939273,-7.610072127588906,2.739430008020648e-14,-0.355844618992334,-0.2024223464300056,-0.1195092823578489,17,4.041842194451983,-0.7709075815384515,-1.4408280235605273,-0.4422407898446045,-0.9985872337159228,1.2528662991243486e-10
23094,SIPA1L3,23094,SIPA1L3,51343,FZR1,False,-0.1553794793756741,-13.62489783449033,2.848085647426548e-42,-0.3217305877469128,-0.1777310732894274,-0.1330278854619207,17,4.041842194451983,-0.3081703341787889,-0.8808277133228545,0.0090900429624442,-0.8899177562852987,1.4849178063413689e-37
23094,SIPA1L3,23094,SIPA1L3,57622,LRFN1,False,-0.0799680691692144,-4.52223979718682,6.118868249938377e-06,-0.3193394244719024,-0.114626676964044,-0.0453094613743847,17,4.041842194451983,-0.1643239043003281,-0.5087331813172594,-0.0010417264617713,-0.5076914548554881,0.0025810831836111
23094,SIPA1L3,23094,SIPA1L3,10440,TIMM17A,False,-0.1461180406674812,-6.880619207985336,5.959295301313905e-12,-0.2966747746340888,-0.1877401808474602,-0.1044959004875021,17,4.041842194451983,-0.3878870846132758,-0.9965691132867784,-0.089537103807762,-0.9070320094790164,1.6704417357135675e-08
23126,RFX5,"23126, 5298, 57530, 57592, 5993, 8991","POGZ, PI4KB, CGN, ZNF687, RFX5, SELENBP1",9411,ARHGAP29,False,-0.1290379316414253,-4.663167718409714,3.113787758616061e-06,-0.3048301525958557,-0.1832735315445283,-0.0748023317383222,17,4.340039297796045,-0.5546291224973203,-0.9840655235472534,-0.2526752915500657,-0.7313902319971877,0.0014976457369563
23126,RFX5,"23126, 5298, 57530, 57592, 5993, 8991","POGZ, PI4KB, CGN, ZNF687, RFX5, SELENBP1",5879,RAC1,False,-0.1188065677061563,-5.064658662937402,4.091327616429822e-07,-0.3438341841232201,-0.1647833273118734,-0.0728298081004391,17,4.340039297796045,-0.7902699185200579,-1.0145030451972716,-0.5122578812513863,-0.5022451639458854,0.0002859399255614
23126,RFX5,"23126, 5298, 57530, 57592, 5993, 8991","POGZ, PI4KB, CGN, ZNF687, RFX5, SELENBP1",7186,TRAF2,False,-0.0976124585104946,-4.494142415885507,6.9850871034394845e-06,-0.3025612277124395,-0.1401827389819654,-0.0550421780390237,17,4.340039297796045,-0.4888698914146435,-0.8614397991270326,-0.2604529025456006,-0.600986896581432,0.0028653365880949
23126,RFX5,"23126, 5298, 57530, 57592, 5993, 8991","POGZ, PI4KB, CGN, ZNF687, RFX5, SELENBP1",7716,VEZF1,False,-0.0947400567832525,-6.023028173841821,1.7118363056371451e-09,-0.3922560426251832,-0.1255695820368282,-0.0639105315296768,17,4.340039297796045,-0.3742587492227955,-0.6876441515706375,-0.1525632932745562,-0.5350808582960813,2.720617663814348e-06
23126,RFX5,"23126, 5298, 57530, 57592, 5993, 8991","POGZ, PI4KB, CGN, ZNF687, RFX5, SELENBP1",7490,WT1,False,-0.1074877599448119,-5.010978033190787,5.415409679916478e-07,-0.3481731807150489,-0.1495298796418665,-0.0654456402477572,17,4.340039297796045,-0.061812080781763,-0.4733065482861114,0.1897135015211644,-0.6630200498072758,0.0003601344140888
23126,RFX5,"23126, 5298, 57530, 57592, 5993, 8991","POGZ, PI4KB, CGN, ZNF687, RFX5, SELENBP1",25937,WWTR1,False,-0.0990473490552795,-4.765700530101617,1.881986134631516e-06,-0.3336196816850134,-0.1397820187405306,-0.0583126793700284,17,4.340039297796045,-0.5256825321838718,-1.0736943006470256,-0.2939078430519963,-0.7797864575950293,0.0009941424913448
23167,EFR3A,23167,EFR3A,1871,E2F3,False,-0.0823104378551321,-5.173709743872623,2.29491238080817e-07,-0.2227627024097154,-0.1134922207023133,-0.051128655007951,17,5.318990488059089,-0.390149628137926,-0.7302493457079257,-0.1169620678287636,-0.613287277879162,0.0001801969348842
23200,ATP11B,"23200, 54165, 56922","ATP11B, DCUN1D1, MCCC1",54468,MIOS,False,-0.1517300719613603,-3.926267001307631,8.627438451956686e-05,-0.4707276417752466,-0.2274726224086156,-0.075987521514105,17,4.117647058823529,-0.5019553118618226,-0.8623041896775143,-0.1806445712377654,-0.6816596184397489,0.0188917349661926
23527,ACAP2,23527,ACAP2,10096,ACTR3,False,-0.1261908631194916,-4.034911476393466,5.46228874494588e-05,-0.4632026208516748,-0.1874882542368051,-0.064893472002178,17,3.794117647058824,-0.6176409772916253,-1.0347424971887802,-0.3912397228713609,-0.6435027743174193,0.0133266042681675
254048,UBN2,254048,UBN2,10959,TMED2,False,-0.1104893394648786,-4.052489166097916,5.067557137286251e-05,-0.3463496803664502,-0.1639268977533564,-0.0570517811764008,17,3.4411764705882355,-0.6285900879326529,-0.9765777480998684,-0.4693554516450339,-0.5072222964548345,0.0125737669658266
254827,NAALADL2,254827,NAALADL2,595,CCND1,False,-0.3045019599679535,-4.332678118573433,1.473063997337259e-05,-0.3545816706172832,-0.4422488357860794,-0.1667550841498275,17,3.519607843137255,-0.8705619113763747,-2.105536847845212,-0.4078383447584062,-1.697698503086806,0.0050218292891785
254827,NAALADL2,254827,NAALADL2,5894,RAF1,False,-0.0950030390815693,-3.75480051447872,0.0001734795906462,-0.3739069082650529,-0.144593565743031,-0.0454125124201076,17,3.519607843137255,-0.2621860369865949,-0.6323617674175377,-0.1178186736763671,-0.5145430937411706,0.0319039675815115
25852,PIK3CB,"25852, 349565, 51163, 5291, 55179, 5947, 9276","ARMC8, NMNAT3, DBR1, PIK3CB, FAIM, RBP1, COPB2",4605,MYBL2,False,-0.1147020014723983,-4.540704103732397,5.606667237101736e-06,-0.4553374867167118,-0.1642123387911787,-0.065191664153618,17,4.235294117647059,-0.462387534487011,-0.7140389728510068,-0.2059948253134149,-0.5080441475375919,0.0024138484922185
25852,PIK3CB,"25852, 349565, 51163, 5291, 55179, 5947, 9276","ARMC8, NMNAT3, DBR1, PIK3CB, FAIM, RBP1, COPB2",10440,TIMM17A,False,-0.2222347128629121,-3.94283994711996,8.052239548259486e-05,-0.4512203493373905,-0.3327063625285473,-0.1117630631972768,17,4.235294117647059,-0.3878870846132758,-1.154059505636436,0.1088728617861746,-1.2629323674226107,0.0179411467616847
25937,WWTR1,"25937, 4071, 51122","WWTR1, TM4SF1, COMMD2",8773,SNAP23,False,-0.2207665505386487,-4.001991303884801,6.281160779796958e-05,-0.3716132976908715,-0.3288863477073405,-0.1126467533699569,17,4.176470588235294,-0.6531398241662092,-1.3342970934360388,-0.1726479200526797,-1.161649173383359,0.0147117426792716
25937,WWTR1,"25937, 4071, 51122","WWTR1, TM4SF1, COMMD2",10440,TIMM17A,False,-0.2037006662686981,-3.819037056013184,0.000133973638155,-0.4135892390974908,-0.3082416706260235,-0.0991596619113727,17,4.176470588235294,-0.3878870846132758,-0.993961289842845,0.055461424324479,-1.049422714167324,0.0263189041520127
26043,UBXN7,"26043, 5130, 7037","UBXN7, PCYT1A, TFRC",132660,LIN54,False,-0.1336553240992652,-3.749308407734832,0.0001773229082272,-0.4928584593542775,-0.2035241087092922,-0.0637865394892382,17,3.882352941176471,-0.2904857359912964,-0.5510380170962574,-0.0388992435691502,-0.5121387735271072,0.0324163933920396
26043,UBXN7,"26043, 5130, 7037","UBXN7, PCYT1A, TFRC",54468,MIOS,False,-0.15297507089929,-4.354748141218454,1.3321999702580634e-05,-0.4745901286671896,-0.2218253510468759,-0.084124790751704,17,3.882352941176471,-0.5019553118618226,-0.9168305236666722,-0.2140022372278655,-0.7028282864388067,0.0047128766069049
26065,LSM14A,26065,LSM14A,7849,PAX8,False,-0.2909916422099594,-3.971605836117503,7.138977147020044e-05,-0.4443591018110244,-0.4345942961659781,-0.1473889882539407,17,3.5294117647058822,-0.9158601685259526,-1.7962644440839104,-0.4708141274989557,-1.3254503165849547,0.0163751740917308
26233,FBXL6,26233,FBXL6,51575,ESF1,False,-0.0951111428407752,-4.384538224707915,1.1623207283349177e-05,-0.3342366635683905,-0.1376274592560078,-0.0525948264255425,17,4.764705882352941,-0.7700897669685247,-1.082374970920695,-0.507135430879323,-0.5752395400413719,0.0042496760688281
26958,ZC3HC1,"26958, 51530","COPG2, ZC3HC1",91746,YTHDC1,False,-0.0945538840418309,-3.643281787751405,0.0002691838662213,-0.3956238814055597,-0.1454207173302722,-0.0436870507533896,17,3.0588235294117645,-0.6333707990002313,-1.0416948627913758,-0.5332549217794691,-0.5084399410119067,0.0433412102596425
27161,AGO2,27161,AGO2,374354,NHLRC2,False,-0.1507061286088859,-3.911277837774306,9.180908356888897e-05,-0.3541628271192366,-0.2262258427724192,-0.0751864144453526,17,4.705882352941177,-0.4996597611795696,-0.8354122214271845,-0.0918667072967018,-0.7435455141304828,0.0197064096898501
27333,GOLIM4,27333,GOLIM4,10096,ACTR3,False,-0.1033019770143243,-3.9241129071558434,8.704990484393199e-05,-0.3791855076455497,-0.1548978814315107,-0.0517060725971379,17,4.0,-0.6176409772916253,-0.9557806384356669,-0.4110370232629765,-0.5447436151726902,0.0190216081676865
283219,ALG8,"283219, 79053","KCTD21, ALG8",10440,TIMM17A,False,-0.0524887742561571,-5.4768294941918345,4.330140884669221e-08,-0.1065720235648532,-0.071272654098285,-0.0337048944140293,17,6.664714218732335,-0.3878870846132758,-0.8273687682263264,-0.1430419530167476,-0.6843268152095787,4.349947733340135e-05
283219,ALG8,"283219, 79053","KCTD21, ALG8",114034,TOE1,False,-0.0300051352329202,-4.646593943017475,3.3746049172463805e-06,-0.0605291129503076,-0.0426614992554642,-0.0173487712103761,17,6.664714218732335,-0.7187744888069909,-1.1774861203891258,-0.5788091078510014,-0.5986770125381244,0.0016023964154138
28971,AAMDC,28971,AAMDC,10440,TIMM17A,False,-0.0519509367810412,-5.293809365680826,1.1979431354788136e-07,-0.1054800104842583,-0.0711850946474084,-0.032716778914674,17,6.664714218732335,-0.3878870846132758,-0.8273687682263264,-0.1455508111342881,-0.6818179570920383,0.0001037502332752
28971,AAMDC,28971,AAMDC,114034,TOE1,False,-0.0295637827635844,-4.616389911316135,3.904730059884533e-06,-0.0596387762376101,-0.0421155711905875,-0.0170119943365813,17,6.664714218732335,-0.7187744888069909,-1.1774861203891258,-0.5808678909901847,-0.5966182293989412,0.0018080148581192
28991,C8orf33,"28991, 65265","COMMD5, C8orf33",51575,ESF1,False,-0.099982888946592,-5.24831980860875,1.534926707836589e-07,-0.3513568044428036,-0.1373210978499734,-0.0626446800432106,17,4.588235294117647,-0.7700897669685247,-1.082374970920695,-0.5113105249891103,-0.5710644459315846,0.0001286609127607
29803,REPIN1,"29803, 51667","REPIN1, NUB1",10959,TMED2,False,-0.1179285502311746,-4.309551625546194,1.635858691797295e-05,-0.3696692900551686,-0.1715619049941149,-0.0642951954682343,17,3.411764705882353,-0.6285900879326529,-0.9765777480998684,-0.4621027229004066,-0.5144750251994618,0.005408333478612
2992,HLTF,"2992, 6596","GYG1, HLTF",10440,TIMM17A,False,-0.2185771933200813,-4.1010811923521535,4.112242300270659e-05,-0.4437942041390819,-0.3230382870307133,-0.1141160996094494,17,4.0588235294117645,-0.3878870846132758,-1.154059505636436,0.0621247839868915,-1.2161842896233277,0.0107054624786898
29956,ANXA9,"29956, 8416","CERS2, ANXA9",9411,ARHGAP29,False,-0.1276735066450838,-4.516117170482474,6.2983823331258105e-06,-0.3016069307528698,-0.1830829358866121,-0.0722640774035555,17,4.340039297796045,-0.5546291224973203,-0.9840655235472534,-0.2558680996603998,-0.7281974238868536,0.0026291535552851
29956,ANXA9,"29956, 8416","CERS2, ANXA9",5879,RAC1,False,-0.1208263532994575,-5.02525983171932,5.027513825789802e-07,-0.3496795792472858,-0.1679513396246374,-0.0737013669742775,17,4.340039297796045,-0.7902699185200579,-1.0145030451972716,-0.507531503589939,-0.5069715416073326,0.0003399760043329
29956,ANXA9,"29956, 8416","CERS2, ANXA9",55095,SAMD4B,False,-0.0923997316076713,-5.83046333287489,5.527368402028847e-09,-0.37318286250666,-0.1234607529695716,-0.0613387102457711,17,4.340039297796045,-0.3193641382957755,-0.6580982204815788,-0.1031451352280173,-0.5549530852535615,7.504755659477574e-06
29956,ANXA9,"29956, 8416","CERS2, ANXA9",7186,TRAF2,False,-0.0848595657783295,-4.059211760653343,4.923864595700942e-05,-0.2630321456586967,-0.1258334549164669,-0.0438856766401921,17,4.340039297796045,-0.4888698914146435,-0.8614397991270326,-0.2902951726994442,-0.5711446264275883,0.0123437485225212
29956,ANXA9,"29956, 8416","CERS2, ANXA9",7716,VEZF1,False,-0.0916115220573805,-5.81599391205808,6.027465999279193e-09,-0.3793028452928914,-0.1224841960175608,-0.0607388480972002,17,4.340039297796045,-0.3742587492227955,-0.6876441515706375,-0.1598841874776159,-0.5277599640930215,8.141357662974586e-06
29956,ANXA9,"29956, 8416","CERS2, ANXA9",7490,WT1,False,-0.111854846786268,-6.171277269560651,6.774050791296985e-10,-0.3623190008235831,-0.1473793357407141,-0.076330357831822,17,4.340039297796045,-0.061812080781763,-0.4733065482861114,0.1999326563470598,-0.6732392046331712,1.2392329674602372e-06
29956,ANXA9,"29956, 8416","CERS2, ANXA9",25937,WWTR1,False,-0.1080721093667315,-4.606072175094001,4.1034601544964924e-06,-0.364017644791626,-0.1540586753691943,-0.0620855433642687,17,4.340039297796045,-0.5256825321838718,-1.0736943006470256,-0.2727895492700085,-0.8009047513770171,0.0018799977456858
3297,DGAT1,"3297, 8694","HSF1, DGAT1",677,ZFP36L1,False,-0.1456981002270957,-3.6235111810768377,0.0002906306341044,-0.3452730266950823,-0.2245064755268101,-0.0668897249273813,17,5.018910709817594,-0.2825560813173881,-0.6287370298525221,0.1572934738582684,-0.7860305037107906,0.0456971133491154
390916,PDCD5,"390916, 84079, 9141","NUDT19, ANKRD27, PDCD5",196528,ARID2,False,-0.1157442229506236,-3.8436520837852592,0.0001212168214908,-0.4034713979847809,-0.1747647855449332,-0.0567236603563139,17,3.882352941176471,-0.4932722361212058,-0.8515726003893714,-0.2754007576259142,-0.5761718427634572,0.0242887390806857
390916,PDCD5,"390916, 84079, 9141","NUDT19, ANKRD27, PDCD5",84612,PARD6B,False,-0.1643421777850194,-3.664624329315187,0.0002477018916589,-0.3863701892910953,-0.2522378856814161,-0.0764464698886226,17,3.882352941176471,-0.5091554782358927,-0.8764174351573093,-0.199805496522915,-0.6766119386343943,0.0410115357452442
390916,PDCD5,"390916, 84079, 9141","NUDT19, ANKRD27, PDCD5",7849,PAX8,False,-0.2704589102877717,-5.077623572813021,3.821849349047058e-07,-0.4130045713324937,-0.3748561181273262,-0.1660617024482172,17,3.882352941176471,-0.9158601685259526,-1.5997898578135417,-0.4067610432783819,-1.1930288145351595,0.0002729606688369
3945,LDHB,3945,LDHB,5201,PFDN1,False,-0.1551725307116692,-4.25890838610048,2.0542763604981337e-05,-0.3920646245536267,-0.2265834520119217,-0.0837616094114166,17,3.647058823529412,-0.5771616540163615,-1.0083060143089153,-0.3215833681383184,-0.6867226461705969,0.0064019502879758
4147,MATN2,4147,MATN2,25920,NELFB,False,-0.1373419064556694,-3.83052242638464,0.0001278714776816,-0.3112695611393011,-0.2076156603350446,-0.0670681525762942,17,4.0588235294117645,-0.8751446092754065,-1.1055339859039608,-0.5923818606902043,-0.5131521252137565,0.0253493778725433
414919,C8orf82,"414919, 9684","C8orf82, LRRC14",51575,ESF1,False,-0.0951111428407752,-4.384538224707915,1.1623207283349177e-05,-0.3342366635683905,-0.1376274592560078,-0.0525948264255425,17,4.764705882352941,-0.7700897669685247,-1.082374970920695,-0.507135430879323,-0.5752395400413719,0.0042496760688281
4316,MMP7,4316,MMP7,81488,POLR2M,False,-0.1463603089544142,-4.26619782487682,1.9883248888233017e-05,-0.470543049121112,-0.2136007291346691,-0.0791198887741592,17,3.764705882352941,-0.3868114408868626,-0.646440713402973,-0.1285285427320141,-0.5179121706709588,0.0062336794984086
444,ASPH,444,ASPH,3845,KRAS,False,-0.2360163656045716,-3.608165135315281,0.0003083701988995,-0.3283657028375443,-0.3642210233735343,-0.107811707835609,17,4.235294117647059,-0.6180870444254417,-1.2256601290101772,-0.0905210507211048,-1.1351390782890722,0.0473567611431652
4548,MTR,4548,MTR,898,CCNE1,False,-0.1908050166028283,-3.5982929205200027,0.0003203127422844,-0.299153742528312,-0.2947351214807455,-0.0868749117249112,17,3.941176470588236,-0.6425779353343016,-1.1475800479536775,-0.2721917266346936,-0.8753883213189841,0.0485896816106502
4548,MTR,4548,MTR,11113,CIT,False,-0.130041441355329,-3.862599705154008,0.0001121867537813,-0.4271650082793471,-0.1960271921474785,-0.0640556905631795,17,3.941176470588236,-0.3459937335749832,-0.7447141389757371,-0.0935603474146383,-0.6511537915610988,0.0229287560039233
4548,MTR,4548,MTR,91746,YTHDC1,False,-0.0999432987295691,-3.9349580015449366,8.321124579001356e-05,-0.4181737869845187,-0.1497240755330763,-0.0501625219260619,17,3.941176470588236,-0.6333707990002313,-0.9843745735458236,-0.4393632191134206,-0.5450113544324031,0.0183675614151238
4715,NDUFB9,4715,NDUFB9,7516,XRCC2,False,-0.1041243375438084,-3.8970265906491903,9.738093065305091e-05,-0.3169871608397228,-0.1564924563525536,-0.0517562187350631,17,5.16141333474557,-0.4626290346651126,-0.670286248274374,-0.1334489654825678,-0.5368372827918061,0.0205368412021618
4976,OPA1,"4976, 55341, 79572","OPA1, LSG1, ATP13A3",132660,LIN54,False,-0.132586885923247,-4.172696604585056,3.010156583695808e-05,-0.4889185579930974,-0.1948644838071522,-0.0703092880393417,17,3.941176470588236,-0.2904857359912964,-0.5811022193325409,-0.0331111927285228,-0.547991026604018,0.0085155582130646
4976,OPA1,"4976, 55341, 79572","OPA1, LSG1, ATP13A3",54468,MIOS,False,-0.1459124761591435,-4.3619946694142016,1.2888201085594808e-05,-0.4526791223395182,-0.2114749584272355,-0.0803499938910514,17,3.941176470588236,-0.5019553118618226,-0.8623041896775143,-0.2187134463764266,-0.6435907433010877,0.0046145635628651
51026,GOLT1B,"51026, 5965, 79912","GOLT1B, RECQL, PYROXD1",5201,PFDN1,False,-0.1371284059700184,-5.7261517624262845,1.0273432533137826e-08,-0.3464736751775455,-0.1840651181127545,-0.0901916938272823,17,3.740894695427361,-0.5771616540163615,-1.0083060143089153,-0.3384355394707471,-0.6698704748381682,1.2722804307677436e-05
51029,DESI2,51029,DESI2,11113,CIT,False,-0.1453064973926852,-4.842666026505168,1.2810851285937889e-06,-0.4773082373963224,-0.204116148946306,-0.0864968458390644,17,3.764705882352941,-0.3459937335749832,-0.8241726079098313,-0.0895705028820093,-0.734602105027822,0.0007236451547513
51029,DESI2,51029,DESI2,84612,PARD6B,False,-0.1975705323814859,-3.902656640160152,9.51426262512033e-05,-0.4644904005984003,-0.2967929758548185,-0.0983480889081533,17,3.764705882352941,-0.5091554782358927,-0.9257146491070902,-0.1605015975626824,-0.7652130515444078,0.0202474951442212
51029,DESI2,51029,DESI2,6502,SKP2,False,-0.1598249973829342,-4.38251721822697,1.1731589097423823e-05,-0.3365620819734946,-0.2313024664039211,-0.0883475283619474,17,3.764705882352941,-0.8703113710825862,-1.3668319652678451,-0.5882672580538788,-0.7785647072139663,0.004283812111819
51029,DESI2,51029,DESI2,80232,WDR26,False,-0.1158112478343285,-3.8902561961500544,0.0001001384422513,-0.4146892883840123,-0.174158529688043,-0.0574639659806141,17,3.764705882352941,-0.577986773113583,-0.9282347475238272,-0.3736139828177091,-0.554620764706118,0.0209845579543205
51290,ERGIC2,51290,ERGIC2,8773,SNAP23,False,-0.1991064343183359,-5.191675537864048,2.084099658321983e-07,-0.3351531220104582,-0.2742731964759496,-0.1239396721607222,17,4.117647058823529,-0.6531398241662092,-1.3342970934360388,-0.2315026691391448,-1.102794424296894,0.0001656395389112
51319,RSRC1,51319,RSRC1,54468,MIOS,False,-0.1087218344526595,-3.74307598323816,0.0001817812302195,-0.3372988101818885,-0.1656511836869735,-0.0517924852183454,17,4.352941176470588,-0.5019553118618226,-0.7830068450079741,-0.2461392307967415,-0.5368676142112325,0.0329312046992601
51585,PCF11,51585,PCF11,81488,POLR2M,False,-0.1233296118026667,-3.893993326908465,9.860736324434084e-05,-0.3965001987159281,-0.1854051155510106,-0.0612541080543227,17,4.176470588235294,-0.3868114408868626,-0.7321335570542162,-0.1183881681398822,-0.6137453889143341,0.0207283053977795
51714,RAP2B,"51714, 5912","SELENOT, RAP2B",8773,SNAP23,False,-0.2210114518706999,-3.619501384652722,0.0002951712317226,-0.372025536734288,-0.3406893963727272,-0.1013335073686726,17,4.117647058823529,-0.6531398241662092,-1.3342970934360388,-0.1851155731459033,-1.1491815202901354,0.0460624381227737
51714,RAP2B,"51714, 5912","SELENOT, RAP2B",10440,TIMM17A,False,-0.2131837942206508,-3.715095057694944,0.0002031273191812,-0.4328435682352201,-0.3256526684408762,-0.1007149200004254,17,4.117647058823529,-0.3878870846132758,-0.993961289842845,0.0635609502069261,-1.0575222400497712,0.0356574697276864
51773,RSF1,51773,RSF1,10440,TIMM17A,False,-0.0517882478552406,-5.443685798105729,5.2189243095396e-08,-0.1051496905581434,-0.0704342726963558,-0.0331422230141254,17,6.341184806967629,-0.3878870846132758,-0.8273687682263264,-0.163064729844631,-0.6643040383816954,5.086002697125043e-05
51773,RSF1,51773,RSF1,114034,TOE1,False,-0.0302357587312482,-4.9886091268121335,6.081555453310729e-07,-0.0609943478399667,-0.0421150213978662,-0.0183564960646303,17,6.341184806967629,-0.7187744888069909,-1.1774861203891258,-0.587515472375757,-0.5899706480133688,0.0003933951480042
5184,PEPD,5184,PEPD,84612,PARD6B,False,-0.1970489858360226,-3.8518817494280966,0.0001172136250624,-0.4632642391819541,-0.2973139837129926,-0.0967839879590526,17,3.647058823529412,-0.5091554782358927,-0.995570782086292,-0.1846042074471494,-0.8109665746391426,0.0236452149285393
5184,PEPD,5184,PEPD,7849,PAX8,False,-0.3351950641947624,-5.759009078638182,8.460915233466255e-09,-0.5118599851386916,-0.4492720251174699,-0.2211181032720549,17,3.647058823529412,-0.9158601685259526,-1.7962644440839104,-0.3637741804404616,-1.432490263643449,1.0919062423102067e-05
5290,PIK3CA,"5290, 55669, 8087, 86","PIK3CA, MFN1, FXR1, ACTL6A",54468,MIOS,False,-0.136593015963817,-3.945200482689197,7.9733239982655e-05,-0.4237664126593864,-0.2044520241443848,-0.0687340077832492,17,4.235294117647059,-0.5019553118618226,-0.8623041896775143,-0.1966297467662321,-0.6656744429112822,0.0177881207799387
5359,PLSCR1,5359,PLSCR1,10440,TIMM17A,False,-0.2205156158165896,-4.05913315924079,4.925522124765692e-05,-0.4477299334622388,-0.3269922077572258,-0.1140390238759535,17,4.117647058823529,-0.3878870846132758,-1.154059505636436,0.0790871606453842,-1.2331466662818202,0.0123437485225212
54464,XRN1,54464,XRN1,54468,MIOS,False,-0.1396241545091619,-4.077679532512744,4.548740358664331e-05,-0.4331702222068282,-0.2067354397457386,-0.0725128692725853,17,4.0,-0.5019553118618226,-0.8213491838956611,-0.2227070028434987,-0.5986421810521624,0.0115687558817475
54845,ESRP1,54845,ESRP1,3845,KRAS,False,-0.2160012600613971,-3.599911676516301,0.0003183252881215,-0.3005190144004233,-0.3336026704230247,-0.0983998496997695,17,4.117647058823529,-0.6180870444254417,-1.2256601290101772,-0.1606726113542476,-1.0649875176559296,0.0483867430813644
54845,ESRP1,54845,ESRP1,23173,METAP1,False,-0.1275034547215054,-3.8260621136464175,0.0001302094482579,-0.3205259632379501,-0.1928192210984438,-0.0621876883445671,17,4.117647058823529,-0.8142549981878198,-1.1611866457798363,-0.5442476823069845,-0.6169389634728518,0.0257345795587693
54927,CHCHD3,54927,CHCHD3,91746,YTHDC1,False,-0.103572446739224,-4.405246231909447,1.0566378467281837e-05,-0.4333585426011122,-0.1496534725690975,-0.0574914209093505,17,3.176470588235294,-0.6333707990002313,-1.0416948627913758,-0.5115208616599676,-0.5301740011314082,0.0039949492436552
5504,PPP1R2,5504,PPP1R2,10096,ACTR3,False,-0.1296804110006706,-3.7793842882344095,0.0001572166310001,-0.476011533352883,-0.1969318243731923,-0.0624289976281488,17,3.823529411764706,-0.6176409772916253,-1.0347424971887802,-0.3811649337021675,-0.6535775634866128,0.0296880346871025
5504,PPP1R2,5504,PPP1R2,54468,MIOS,False,-0.1411250462939461,-3.902254562370783,9.530085309728749e-05,-0.4378265915163427,-0.2120071488404895,-0.0702429437474028,17,3.823529411764706,-0.5019553118618226,-0.9168305236666722,-0.2446096392081561,-0.672220884458516,0.0202722917106263
55094,GPATCH1,55094,GPATCH1,196528,ARID2,False,-0.1203627082685266,-3.748391388705101,0.0001779723770469,-0.4195709205378974,-0.1832981247778225,-0.0574272917592307,17,3.823529411764706,-0.4932722361212058,-0.9150677063542604,-0.2737872975138927,-0.6412804088403676,0.0325009352400927
55094,GPATCH1,55094,GPATCH1,84612,PARD6B,False,-0.1770431243137921,-4.047056958642053,5.18656239808333e-05,-0.4162302482281099,-0.2627839851199399,-0.0913022635076443,17,3.823529411764706,-0.5091554782358927,-0.995570782086292,-0.1863121338989776,-0.8092586481873144,0.012755371621407
55094,GPATCH1,55094,GPATCH1,7849,PAX8,False,-0.2889354142577337,-5.3101690036616604,1.0952362506807328e-07,-0.4412191366937085,-0.3955804203607073,-0.1822904081547601,17,3.823529411764706,-0.9158601685259526,-1.7962644440839104,-0.3889779425265561,-1.4072865015573544,9.629472259062668e-05
55095,MED29,"55095, 55588","SAMD4B, MED29",51343,FZR1,False,-0.0651795484679181,-4.173587182426692,2.998408463358967e-05,-0.1349615439691373,-0.0957886053635318,-0.0345704915723045,17,5.142457066628853,-0.3081703341787889,-0.6725064821070945,-0.1033464014961015,-0.5691600806109929,0.0084961533379093
55297,CCDC91,55297,CCDC91,8773,SNAP23,False,-0.2025505244393519,-5.156377092672768,2.517736111335601e-07,-0.3409505115347885,-0.2795409628452157,-0.1255600860334881,17,4.117647058823529,-0.6531398241662092,-1.3342970934360388,-0.2242093018240523,-1.1100877916119865,0.0001959227085539
55500,ETNK1,55500,ETNK1,8773,SNAP23,False,-0.2208134073439301,-3.815344318619088,0.0001359931731605,-0.3716921711066466,-0.3342465052653036,-0.1073803094225565,17,3.823529411764706,-0.6531398241662092,-1.3342970934360388,-0.2504800813625719,-1.083817012073467,0.0266453606401401
55544,RBM38,55544,RBM38,196528,ARID2,False,-0.0948863285700006,-5.000029565547764,5.73215238902299e-07,-0.3307631142343348,-0.1320808659591134,-0.0576917911808879,17,4.705882352941177,-0.4932722361212058,-0.8143800567472409,-0.2365209941082629,-0.5778590626389779,0.0003731080174375
55636,CHD7,55636,CHD7,1019,CDK4,False,-0.078558447947183,-4.2103164609195725,2.5501322498043856e-05,-0.2211722618493128,-0.1151285561770557,-0.0419883397173103,17,4.534921222726335,-0.6316601134314622,-1.0699923909995053,-0.4325206365057057,-0.6374717544937996,0.0075415685099806
55636,CHD7,55636,CHD7,3845,KRAS,False,-0.1892768741475586,-8.101562465096823,5.425777386222951e-16,-0.2633378141009413,-0.2350675297197121,-0.1434862185754051,17,4.534921222726335,-0.6180870444254417,-1.2256601290101772,-0.1382850791774937,-1.0873750498326835,3.108636548312753e-12
55636,CHD7,55636,CHD7,23173,METAP1,False,-0.1004112321825313,-5.337456904001976,9.425929729226077e-08,-0.2524198813711586,-0.1372831736821413,-0.0635392906829213,17,4.534921222726335,-0.8142549981878198,-1.1611866457798363,-0.5597204347282192,-0.6014662110516171,8.546842933296549e-05
55636,CHD7,55636,CHD7,6319,SCD,False,-0.1407978982099504,-3.8594146165451537,0.0001136589595017,-0.2762792796913934,-0.2123006614547739,-0.0692951349651269,17,4.534921222726335,-0.7353433617494742,-1.1713443711829814,-0.3784317814618084,-0.792912589721173,0.023139006169302
55846,ITFG2,55846,ITFG2,114034,TOE1,False,-0.1454237434406557,-3.979910356379338,6.894126011475382e-05,-0.2933621236513695,-0.2170397533801296,-0.0738077335011817,17,3.647058823529412,-0.7187744888069909,-1.0796679348235925,-0.4792530290223815,-0.6004149058012109,0.0158669998308376
57018,CCNL1,"57018, 5806, 8833, 9197","CCNL1, PTX3, GMPS, SLC33A1",54468,MIOS,False,-0.1149199908782025,-3.763224411028388,0.000167736555192,-0.3565279815639001,-0.174772664708886,-0.0550673170475189,17,4.411764705882353,-0.5019553118618226,-0.7830068450079741,-0.2247953338614522,-0.5582115111465218,0.0311222344223216
5922,RASA2,5922,RASA2,54468,MIOS,False,-0.1295412709604343,-3.768114062418535,0.0001644855453562,-0.4018890665741092,-0.1969214567478663,-0.0621610851730024,17,3.941176470588236,-0.5019553118618226,-0.8213491838956611,-0.2504928447033325,-0.5708563391923286,0.0306329930579782
5922,RASA2,5922,RASA2,8773,SNAP23,False,-0.2058907676670063,-3.594210117280466,0.0003253771821474,-0.3465730970120252,-0.3181653638116443,-0.0936161715223683,17,3.941176470588236,-0.6531398241662092,-1.259647948220039,-0.2534695104596675,-1.0061784377603713,0.0490440020135683
60412,EXOC4,60412,EXOC4,91746,YTHDC1,False,-0.1010460951845107,-4.375403302635103,1.212081653981633e-05,-0.4227880090053853,-0.1463097414455932,-0.0557824489234282,17,3.147058823529412,-0.6333707990002313,-1.0416948627913758,-0.5174649839356453,-0.5242298788557305,0.0044007511160377
622,BDH1,"622, 84248, 84859","BDH1, FYTTD1, LRCH3",54468,MIOS,False,-0.14515501081514,-4.6164937906347285,3.9027769438161e-06,-0.4503291605257517,-0.2067815625393827,-0.0835284590908973,17,3.823529411764706,-0.5019553118618226,-0.9168305236666722,-0.2372608803753907,-0.6795696432912814,0.0018080148581192
636,BICD1,636,BICD1,8773,SNAP23,False,-0.2112383256499187,-4.158749103116737,3.199951404420106e-05,-0.3555745678044736,-0.3107921819087878,-0.1116844693910496,17,3.852941176470588,-0.6531398241662092,-1.316672664644812,-0.2617276325207714,-1.0549450321240408,0.0088932380785081
6389,SDHA,6389,SDHA,79844,ZDHHC11,False,-0.097341838822136,-3.777181943583945,0.0001586128634479,-0.515344894842856,-0.1478521137122207,-0.0468315639320513,12,4.166666666666667,-0.2843224479068242,-0.5804176678366064,-0.0734151304588628,-0.5070025373777436,0.0298759476399248
64083,GOLPH3,64083,GOLPH3,7849,PAX8,False,-0.1833713426538181,-4.198483169508477,2.687088204109157e-05,-0.2800174070317109,-0.2689739788650079,-0.0977687064426284,17,3.852941176470588,-0.9158601685259526,-1.356943183417135,-0.5760838571379959,-0.7808593262791391,0.0078498337456913
64083,GOLPH3,64083,GOLPH3,7328,UBE2H,False,-0.1067151920818819,-3.9557154907094616,7.630593020035345e-05,-0.3321325198247061,-0.1595900597448871,-0.0538403244188767,17,3.852941176470588,-0.4821061623987265,-0.8643074202770387,-0.2843691888352397,-0.5799382314417989,0.0172075813374909
64216,TFB2M,64216,TFB2M,10109,ARPC2,False,-0.052937542685395,-12.1681198959151,4.595456211810834e-34,-0.2585212903057241,-0.0614643880798308,-0.0444106972909592,17,4.093162783847547,-0.5756859842092193,-0.9704759083099728,-0.4648790899918096,-0.5055968183181633,1.4093831688098013e-29
64216,TFB2M,64216,TFB2M,56970,ATXN7L3,False,-0.066998445954789,-5.658254176155179,1.5292054823615464e-08,-0.1708120903394704,-0.0902060532844352,-0.0437908386251429,17,4.093162783847547,-0.2565759286439727,-0.639786103676955,-0.116337274995787,-0.5234488286811679,1.814029959673672e-05
64216,TFB2M,64216,TFB2M,23291,FBXW11,False,-0.0897379011930187,-6.1292090754020165,8.831700645002405e-10,-0.2625728913373222,-0.1184337822149913,-0.0610420201710462,17,4.093162783847547,-0.4818533407359793,-1.1312230848346216,-0.2940173056581641,-0.8372057791764576,1.5556145581376637e-06
64216,TFB2M,64216,TFB2M,9213,XPR1,False,-0.1360421065688853,-7.221993840952429,5.123079389944379e-13,-0.2486118090750662,-0.1729623304195347,-0.0991218827182359,17,4.093162783847547,-0.4430380266812407,-1.0403763565209811,-0.1582797521750282,-0.8820966043459529,1.8678604152817204e-09
64434,NOM1,64434,NOM1,10059,DNM1L,False,-0.1597420690223019,-4.142434746084989,3.4363815795021e-05,-0.4196709289699953,-0.2353229100712823,-0.0841612279733214,17,3.3529411764705883,-0.7802441929458206,-1.104330333596722,-0.5641225701509414,-0.5402077634457807,0.0093656038140686
64434,NOM1,64434,NOM1,10959,TMED2,False,-0.1247497181013682,-3.809144971468937,0.0001394481818375,-0.3910515276810747,-0.1889386519412679,-0.0605607842614685,17,3.3529411764705883,-0.6285900879326529,-0.9619760902901728,-0.4598110575602135,-0.5021650327299592,0.0271488634642838
64434,NOM1,64434,NOM1,91746,YTHDC1,False,-0.1189018539905055,-4.24805239291839,2.156369713894275e-05,-0.4974984735817949,-0.1737607234114476,-0.0640429845695633,17,3.3529411764705883,-0.6333707990002313,-1.0416948627913758,-0.4725035847777825,-0.5691912780135933,0.0066489271898109
64754,SMYD3,64754,SMYD3,10109,ARPC2,False,-0.0526377584628575,-6.314772225954079,2.7055966863380707e-10,-0.2570572895211717,-0.0689753407417705,-0.0363001761839445,17,4.240221607376959,-0.5756859842092193,-0.9704759083099728,-0.4577657403368368,-0.5127101679731361,5.323123648086134e-07
64754,SMYD3,64754,SMYD3,56970,ATXN7L3,False,-0.0694250719858163,-5.295896195811615,1.184341059183163e-07,-0.1769987571930814,-0.0951186724049324,-0.0437314715667002,17,4.240221607376959,-0.2565759286439727,-0.639786103676955,-0.1010483822876462,-0.5387377213893088,0.0001027428677854
64754,SMYD3,64754,SMYD3,23291,FBXW11,False,-0.0913603430986616,-7.396202381189356,1.4013437971205093e-13,-0.2673201526007115,-0.1155704678167206,-0.0671502183806026,17,4.240221607376959,-0.4818533407359793,-1.1312230848346216,-0.2771859260689852,-0.8540371587656365,5.62018631446083e-10
64754,SMYD3,64754,SMYD3,10296,MAEA,False,-0.0769530791629371,-4.3596149680508525,1.3029148817388652e-05,-0.2571460094526092,-0.1115490847194208,-0.0423570736064535,17,4.240221607376959,-0.4746172296970153,-0.9291196913686351,-0.302225279002014,-0.6268944123666211,0.0046446981422353
64754,SMYD3,64754,SMYD3,64321,SOX17,False,-0.0807803571140165,-10.65576834356291,1.6388571222087156e-26,-0.2429859358878064,-0.0956386559712172,-0.0659220582568158,17,4.240221607376959,-0.216942650671152,-0.739533953498732,-0.0359767492127052,-0.7035572042860267,4.272287466172234e-22
64754,SMYD3,64754,SMYD3,9525,VPS4B,False,-0.1005736123101402,-6.453231330225528,1.0949002860520948e-10,-0.2734331410292912,-0.1311196516253123,-0.0700275729949681,17,4.240221607376959,-0.2779624785304199,-0.9554041319837911,-0.0526552991012904,-0.9027488328825009,2.330010374449489e-07
64778,FNDC3B,64778,FNDC3B,54468,MIOS,False,-0.1473741628323046,-4.421845330767451,9.786150166101885e-06,-0.4572138616418673,-0.2126971286523068,-0.0820511970123024,17,4.176470588235294,-0.5019553118618226,-0.8623041896775143,-0.1811997809915126,-0.6811044086860017,0.0037766426770549
6480,ST6GAL1,6480,ST6GAL1,54468,MIOS,False,-0.1525298507044808,-4.3011364616028445,1.6992437080415673e-05,-0.4732088767527596,-0.2220354375689922,-0.0830242638399694,17,4.0588235294117645,-0.5019553118618226,-0.8623041896775143,-0.1879232662937741,-0.6743809233837401,0.0055614657189985
6482,ST3GAL1,6482,ST3GAL1,1871,E2F3,False,-0.0881259331817887,-4.195772830941972,2.719427110330964e-05,-0.2385015988191496,-0.129292045385607,-0.0469598209779705,17,4.778054606541382,-0.390149628137926,-0.8318928865354852,-0.1453309735064994,-0.6865619130289857,0.0079094414769376
65125,WNK1,65125,WNK1,6158,RPL28,False,-0.1154169676338221,-4.495517377967223,6.940098960236943e-06,-0.327921314538191,-0.1657366707398093,-0.065097264527835,17,3.4411764705882355,-0.7582956692128893,-1.1645335698250874,-0.5919594511523808,-0.5725741186727066,0.0028491237443264
6829,SUPT5H,6829,SUPT5H,51343,FZR1,False,-0.0651795484679181,-4.173587182426692,2.998408463358967e-05,-0.1349615439691373,-0.0957886053635318,-0.0345704915723045,17,5.142457066628853,-0.3081703341787889,-0.6725064821070945,-0.1033464014961015,-0.5691600806109929,0.0084961533379093
7328,UBE2H,7328,UBE2H,91746,YTHDC1,False,-0.0945538840418309,-3.643281787751405,0.0002691838662213,-0.3956238814055597,-0.1454207173302722,-0.0436870507533896,17,3.0588235294117645,-0.6333707990002313,-1.0416948627913758,-0.5332549217794691,-0.5084399410119067,0.0433412102596425
7405,UVRAG,7405,UVRAG,324,APC,False,-0.0843620244059778,-4.332811308322929,1.4721727958402703e-05,-0.300125647880434,-0.1225235130406179,-0.0462005357713377,17,4.260128978999006,-0.4492872828731623,-0.7607730886018743,-0.2586182267861905,-0.5021548618156838,0.0050218292891785
7405,UVRAG,7405,UVRAG,10200,MPHOSPH6,False,-0.0971258495532842,-3.667000445256543,0.0002454123679234,-0.3648429079958483,-0.1490383513198268,-0.0452133477867416,17,4.260128978999006,-0.3070342471895066,-0.6245800415225657,-0.0875173000042312,-0.5370627415183346,0.0407489260871682
7405,UVRAG,7405,UVRAG,253260,RICTOR,False,-0.1075195439289448,-6.210130352958653,5.294066771146147e-10,-0.4735262380726025,-0.1414535230497705,-0.0735855648081192,17,4.260128978999006,-0.4244820364297008,-0.7621060952329285,-0.1814739993871358,-0.5806320958457927,9.787903435246635e-07
7405,UVRAG,7405,UVRAG,9804,TOMM20,False,-0.0849279021964427,-4.243495430616362,2.200648559149132e-05,-0.3466782640521251,-0.1241539676675184,-0.045701836725367,17,4.260128978999006,-0.6162604068541333,-0.97662971345506,-0.4243123939743596,-0.5523173194807003,0.0067372926710382
7405,UVRAG,7405,UVRAG,163131,ZNF780B,False,-0.101797526773814,-4.657524982988219,3.2003359677755614e-06,-0.4654317798323099,-0.1446356193059377,-0.0589594342416902,17,4.260128978999006,-0.1265252933981109,-0.4661891893143076,0.1035502468538134,-0.569739436168121,0.0015307999677642
8496,PPFIBP1,8496,PPFIBP1,5201,PFDN1,False,-0.166885004494691,-5.715452474349813,1.094124979627302e-08,-0.4216577916900658,-0.2241138240566293,-0.1096561849327527,17,3.608325498222973,-0.5771616540163615,-1.102074370960261,-0.308756246016494,-0.793318124943767,1.345396974358974e-05
8496,PPFIBP1,8496,PPFIBP1,8773,SNAP23,False,-0.2383123669466455,-5.286104652626318,1.249484294200672e-07,-0.401147929092891,-0.3266730194459969,-0.1499517144472941,17,3.608325498222973,-0.6531398241662092,-1.4248783471618192,-0.2698559678640488,-1.1550223792977703,0.0001080345977453
85415,RHPN2,85415,RHPN2,7849,PAX8,False,-0.2665320230226951,-4.296417789056446,1.735803003003744e-05,-0.4070080138892267,-0.3881200974370802,-0.14494394860831,17,3.676470588235294,-0.9158601685259526,-1.7962644440839104,-0.4690270711055517,-1.3272373729783586,0.0056386452017948
85476,GFM1,85476,GFM1,132660,LIN54,False,-0.1032612338664732,-3.9276340028361054,8.578562534570673e-05,-0.3807792392666198,-0.1547905513210305,-0.0517319164119159,17,4.529411764705882,-0.2904857359912964,-0.5739113634094696,-0.0292955562113936,-0.5446158071980759,0.018808408170308
8725,CCNE1,"8725, 898","URI1, CCNE1",898,CCNE1,False,-0.0891057719725882,-7.405633060645865,1.3052628813494844e-13,-0.1397045300017494,-0.1126883748980537,-0.0655231690471227,17,5.5967951550151,-0.6425779353343016,-1.494231956551609,-0.3220827264194162,-1.1721492301321923,5.275427360470589e-10
8743,TNFSF10,8743,TNFSF10,54468,MIOS,False,-0.136593015963817,-3.945200482689197,7.9733239982655e-05,-0.4237664126593864,-0.2044520241443848,-0.0687340077832492,17,4.235294117647059,-0.5019553118618226,-0.8623041896775143,-0.1966297467662321,-0.6656744429112822,0.0177881207799387
92609,TIMM50,92609,TIMM50,51343,FZR1,False,-0.0651795484679181,-4.173587182426692,2.998408463358967e-05,-0.1349615439691373,-0.0957886053635318,-0.0345704915723045,17,5.142457066628853,-0.3081703341787889,-0.6725064821070945,-0.1033464014961015,-0.5691600806109929,0.0084961533379093
9601,PDIA4,9601,PDIA4,10959,TMED2,False,-0.1101462063007625,-4.744478408798029,2.090442735843267e-06,-0.3452740647252461,-0.1556480673658032,-0.0646443452357218,17,3.4705882352941178,-0.6285900879326529,-0.9765777480998684,-0.4666103727844727,-0.5099673753153957,0.0010909934844419
9846,GAB2,9846,GAB2,7849,PAX8,False,-0.1268517706331559,-3.614362888351186,0.0003010871022952,-0.1937091334775044,-0.1956398003623843,-0.0580637409039275,17,5.097062991719109,-0.9158601685259526,-1.510220193795203,-0.5229922442639646,-0.987227949531238,0.0465536734496108
9846,GAB2,9846,GAB2,10440,TIMM17A,False,-0.1134897543031482,-4.653993484704408,3.255670941874921e-06,-0.23042703780696,-0.1612843702130151,-0.0656951383932813,17,5.097062991719109,-0.3878870846132758,-0.8273687682263264,-0.0364021666217009,-0.7909666016046255,0.0015529937618015
9846,GAB2,9846,GAB2,114034,TOE1,False,-0.069785026399136,-3.888972862938067,0.0001006693723362,-0.1407767607899032,-0.1049552739742634,-0.0346147788240087,17,5.097062991719109,-0.7187744888069909,-1.1774861203891258,-0.5026458661700856,-0.6748402542190403,0.0210535071530058
