ensembl_gene_id	approved_symbol	SM_B1_Approved Drug	SM_B2_Advanced Clinical	SM_B3_Phase 1 Clinical	SM_B4_Structure with Ligand	SM_B5_High-Quality Ligand	SM_B6_High-Quality Pocket	SM_B7_Med-Quality Pocket	SM_B8_Druggable Family	AB_B1_Approved Drug	AB_B2_Advanced Clinical	AB_B3_Phase 1 Clinical	AB_B4_UniProt loc high conf	AB_B5_GO CC high conf	AB_B6_UniProt loc med conf	AB_B7_UniProt SigP or TMHMM	AB_B8_GO CC med conf	AB_B9_Human Protein Atlas loc	PR_B1_Approved Drug	PR_B2_Advanced Clinical	PR_B3_Phase 1 Clinical	PR_B4_Literature	PR_B5_UniProt Ubiquitination	PR_B6_Database Ubiquitination	PR_B7_Half-life Data	PR_B8_Small Molecule Binder	OC_B1_Approved Drug	OC_B2_Advanced Clinical	OC_B3_Phase 1 Clinical	Bucket_sum_sm	Top_bucket_sm	Top_Category_sm	Bucket_sum_ab	Top_bucket_ab	Top_Category_ab	Bucket_sum_PROTAC	Top_bucket_PROTAC	Top_Category_PROTAC	Bucket_sum_othercl	Top_bucket_othercl	Top_Category_othercl
ENSG00000124608	AARS2	0	0	0	0	0	0	0	0	0	0	0	0	0	0	0	0	0	0	0	0	0	0	0	0	0	0	0	0	0	0	Unknown	0	0	Unknown	0	0	Unknown	0	0	Unknown
ENSG00000131473	ACLY	1	0	0	1	1	1	0	1	0	0	0	0	1	0	0	0	0	0	0	0	0	0	0	0	0	0	0	0	5	1	Clinical_Precedence_sm	1	5	Predicted_Tractable_ab_High_confidence	0	0	Unknown	0	0	Unknown
ENSG00000115091	ACTR3	0	0	0	1	1	0	0	0	0	0	0	0	0	0	0	0	0	0	0	0	0	0	0	0	0	0	0	0	2	4	Discovery_Precedence_sm	0	0	Unknown	0	0	Unknown	0	0	Unknown
ENSG00000109107	ALDOC	0	0	0	0	0	1	0	0	0	0	0	0	1	0	0	0	0	0	0	0	0	0	0	0	0	0	0	0	1	6	Predicted_Tractable_sm	1	5	Predicted_Tractable_ab_High_confidence	0	0	Unknown	0	0	Unknown
ENSG00000134982	APC	0	0	0	1	1	0	0	0	0	0	0	1	1	0	0	0	1	0	0	0	0	0	0	0	0	0	0	0	2	4	Discovery_Precedence_sm	3	4	Predicted_Tractable_ab_High_confidence	0	0	Unknown	0	0	Unknown
ENSG00000105290	APLP1	0	0	0	1	0	1	0	0	0	0	0	0	1	1	1	0	1	0	0	0	0	0	0	0	0	0	0	0	2	4	Discovery_Precedence_sm	4	5	Predicted_Tractable_ab_High_confidence	0	0	Unknown	0	0	Unknown
ENSG00000137962	ARHGAP29	0	0	0	0	0	0	0	0	0	0	0	0	0	0	0	0	1	0	0	0	0	0	0	0	0	0	0	0	0	0	Unknown	1	9	Predicted_Tractable_ab_Medium_to_low_confidence	0	0	Unknown	0	0	Unknown
ENSG00000117713	ARID1A	0	0	0	0	0	0	0	0	0	0	0	0	0	0	0	0	0	0	0	0	0	0	0	0	0	0	0	0	0	0	Unknown	0	0	Unknown	0	0	Unknown	0	0	Unknown
ENSG00000189079	ARID2	0	0	0	1	0	0	0	0	0	0	0	0	1	0	0	0	0	0	0	0	0	0	0	0	0	0	0	0	1	4	Discovery_Precedence_sm	1	5	Predicted_Tractable_ab_High_confidence	0	0	Unknown	0	0	Unknown
ENSG00000163466	ARPC2	0	0	0	1	0	0	0	0	0	0	0	0	0	0	0	1	0	0	0	0	0	0	0	0	0	0	0	0	1	4	Discovery_Precedence_sm	1	8	Predicted_Tractable_ab_Medium_to_low_confidence	0	0	Unknown	0	0	Unknown
ENSG00000241553	ARPC4	0	0	0	1	0	0	0	0	0	0	0	0	0	0	0	0	0	0	0	0	0	0	0	0	0	0	0	0	1	4	Discovery_Precedence_sm	0	0	Unknown	0	0	Unknown	0	0	Unknown
ENSG00000156802	ATAD2	0	0	0	1	1	0	0	0	0	0	0	0	0	0	0	0	0	0	0	0	0	0	0	0	0	0	0	0	2	4	Discovery_Precedence_sm	0	0	Unknown	0	0	Unknown	0	0	Unknown
ENSG00000070961	ATP2B1	0	0	0	0	0	0	0	0	0	0	0	1	1	1	1	0	1	0	0	0	0	0	0	0	0	0	0	0	0	0	Unknown	5	4	Predicted_Tractable_ab_High_confidence	0	0	Unknown	0	0	Unknown
ENSG00000165629	ATP5F1C	0	0	0	1	0	0	0	0	0	0	0	0	0	1	0	0	0	0	0	0	0	0	0	0	0	0	0	0	1	4	Discovery_Precedence_sm	1	6	Predicted_Tractable_ab_Medium_to_low_confidence	0	0	Unknown	0	0	Unknown
ENSG00000159199	ATP5MC1	0	0	0	1	0	0	0	0	0	0	0	0	0	0	1	0	0	0	0	0	0	0	0	0	0	0	0	0	1	4	Discovery_Precedence_sm	1	7	Predicted_Tractable_ab_Medium_to_low_confidence	0	0	Unknown	0	0	Unknown
ENSG00000087152	ATXN7L3	0	0	0	0	0	0	0	0	0	0	0	0	0	0	0	0	1	0	0	0	0	0	0	0	0	0	0	0	0	0	Unknown	1	9	Predicted_Tractable_ab_Medium_to_low_confidence	0	0	Unknown	0	0	Unknown
ENSG00000074582	BCS1L	0	0	0	0	0	0	0	0	0	0	0	0	0	0	1	0	0	0	0	0	0	0	0	0	0	0	0	0	0	0	Unknown	1	7	Predicted_Tractable_ab_Medium_to_low_confidence	0	0	Unknown	0	0	Unknown
ENSG00000110330	BIRC2	0	1	0	1	1	1	0	1	0	0	0	0	0	0	0	0	0	0	0	0	0	0	0	0	0	0	0	0	5	2	Clinical_Precedence_sm	0	0	Unknown	0	0	Unknown	0	0	Unknown
ENSG00000112983	BRD8	0	0	0	0	0	0	0	0	0	0	0	0	0	0	0	0	0	0	0	0	0	0	0	0	0	0	0	0	0	0	Unknown	0	0	Unknown	0	0	Unknown	0	0	Unknown
ENSG00000174744	BRMS1	0	0	0	0	0	0	0	0	0	0	0	0	0	0	0	0	0	0	0	0	0	0	0	0	0	0	0	0	0	0	Unknown	0	0	Unknown	0	0	Unknown	0	0	Unknown
ENSG00000156983	BRPF1	0	0	0	1	1	0	0	0	0	0	0	0	1	0	0	0	0	0	0	0	0	0	0	0	0	0	0	0	2	4	Discovery_Precedence_sm	1	5	Predicted_Tractable_ab_High_confidence	0	0	Unknown	0	0	Unknown
ENSG00000095564	BTAF1	0	0	0	0	0	0	0	0	0	0	0	0	0	0	0	0	0	0	0	0	0	0	0	0	0	0	0	0	0	0	Unknown	0	0	Unknown	0	0	Unknown	0	0	Unknown
ENSG00000197223	C1D	0	0	0	0	0	0	0	0	0	0	0	0	0	0	0	0	0	0	0	0	0	0	0	0	0	0	0	0	0	0	Unknown	0	0	Unknown	0	0	Unknown	0	0	Unknown
ENSG00000112237	CCNC	0	0	0	1	1	0	0	0	0	0	0	0	0	0	0	0	0	0	0	0	0	0	0	0	0	0	0	0	2	4	Discovery_Precedence_sm	0	0	Unknown	0	0	Unknown	0	0	Unknown
ENSG00000110092	CCND1	0	1	0	0	1	0	0	1	0	0	0	0	0	0	0	0	0	0	0	0	0	0	0	0	0	0	0	0	3	2	Clinical_Precedence_sm	0	0	Unknown	0	0	Unknown	0	0	Unknown
ENSG00000105173	CCNE1	0	0	0	1	1	0	0	1	0	0	0	0	0	0	0	0	0	0	0	0	0	0	0	0	0	0	0	0	3	4	Discovery_Precedence_sm	0	0	Unknown	0	0	Unknown	0	0	Unknown
ENSG00000135446	CDK4	1	0	0	1	1	1	0	1	0	0	0	0	0	0	0	0	0	0	0	0	0	0	0	0	0	0	0	0	5	1	Clinical_Precedence_sm	0	0	Unknown	0	0	Unknown	0	0	Unknown
ENSG00000102384	CENPI	0	0	0	0	0	0	0	0	0	0	0	0	0	0	0	0	0	0	0	0	0	0	0	0	0	0	0	0	0	0	Unknown	0	0	Unknown	0	0	Unknown	0	0	Unknown
ENSG00000135837	CEP350	0	0	0	0	0	0	0	0	0	0	0	0	0	0	0	0	0	0	0	0	0	0	0	0	0	0	0	0	0	0	Unknown	0	0	Unknown	0	0	Unknown	0	0	Unknown
ENSG00000138180	CEP55	0	0	0	0	0	0	0	0	0	0	0	0	0	0	0	0	0	0	0	0	0	0	0	0	0	0	0	0	0	0	Unknown	0	0	Unknown	0	0	Unknown	0	0	Unknown
ENSG00000153774	CFDP1	0	0	0	0	0	0	0	0	0	0	0	0	0	0	0	0	0	0	0	0	0	0	0	0	0	0	0	0	0	0	Unknown	0	0	Unknown	0	0	Unknown	0	0	Unknown
ENSG00000122966	CIT	0	0	0	0	1	0	0	1	0	0	0	0	0	0	0	0	0	0	0	0	0	0	0	0	0	0	0	0	2	5	Discovery_Precedence_sm	0	0	Unknown	0	0	Unknown	0	0	Unknown
ENSG00000164442	CITED2	0	0	0	0	0	0	0	0	0	0	0	0	0	0	0	0	0	0	0	0	0	0	0	0	0	0	0	0	0	0	Unknown	0	0	Unknown	0	0	Unknown	0	0	Unknown
ENSG00000111596	CNOT2	0	0	0	0	0	0	0	0	0	0	0	0	1	0	0	0	0	0	0	0	0	0	0	0	0	0	0	0	0	0	Unknown	1	5	Predicted_Tractable_ab_High_confidence	0	0	Unknown	0	0	Unknown
ENSG00000162377	COA7	0	0	0	0	0	0	0	0	0	0	0	0	0	0	0	0	0	0	0	0	0	0	0	0	0	0	0	0	0	0	Unknown	0	0	Unknown	0	0	Unknown	0	0	Unknown
ENSG00000203667	COX20	0	0	0	0	0	0	0	0	0	0	0	0	0	0	1	0	0	0	0	0	0	0	0	0	0	0	0	0	0	0	Unknown	1	7	Predicted_Tractable_ab_Medium_to_low_confidence	0	0	Unknown	0	0	Unknown
ENSG00000118655	DCLRE1B	0	0	0	1	0	0	0	0	0	0	0	0	0	0	0	0	0	0	0	0	0	0	0	0	0	0	0	0	1	4	Discovery_Precedence_sm	0	0	Unknown	0	0	Unknown	0	0	Unknown
ENSG00000130311	DDA1	0	0	0	1	0	0	0	0	0	0	0	0	0	0	0	0	0	0	0	0	0	0	0	0	0	0	0	0	1	4	Discovery_Precedence_sm	0	0	Unknown	0	0	Unknown	0	0	Unknown
ENSG00000198563	DDX39B	0	0	0	1	0	0	0	0	0	0	0	0	0	0	0	0	0	0	0	0	0	0	0	0	0	0	0	0	1	4	Discovery_Precedence_sm	0	0	Unknown	0	0	Unknown	0	0	Unknown
ENSG00000100697	DICER1	0	0	0	0	0	0	0	0	0	0	0	0	0	0	0	0	0	0	0	0	0	0	0	0	0	0	0	0	0	0	Unknown	0	0	Unknown	0	0	Unknown	0	0	Unknown
ENSG00000087470	DNM1L	0	0	0	1	1	0	0	0	0	0	0	0	0	1	0	0	0	0	0	0	0	0	0	0	0	0	0	0	2	4	Discovery_Precedence_sm	1	6	Predicted_Tractable_ab_Medium_to_low_confidence	0	0	Unknown	0	0	Unknown
ENSG00000116641	DOCK7	0	0	0	0	0	0	0	0	0	0	0	0	0	0	0	0	0	0	0	0	0	0	0	0	0	0	0	0	0	0	Unknown	0	0	Unknown	0	0	Unknown	0	0	Unknown
ENSG00000204595	DPRX	0	0	0	0	0	0	0	0	0	0	0	0	0	0	0	0	0	0	0	0	0	0	0	0	0	0	0	0	0	0	Unknown	0	0	Unknown	0	0	Unknown	0	0	Unknown
ENSG00000112242	E2F3	0	0	0	0	0	0	0	0	0	0	0	0	0	0	0	0	0	0	0	0	0	0	0	0	0	0	0	0	0	0	Unknown	0	0	Unknown	0	0	Unknown	0	0	Unknown
ENSG00000132294	EFR3A	0	0	0	0	0	0	0	0	0	0	0	1	1	0	0	0	1	0	0	0	0	0	0	0	0	0	0	0	0	0	Unknown	3	4	Predicted_Tractable_ab_High_confidence	0	0	Unknown	0	0	Unknown
ENSG00000114867	EIF4G1	0	0	0	1	0	0	0	0	0	0	0	0	0	0	0	0	0	0	0	0	0	0	0	0	0	0	0	0	1	4	Discovery_Precedence_sm	0	0	Unknown	0	0	Unknown	0	0	Unknown
ENSG00000130165	ELOF1	0	0	0	0	0	0	0	0	0	0	0	0	0	0	0	0	0	0	0	0	0	0	0	0	0	0	0	0	0	0	Unknown	0	0	Unknown	0	0	Unknown	0	0	Unknown
ENSG00000089048	ESF1	0	0	0	0	0	0	0	0	0	0	0	0	0	0	0	0	0	0	0	0	0	0	0	0	0	0	0	0	0	0	Unknown	0	0	Unknown	0	0	Unknown	0	0	Unknown
ENSG00000171311	EXOSC1	0	0	0	1	0	0	0	0	0	0	0	0	0	0	0	0	0	0	0	0	0	0	0	0	0	0	0	0	1	4	Discovery_Precedence_sm	0	0	Unknown	0	0	Unknown	0	0	Unknown
ENSG00000177150	FAM210A	0	0	0	0	0	0	0	0	0	0	0	0	0	0	1	0	0	0	0	0	0	0	0	0	0	0	0	0	0	0	Unknown	1	7	Predicted_Tractable_ab_Medium_to_low_confidence	0	0	Unknown	0	0	Unknown
ENSG00000130244	FAM98C	0	0	0	0	0	0	0	0	0	0	0	0	0	0	0	0	0	0	0	0	0	0	0	0	0	0	0	0	0	0	Unknown	0	0	Unknown	0	0	Unknown	0	0	Unknown
ENSG00000072803	FBXW11	0	0	0	0	0	0	0	0	0	0	0	0	0	0	0	0	1	0	0	0	0	0	0	0	0	0	0	0	0	0	Unknown	1	9	Predicted_Tractable_ab_Medium_to_low_confidence	0	0	Unknown	0	0	Unknown
ENSG00000166225	FRS2	0	0	0	0	0	0	0	0	0	0	0	0	1	0	0	0	0	0	0	0	0	0	0	0	0	0	0	0	0	0	Unknown	1	5	Predicted_Tractable_ab_High_confidence	0	0	Unknown	0	0	Unknown
ENSG00000105325	FZR1	0	0	0	0	0	0	0	0	0	0	0	0	0	0	0	0	0	0	0	0	0	0	0	0	0	0	0	0	0	0	Unknown	0	0	Unknown	0	0	Unknown	0	0	Unknown
ENSG00000160211	G6PD	0	0	0	1	1	1	0	1	0	0	0	1	0	0	0	0	0	0	0	0	0	0	0	0	0	0	0	0	4	4	Discovery_Precedence_sm	1	4	Predicted_Tractable_ab_High_confidence	0	0	Unknown	0	0	Unknown
ENSG00000157259	GATAD1	0	0	0	0	0	0	0	0	0	0	0	0	0	0	0	0	0	0	0	0	0	0	0	0	0	0	0	0	0	0	Unknown	0	0	Unknown	0	0	Unknown	0	0	Unknown
ENSG00000089154	GCN1	0	0	0	0	0	0	0	0	0	0	0	0	0	0	0	0	0	0	0	0	0	0	0	0	0	0	0	0	0	0	Unknown	0	0	Unknown	0	0	Unknown	0	0	Unknown
ENSG00000198356	GET3	0	0	0	0	0	0	0	0	0	0	0	0	0	0	0	0	0	0	0	0	0	0	0	0	0	0	0	0	0	0	Unknown	0	0	Unknown	0	0	Unknown	0	0	Unknown
ENSG00000179168	GGN	0	0	0	0	0	0	0	0	0	0	0	0	0	0	0	0	0	0	0	0	0	0	0	0	0	0	0	0	0	0	Unknown	0	0	Unknown	0	0	Unknown	0	0	Unknown
ENSG00000174842	GLMN	0	0	0	0	0	0	0	0	0	0	0	0	0	0	0	0	0	0	0	0	0	0	0	0	0	0	0	0	0	0	Unknown	0	0	Unknown	0	0	Unknown	0	0	Unknown
ENSG00000132463	GRSF1	0	0	0	0	0	0	0	0	0	0	0	0	0	0	0	0	0	0	0	0	0	0	0	0	0	0	0	0	0	0	Unknown	0	0	Unknown	0	0	Unknown	0	0	Unknown
ENSG00000147697	GSDMC	0	0	0	0	0	0	0	0	0	0	0	1	1	0	0	0	0	0	0	0	0	0	0	0	0	0	0	0	0	0	Unknown	2	4	Predicted_Tractable_ab_High_confidence	0	0	Unknown	0	0	Unknown
ENSG00000187837	H1-2	0	0	0	0	0	0	0	0	0	0	0	0	0	0	0	0	0	0	0	0	0	0	0	0	0	0	0	0	0	0	Unknown	0	0	Unknown	0	0	Unknown	0	0	Unknown
ENSG00000105697	HAMP	0	0	0	1	0	0	0	0	0	0	1	1	0	0	1	1	0	0	0	0	0	0	0	0	0	0	0	0	1	4	Discovery_Precedence_sm	4	3	Clinical_Precedence_ab	0	0	Unknown	0	0	Unknown
ENSG00000182831	HAPSTR1	0	0	0	0	0	0	0	0	0	0	0	0	0	0	0	0	0	0	0	0	0	0	0	0	0	0	0	0	0	0	Unknown	0	0	Unknown	0	0	Unknown	0	0	Unknown
ENSG00000185122	HSF1	0	0	0	0	1	0	0	0	0	0	0	0	0	0	0	0	0	0	0	0	0	0	0	0	0	0	0	0	1	5	Discovery_Precedence_sm	0	0	Unknown	0	0	Unknown	0	0	Unknown
ENSG00000166333	ILK	0	0	0	1	1	1	0	1	0	0	0	1	0	0	0	1	0	0	0	0	0	0	0	0	0	0	0	0	4	4	Discovery_Precedence_sm	2	4	Predicted_Tractable_ab_High_confidence	0	0	Unknown	0	0	Unknown
ENSG00000198700	IPO9	0	0	0	1	0	0	0	0	0	0	0	0	0	0	0	0	0	0	0	0	0	0	0	0	0	0	0	0	1	4	Discovery_Precedence_sm	0	0	Unknown	0	0	Unknown	0	0	Unknown
ENSG00000083168	KAT6A	0	0	0	1	1	1	0	0	0	0	0	0	0	0	0	0	0	0	0	0	0	0	0	0	0	0	0	0	3	4	Discovery_Precedence_sm	0	0	Unknown	0	0	Unknown	0	0	Unknown
ENSG00000110906	KCTD10	0	0	0	0	0	0	0	0	0	0	0	0	1	0	0	0	0	0	0	0	0	0	0	0	0	0	0	0	0	0	Unknown	1	5	Predicted_Tractable_ab_High_confidence	0	0	Unknown	0	0	Unknown
ENSG00000173120	KDM2A	0	0	0	1	1	1	0	1	0	0	0	0	0	0	0	0	0	0	0	0	0	0	0	0	0	0	0	0	4	4	Discovery_Precedence_sm	0	0	Unknown	0	0	Unknown	0	0	Unknown
ENSG00000112984	KIF20A	0	0	0	0	1	0	0	0	0	0	0	0	0	0	0	0	0	0	0	0	0	0	0	0	0	0	0	0	1	5	Discovery_Precedence_sm	0	0	Unknown	0	0	Unknown	0	0	Unknown
ENSG00000142945	KIF2C	0	0	0	1	1	0	0	0	0	0	0	0	0	0	0	0	0	0	0	0	0	0	0	0	0	0	0	0	2	4	Discovery_Precedence_sm	0	0	Unknown	0	0	Unknown	0	0	Unknown
ENSG00000090889	KIF4A	0	0	0	0	0	0	0	0	0	0	0	0	0	0	0	0	0	0	0	0	0	0	0	0	0	0	0	0	0	0	Unknown	0	0	Unknown	0	0	Unknown	0	0	Unknown
ENSG00000118058	KMT2A	0	0	1	1	1	0	0	1	0	0	0	0	0	0	0	0	0	0	0	0	0	0	0	0	0	0	0	0	4	3	Clinical_Precedence_sm	0	0	Unknown	0	0	Unknown	0	0	Unknown
ENSG00000272333	KMT2B	0	0	0	1	0	0	0	0	0	0	0	0	0	0	0	0	0	0	0	0	0	0	0	0	0	0	0	0	1	4	Discovery_Precedence_sm	0	0	Unknown	0	0	Unknown	0	0	Unknown
ENSG00000183955	KMT5A	0	0	0	1	1	1	0	0	0	0	0	0	0	0	0	0	0	0	0	0	0	0	0	0	0	0	0	0	3	4	Discovery_Precedence_sm	0	0	Unknown	0	0	Unknown	0	0	Unknown
ENSG00000133703	KRAS	1	0	0	1	1	0	0	0	0	0	0	1	1	0	0	0	0	0	0	0	0	0	0	0	0	0	0	0	3	1	Clinical_Precedence_sm	2	4	Predicted_Tractable_ab_High_confidence	0	0	Unknown	0	0	Unknown
ENSG00000170421	KRT8	0	0	0	0	0	0	0	0	0	0	0	0	0	0	0	1	0	0	0	0	0	0	0	0	0	0	0	0	0	0	Unknown	1	8	Predicted_Tractable_ab_Medium_to_low_confidence	0	0	Unknown	0	0	Unknown
ENSG00000198945	L3MBTL3	0	0	0	1	1	0	0	0	0	0	0	0	0	0	0	0	0	0	0	0	0	0	0	0	0	0	0	0	2	4	Discovery_Precedence_sm	0	0	Unknown	0	0	Unknown	0	0	Unknown
ENSG00000196976	LAGE3	0	0	0	0	0	0	0	0	0	0	0	0	0	0	0	0	0	0	0	0	0	0	0	0	0	0	0	0	0	0	Unknown	0	0	Unknown	0	0	Unknown	0	0	Unknown
ENSG00000011376	LARS2	0	0	0	0	0	0	0	0	0	0	0	0	0	0	0	0	0	0	0	0	0	0	0	0	0	0	0	0	0	0	Unknown	0	0	Unknown	0	0	Unknown	0	0	Unknown
ENSG00000186207	LCE5A	0	0	0	0	0	0	0	0	0	0	0	0	0	0	0	0	0	0	0	0	0	0	0	0	0	0	0	0	0	0	Unknown	0	0	Unknown	0	0	Unknown	0	0	Unknown
ENSG00000167615	LENG8	0	0	0	0	0	0	0	0	0	0	0	0	0	0	0	0	0	0	0	0	0	0	0	0	0	0	0	0	0	0	Unknown	0	0	Unknown	0	0	Unknown	0	0	Unknown
ENSG00000171747	LGALS4	0	0	0	1	1	0	0	0	0	0	0	0	1	0	0	0	0	0	0	0	0	0	0	0	0	0	0	0	2	4	Discovery_Precedence_sm	1	5	Predicted_Tractable_ab_High_confidence	0	0	Unknown	0	0	Unknown
ENSG00000205659	LIN52	0	0	0	0	0	0	0	0	0	0	0	0	0	0	0	0	0	0	0	0	0	0	0	0	0	0	0	0	0	0	Unknown	0	0	Unknown	0	0	Unknown	0	0	Unknown
ENSG00000189308	LIN54	0	0	0	0	0	0	0	0	0	0	0	0	0	0	0	0	0	0	0	0	0	0	0	0	0	0	0	0	0	0	Unknown	0	0	Unknown	0	0	Unknown	0	0	Unknown
ENSG00000113368	LMNB1	0	0	0	1	0	0	0	0	0	0	0	0	0	0	0	0	0	0	0	0	0	0	0	0	0	0	0	0	1	4	Discovery_Precedence_sm	0	0	Unknown	0	0	Unknown	0	0	Unknown
ENSG00000128011	LRFN1	0	0	0	0	0	0	0	0	0	0	0	0	1	0	1	0	0	0	0	0	0	0	0	0	0	0	0	0	0	0	Unknown	2	5	Predicted_Tractable_ab_High_confidence	0	0	Unknown	0	0	Unknown
ENSG00000257103	LSM14A	0	0	0	0	0	0	0	0	0	0	0	0	0	0	0	0	0	0	0	0	0	0	0	0	0	0	0	0	0	0	Unknown	0	0	Unknown	0	0	Unknown	0	0	Unknown
ENSG00000204482	LST1	0	0	0	0	0	0	0	0	0	0	0	0	1	0	1	0	1	0	0	0	0	0	0	0	0	0	0	0	0	0	Unknown	3	5	Predicted_Tractable_ab_High_confidence	0	0	Unknown	0	0	Unknown
ENSG00000124688	MAD2L1BP	0	0	0	1	0	0	0	0	0	0	0	0	0	0	0	0	0	0	0	0	0	0	0	0	0	0	0	0	1	4	Discovery_Precedence_sm	0	0	Unknown	0	0	Unknown	0	0	Unknown
ENSG00000090316	MAEA	0	0	0	0	0	0	0	0	0	0	0	1	1	0	0	0	0	0	0	0	0	0	0	0	0	0	0	0	0	0	Unknown	2	4	Predicted_Tractable_ab_High_confidence	0	0	Unknown	0	0	Unknown
ENSG00000135341	MAP3K7	0	0	0	1	1	0	0	1	0	0	0	1	1	0	0	0	1	0	0	0	0	0	0	0	0	0	0	0	3	4	Discovery_Precedence_sm	3	4	Predicted_Tractable_ab_High_confidence	0	0	Unknown	0	0	Unknown
ENSG00000072518	MARK2	0	0	0	1	1	0	0	1	0	0	0	0	1	1	0	0	1	0	0	0	0	0	0	0	0	0	0	0	3	4	Discovery_Precedence_sm	3	5	Predicted_Tractable_ab_High_confidence	0	0	Unknown	0	0	Unknown
ENSG00000162510	MATN1	0	0	0	0	0	0	0	0	0	0	0	0	1	1	1	0	0	0	0	0	0	0	0	0	0	0	0	0	0	0	Unknown	3	5	Predicted_Tractable_ab_High_confidence	0	0	Unknown	0	0	Unknown
ENSG00000085276	MECOM	0	0	0	0	0	0	0	0	0	0	0	0	0	0	0	0	0	0	0	0	0	0	0	0	0	0	0	0	0	0	Unknown	0	0	Unknown	0	0	Unknown	0	0	Unknown
ENSG00000125686	MED1	0	0	0	1	0	0	0	0	0	0	0	0	0	0	0	0	0	0	0	0	0	0	0	0	0	0	0	0	1	4	Discovery_Precedence_sm	0	0	Unknown	0	0	Unknown	0	0	Unknown
ENSG00000104973	MED25	0	0	0	1	0	0	0	0	0	0	0	0	0	0	0	0	0	0	0	0	0	0	0	0	0	0	0	0	1	4	Discovery_Precedence_sm	0	0	Unknown	0	0	Unknown	0	0	Unknown
ENSG00000133895	MEN1	0	0	1	1	1	0	0	0	0	0	0	0	0	0	0	0	0	0	0	0	0	0	0	0	0	0	0	0	3	3	Clinical_Precedence_sm	0	0	Unknown	0	0	Unknown	0	0	Unknown
ENSG00000164024	METAP1	0	1	0	1	1	0	1	1	0	0	0	0	0	0	0	0	1	0	0	0	0	0	0	0	0	0	0	0	5	2	Clinical_Precedence_sm	1	9	Predicted_Tractable_ab_Medium_to_low_confidence	0	0	Unknown	0	0	Unknown
ENSG00000169519	METTL15	0	0	0	1	0	0	0	0	0	0	0	0	0	0	0	0	0	0	0	0	0	0	0	0	0	0	0	0	1	4	Discovery_Precedence_sm	0	0	Unknown	0	0	Unknown	0	0	Unknown
ENSG00000165792	METTL17	0	0	0	1	0	0	0	0	0	0	0	0	0	0	0	0	0	0	0	0	0	0	0	0	0	0	0	0	1	4	Discovery_Precedence_sm	0	0	Unknown	0	0	Unknown	0	0	Unknown
ENSG00000116688	MFN2	0	0	0	1	1	0	0	0	0	0	0	0	0	0	1	0	0	0	0	0	0	0	0	0	0	0	0	0	2	4	Discovery_Precedence_sm	1	7	Predicted_Tractable_ab_Medium_to_low_confidence	0	0	Unknown	0	0	Unknown
ENSG00000101752	MIB1	0	0	0	0	0	0	0	0	0	0	0	0	0	1	0	1	0	0	0	0	0	0	0	0	0	0	0	0	0	0	Unknown	2	6	Predicted_Tractable_ab_Medium_to_low_confidence	0	0	Unknown	0	0	Unknown
ENSG00000116691	MIIP	0	0	0	0	0	0	0	0	0	0	0	0	0	0	0	0	0	0	0	0	0	0	0	0	0	0	0	0	0	0	Unknown	0	0	Unknown	0	0	Unknown	0	0	Unknown
ENSG00000164654	MIOS	0	0	0	0	0	0	0	0	0	0	0	0	0	0	0	0	0	0	0	0	0	0	0	0	0	0	0	0	0	0	Unknown	0	0	Unknown	0	0	Unknown	0	0	Unknown
ENSG00000115540	MOB4	0	0	0	0	0	0	0	0	0	0	0	1	0	0	0	0	0	0	0	0	0	0	0	0	0	0	0	0	0	0	Unknown	1	4	Predicted_Tractable_ab_High_confidence	0	0	Unknown	0	0	Unknown
ENSG00000135698	MPHOSPH6	0	0	0	1	0	0	0	0	0	0	0	0	0	0	0	0	0	0	0	0	0	0	0	0	0	0	0	0	1	4	Discovery_Precedence_sm	0	0	Unknown	0	0	Unknown	0	0	Unknown
ENSG00000174547	MRPL11	0	0	0	1	0	0	0	0	0	0	0	0	0	0	0	0	0	0	0	0	0	0	0	0	0	0	0	0	1	4	Discovery_Precedence_sm	0	0	Unknown	0	0	Unknown	0	0	Unknown
ENSG00000243147	MRPL33	0	0	0	1	0	0	0	0	0	0	0	0	0	0	0	0	0	0	0	0	0	0	0	0	0	0	0	0	1	4	Discovery_Precedence_sm	0	0	Unknown	0	0	Unknown	0	0	Unknown
ENSG00000048544	MRPS10	0	0	0	1	0	0	0	0	0	0	0	0	0	0	0	0	0	0	0	0	0	0	0	0	0	0	0	0	1	4	Discovery_Precedence_sm	0	0	Unknown	0	0	Unknown	0	0	Unknown
ENSG00000181991	MRPS11	0	0	0	1	0	0	0	0	0	0	0	0	0	0	0	0	0	0	0	0	0	0	0	0	0	0	0	0	1	4	Discovery_Precedence_sm	0	0	Unknown	0	0	Unknown	0	0	Unknown
ENSG00000128626	MRPS12	0	0	0	1	0	0	0	0	0	0	0	0	0	0	0	0	0	0	0	0	0	0	0	0	0	0	0	0	1	4	Discovery_Precedence_sm	0	0	Unknown	0	0	Unknown	0	0	Unknown
ENSG00000120333	MRPS14	0	0	0	1	0	0	0	0	0	0	0	0	0	0	0	0	0	0	0	0	0	0	0	0	0	0	0	0	1	4	Discovery_Precedence_sm	0	0	Unknown	0	0	Unknown	0	0	Unknown
ENSG00000204568	MRPS18B	0	0	0	1	0	0	0	0	0	0	0	0	0	0	0	0	0	0	0	0	0	0	0	0	0	0	0	0	1	4	Discovery_Precedence_sm	0	0	Unknown	0	0	Unknown	0	0	Unknown
ENSG00000181610	MRPS23	0	0	0	1	0	0	0	0	0	0	0	0	0	0	0	0	0	0	0	0	0	0	0	0	0	0	0	0	1	4	Discovery_Precedence_sm	0	0	Unknown	0	0	Unknown	0	0	Unknown
ENSG00000135972	MRPS9	0	0	0	1	0	0	0	0	0	0	0	0	0	0	0	0	0	0	0	0	0	0	0	0	0	0	0	0	1	4	Discovery_Precedence_sm	0	0	Unknown	0	0	Unknown	0	0	Unknown
ENSG00000156469	MTERF3	0	0	0	0	0	0	0	0	0	0	0	0	0	0	0	0	0	0	0	0	0	0	0	0	0	0	0	0	0	0	Unknown	0	0	Unknown	0	0	Unknown	0	0	Unknown
ENSG00000101057	MYBL2	0	0	0	0	0	0	0	0	0	0	0	0	0	0	0	0	0	0	0	0	0	0	0	0	0	0	0	0	0	0	Unknown	0	0	Unknown	0	0	Unknown	0	0	Unknown
ENSG00000188505	NCCRP1	0	0	0	0	0	0	0	0	0	0	0	0	0	0	0	0	0	0	0	0	0	0	0	0	0	0	0	0	0	0	Unknown	0	0	Unknown	0	0	Unknown	0	0	Unknown
ENSG00000131495	NDUFA2	1	0	0	1	0	0	0	0	0	0	0	1	0	0	0	0	0	0	0	0	0	0	0	0	0	0	0	0	2	1	Clinical_Precedence_sm	1	4	Predicted_Tractable_ab_High_confidence	0	0	Unknown	0	0	Unknown
ENSG00000188986	NELFB	0	0	0	1	0	0	0	0	0	0	0	0	0	0	0	0	0	0	0	0	0	0	0	0	0	0	0	0	1	4	Discovery_Precedence_sm	0	0	Unknown	0	0	Unknown	0	0	Unknown
ENSG00000196865	NHLRC2	0	0	0	0	0	0	0	0	0	0	0	0	1	0	0	0	0	0	0	0	0	0	0	0	0	0	0	0	0	0	Unknown	1	5	Predicted_Tractable_ab_High_confidence	0	0	Unknown	0	0	Unknown
ENSG00000156831	NSMCE2	0	0	0	0	0	0	0	0	0	0	0	0	0	0	0	0	0	0	0	0	0	0	0	0	0	0	0	0	0	0	Unknown	0	0	Unknown	0	0	Unknown	0	0	Unknown
ENSG00000136243	NUP42	0	0	0	1	0	0	0	0	0	0	0	0	0	1	0	0	0	0	0	0	0	0	0	0	0	0	0	0	1	4	Discovery_Precedence_sm	1	6	Predicted_Tractable_ab_Medium_to_low_confidence	0	0	Unknown	0	0	Unknown
ENSG00000093000	NUP50	0	0	0	1	0	0	0	0	0	0	0	0	0	1	0	0	0	0	0	0	0	0	0	0	0	0	0	0	1	4	Discovery_Precedence_sm	1	6	Predicted_Tractable_ab_Medium_to_low_confidence	0	0	Unknown	0	0	Unknown
ENSG00000148498	PARD3	0	0	0	0	0	0	0	0	0	0	0	1	1	0	0	0	1	0	0	0	0	0	0	0	0	0	0	0	0	0	Unknown	3	4	Predicted_Tractable_ab_High_confidence	0	0	Unknown	0	0	Unknown
ENSG00000124171	PARD6B	0	0	0	0	0	0	0	0	0	0	0	0	1	1	0	0	0	0	0	0	0	0	0	0	0	0	0	0	0	0	Unknown	2	5	Predicted_Tractable_ab_High_confidence	0	0	Unknown	0	0	Unknown
ENSG00000175193	PARL	0	0	0	0	1	0	0	0	0	0	0	0	0	0	1	0	0	0	0	0	0	0	0	0	0	0	0	0	1	5	Discovery_Precedence_sm	1	7	Predicted_Tractable_ab_Medium_to_low_confidence	0	0	Unknown	0	0	Unknown
ENSG00000140694	PARN	0	0	0	1	0	1	0	0	0	0	0	0	0	0	0	0	0	0	0	0	0	0	0	0	0	0	0	0	2	4	Discovery_Precedence_sm	0	0	Unknown	0	0	Unknown	0	0	Unknown
ENSG00000125618	PAX8	0	0	0	0	0	0	0	0	0	0	0	0	0	0	0	0	0	0	0	0	0	0	0	0	0	0	0	0	0	0	Unknown	0	0	Unknown	0	0	Unknown	0	0	Unknown
ENSG00000132570	PCBD2	0	0	0	0	0	0	0	0	0	0	0	0	0	0	0	0	1	0	0	0	0	0	0	0	0	0	0	0	0	0	Unknown	1	9	Predicted_Tractable_ab_Medium_to_low_confidence	0	0	Unknown	0	0	Unknown
ENSG00000115289	PCGF1	0	0	0	0	0	0	0	0	0	0	0	0	0	0	0	0	0	0	0	0	0	0	0	0	0	0	0	0	0	0	Unknown	0	0	Unknown	0	0	Unknown	0	0	Unknown
ENSG00000071994	PDCD2	0	0	0	0	0	0	0	0	0	0	0	0	0	0	0	0	0	0	0	0	0	0	0	0	0	0	0	0	0	0	Unknown	0	0	Unknown	0	0	Unknown	0	0	Unknown
ENSG00000083642	PDS5B	0	0	0	0	0	0	0	0	0	0	0	0	0	0	0	0	0	0	0	0	0	0	0	0	0	0	0	0	0	0	Unknown	0	0	Unknown	0	0	Unknown	0	0	Unknown
ENSG00000124587	PEX6	0	0	0	0	0	0	0	0	0	0	0	0	0	0	0	0	0	0	0	0	0	0	0	0	0	0	0	0	0	0	Unknown	0	0	Unknown	0	0	Unknown	0	0	Unknown
ENSG00000113068	PFDN1	0	0	0	1	0	0	0	0	0	0	0	0	0	0	0	0	1	0	0	0	0	0	0	0	0	0	0	0	1	4	Discovery_Precedence_sm	1	9	Predicted_Tractable_ab_Medium_to_low_confidence	0	0	Unknown	0	0	Unknown
ENSG00000164530	PI16	0	0	0	0	0	0	0	0	0	0	0	1	0	0	1	1	0	0	0	0	0	0	0	0	0	0	0	0	0	0	Unknown	3	4	Predicted_Tractable_ab_High_confidence	0	0	Unknown	0	0	Unknown
ENSG00000087111	PIGS	0	0	0	1	0	0	0	0	0	0	0	0	0	0	1	0	0	0	0	0	0	0	0	0	0	0	0	0	1	4	Discovery_Precedence_sm	1	7	Predicted_Tractable_ab_Medium_to_low_confidence	0	0	Unknown	0	0	Unknown
ENSG00000137055	PLAA	0	0	0	0	1	0	0	1	0	0	0	0	0	0	0	0	1	0	0	0	0	0	0	0	0	0	0	0	2	5	Discovery_Precedence_sm	1	9	Predicted_Tractable_ab_Medium_to_low_confidence	0	0	Unknown	0	0	Unknown
ENSG00000166289	PLEKHF1	0	0	0	0	0	0	0	0	0	0	0	0	0	0	0	0	0	0	0	0	0	0	0	0	0	0	0	0	0	0	Unknown	0	0	Unknown	0	0	Unknown	0	0	Unknown
ENSG00000255529	POLR2M	0	0	0	0	0	0	0	0	0	0	0	0	0	0	0	0	0	0	0	0	0	0	0	0	0	0	0	0	0	0	Unknown	0	0	Unknown	0	0	Unknown	0	0	Unknown
ENSG00000092020	PPP2R3C	0	0	0	0	0	0	0	0	0	0	0	0	0	0	0	0	0	0	0	0	0	0	0	0	0	0	0	0	0	0	Unknown	0	0	Unknown	0	0	Unknown	0	0	Unknown
ENSG00000163605	PPP4R2	0	0	0	0	0	0	0	0	0	0	0	0	0	0	0	0	0	0	0	0	0	0	0	0	0	0	0	0	0	0	Unknown	0	0	Unknown	0	0	Unknown	0	0	Unknown
ENSG00000159182	PRAC1	0	0	0	0	0	0	0	0	0	0	0	0	0	0	0	0	0	0	0	0	0	0	0	0	0	0	0	0	0	0	Unknown	0	0	Unknown	0	0	Unknown	0	0	Unknown
ENSG00000185246	PRPF39	0	0	0	0	0	0	0	0	0	0	0	0	0	0	0	0	0	0	0	0	0	0	0	0	0	0	0	0	0	0	Unknown	0	0	Unknown	0	0	Unknown	0	0	Unknown
ENSG00000205352	PRR13	0	0	0	0	0	0	0	0	0	0	0	0	0	0	0	0	0	0	0	0	0	0	0	0	0	0	0	0	0	0	Unknown	0	0	Unknown	0	0	Unknown	0	0	Unknown
ENSG00000131467	PSME3	0	0	0	0	0	0	0	0	0	0	0	0	0	0	0	0	0	0	0	0	0	0	0	0	0	0	0	0	0	0	Unknown	0	0	Unknown	0	0	Unknown	0	0	Unknown
ENSG00000183527	PSMG1	0	0	0	0	0	0	0	0	0	0	0	0	0	0	0	0	0	0	0	0	0	0	0	0	0	0	0	0	0	0	Unknown	0	0	Unknown	0	0	Unknown	0	0	Unknown
ENSG00000179988	PSTK	0	0	0	0	0	0	0	0	0	0	0	0	0	0	0	0	0	0	0	0	0	0	0	0	0	0	0	0	0	0	Unknown	0	0	Unknown	0	0	Unknown	0	0	Unknown
ENSG00000099246	RAB18	0	0	0	1	0	0	0	0	0	0	0	0	1	1	0	0	0	0	0	0	0	0	0	0	0	0	0	0	1	4	Discovery_Precedence_sm	2	5	Predicted_Tractable_ab_High_confidence	0	0	Unknown	0	0	Unknown
ENSG00000175582	RAB6A	0	0	0	1	0	0	1	0	0	0	0	1	1	0	0	0	0	0	0	0	0	0	0	0	0	0	0	0	2	4	Discovery_Precedence_sm	2	4	Predicted_Tractable_ab_High_confidence	0	0	Unknown	0	0	Unknown
ENSG00000136238	RAC1	0	0	0	1	1	1	0	0	0	0	0	1	1	0	0	0	0	0	0	0	0	0	0	0	0	0	0	0	3	4	Discovery_Precedence_sm	2	4	Predicted_Tractable_ab_High_confidence	0	0	Unknown	0	0	Unknown
ENSG00000182185	RAD51B	0	0	0	1	0	0	0	0	0	0	0	0	0	0	0	0	0	0	0	0	0	0	0	0	0	0	0	0	1	4	Discovery_Precedence_sm	0	0	Unknown	0	0	Unknown	0	0	Unknown
ENSG00000185379	RAD51D	0	0	0	1	0	0	0	0	0	0	0	0	0	0	0	0	0	0	0	0	0	0	0	0	0	0	0	0	1	4	Discovery_Precedence_sm	0	0	Unknown	0	0	Unknown	0	0	Unknown
ENSG00000132155	RAF1	1	0	0	1	1	1	0	1	0	0	0	0	1	1	0	0	1	0	0	0	0	0	0	0	0	0	0	0	5	1	Clinical_Precedence_sm	3	5	Predicted_Tractable_ab_High_confidence	0	0	Unknown	0	0	Unknown
ENSG00000153201	RANBP2	0	0	0	1	0	0	0	0	0	0	0	0	0	0	0	0	0	0	0	0	0	0	0	0	0	0	0	0	1	4	Discovery_Precedence_sm	0	0	Unknown	0	0	Unknown	0	0	Unknown
ENSG00000171777	RASGRP4	0	0	0	0	0	0	0	0	0	0	0	1	1	0	0	0	1	0	0	0	0	0	0	0	0	0	0	0	0	0	Unknown	3	4	Predicted_Tractable_ab_High_confidence	0	0	Unknown	0	0	Unknown
ENSG00000173039	RELA	0	1	0	1	1	0	0	1	0	0	0	0	0	0	0	0	0	0	0	0	0	0	0	0	0	0	0	0	4	2	Clinical_Precedence_sm	0	0	Unknown	0	0	Unknown	0	0	Unknown
ENSG00000158106	RHPN1	0	0	0	0	0	0	0	0	0	0	0	0	0	0	0	0	0	0	0	0	0	0	0	0	0	0	0	0	0	0	Unknown	0	0	Unknown	0	0	Unknown	0	0	Unknown
ENSG00000164327	RICTOR	0	0	0	1	1	0	0	0	0	0	0	1	1	0	0	0	0	0	0	0	0	0	0	0	0	0	0	0	2	4	Discovery_Precedence_sm	2	4	Predicted_Tractable_ab_High_confidence	0	0	Unknown	0	0	Unknown
ENSG00000092098	RNF31	0	0	0	1	0	0	0	0	0	0	0	0	0	0	0	0	0	0	0	0	0	0	0	0	0	0	0	0	1	4	Discovery_Precedence_sm	0	0	Unknown	0	0	Unknown	0	0	Unknown
ENSG00000108107	RPL28	1	0	0	1	1	0	0	0	0	0	0	0	0	0	0	0	0	0	0	0	0	0	0	0	0	0	0	0	3	1	Clinical_Precedence_sm	0	0	Unknown	0	0	Unknown	0	0	Unknown
ENSG00000124541	RRP36	0	0	0	0	0	0	0	0	0	0	0	0	0	0	0	0	0	0	0	0	0	0	0	0	0	0	0	0	0	0	Unknown	0	0	Unknown	0	0	Unknown	0	0	Unknown
ENSG00000179134	SAMD4B	0	0	0	0	0	0	0	0	0	0	0	0	0	0	0	0	0	0	0	0	0	0	0	0	0	0	0	0	0	0	Unknown	0	0	Unknown	0	0	Unknown	0	0	Unknown
ENSG00000099194	SCD	0	0	0	1	1	0	0	1	0	0	0	0	0	0	1	0	0	0	0	0	0	0	0	0	0	0	0	0	3	4	Discovery_Precedence_sm	1	7	Predicted_Tractable_ab_Medium_to_low_confidence	0	0	Unknown	0	0	Unknown
ENSG00000148396	SEC16A	0	0	0	0	0	0	0	0	0	0	0	1	0	0	0	0	0	0	0	0	0	0	0	0	0	0	0	0	0	0	Unknown	1	4	Predicted_Tractable_ab_High_confidence	0	0	Unknown	0	0	Unknown
ENSG00000145604	SKP2	0	0	0	1	1	0	1	0	0	0	0	0	0	0	0	0	0	0	0	0	0	0	0	0	0	0	0	0	3	4	Discovery_Precedence_sm	0	0	Unknown	0	0	Unknown	0	0	Unknown
ENSG00000007216	SLC13A2	0	0	0	1	0	0	0	0	0	0	0	1	1	0	1	0	0	0	0	0	0	0	0	0	0	0	0	0	1	4	Discovery_Precedence_sm	3	4	Predicted_Tractable_ab_High_confidence	0	0	Unknown	0	0	Unknown
ENSG00000005022	SLC25A5	0	0	0	0	0	0	0	0	0	0	0	0	1	0	1	0	0	0	0	0	0	0	0	0	0	0	0	0	0	0	Unknown	2	5	Predicted_Tractable_ab_High_confidence	0	0	Unknown	0	0	Unknown
ENSG00000014824	SLC30A9	0	0	0	0	0	0	0	0	0	0	0	0	0	0	1	0	0	0	0	0	0	0	0	0	0	0	0	0	0	0	Unknown	1	7	Predicted_Tractable_ab_Medium_to_low_confidence	0	0	Unknown	0	0	Unknown
ENSG00000143036	SLC44A3	0	0	0	0	0	0	0	0	0	0	0	0	1	0	1	0	0	0	0	0	0	0	0	0	0	0	0	0	0	0	Unknown	2	5	Predicted_Tractable_ab_High_confidence	0	0	Unknown	0	0	Unknown
ENSG00000033867	SLC4A7	0	0	0	0	0	0	0	0	0	0	0	1	1	1	1	0	1	0	0	0	0	0	0	0	0	0	0	0	0	0	Unknown	5	4	Predicted_Tractable_ab_High_confidence	0	0	Unknown	0	0	Unknown
ENSG00000139514	SLC7A1	0	0	0	0	0	0	0	0	0	0	0	0	1	1	1	0	0	0	0	0	0	0	0	0	0	0	0	0	0	0	Unknown	3	5	Predicted_Tractable_ab_High_confidence	0	0	Unknown	0	0	Unknown
ENSG00000127616	SMARCA4	0	0	0	1	1	0	1	0	0	0	0	0	0	0	0	0	0	0	0	0	0	0	0	0	0	0	0	0	3	4	Discovery_Precedence_sm	0	0	Unknown	0	0	Unknown	0	0	Unknown
ENSG00000153147	SMARCA5	0	0	0	1	0	0	0	0	0	0	0	0	0	0	0	0	0	0	0	0	0	0	0	0	0	0	0	0	1	4	Discovery_Precedence_sm	0	0	Unknown	0	0	Unknown	0	0	Unknown
ENSG00000092531	SNAP23	0	0	0	0	0	0	0	0	0	0	0	0	1	1	0	0	1	0	0	0	0	0	0	0	0	0	0	0	0	0	Unknown	3	5	Predicted_Tractable_ab_High_confidence	0	0	Unknown	0	0	Unknown
ENSG00000164736	SOX17	0	0	0	0	0	0	0	0	0	0	0	0	0	0	0	0	0	0	0	0	0	0	0	0	0	0	0	0	0	0	Unknown	0	0	Unknown	0	0	Unknown	0	0	Unknown
ENSG00000076382	SPAG5	0	0	0	0	0	0	0	0	0	0	0	0	0	0	0	0	0	0	0	0	0	0	0	0	0	0	0	0	0	0	Unknown	0	0	Unknown	0	0	Unknown	0	0	Unknown
ENSG00000143093	STRIP1	0	0	0	0	0	0	0	0	0	0	0	0	0	0	0	0	0	0	0	0	0	0	0	0	0	0	0	0	0	0	Unknown	0	0	Unknown	0	0	Unknown	0	0	Unknown
ENSG00000103496	STX4	0	0	0	0	0	0	0	0	0	0	0	0	1	1	1	0	1	0	0	0	0	0	0	0	0	0	0	0	0	0	Unknown	4	5	Predicted_Tractable_ab_High_confidence	0	0	Unknown	0	0	Unknown
ENSG00000116266	STXBP3	0	0	0	0	0	0	0	0	0	0	0	1	1	0	0	0	0	0	0	0	0	0	0	0	0	0	0	0	0	0	Unknown	2	4	Predicted_Tractable_ab_High_confidence	0	0	Unknown	0	0	Unknown
ENSG00000196284	SUPT3H	0	0	0	0	0	0	0	0	0	0	0	0	0	0	0	0	0	0	0	0	0	0	0	0	0	0	0	0	0	0	Unknown	0	0	Unknown	0	0	Unknown	0	0	Unknown
ENSG00000119760	SUPT7L	0	0	0	0	0	0	0	0	0	0	0	0	0	0	0	0	0	0	0	0	0	0	0	0	0	0	0	0	0	0	Unknown	0	0	Unknown	0	0	Unknown	0	0	Unknown
ENSG00000178691	SUZ12	0	0	0	1	1	0	0	0	0	0	0	0	0	0	0	0	0	0	0	0	0	0	0	0	0	0	0	0	2	4	Discovery_Precedence_sm	0	0	Unknown	0	0	Unknown	0	0	Unknown
ENSG00000013810	TACC3	0	0	0	1	0	0	0	0	0	0	0	0	0	0	0	0	0	0	0	0	0	0	0	0	0	0	0	0	1	4	Discovery_Precedence_sm	0	0	Unknown	0	0	Unknown	0	0	Unknown
ENSG00000102125	TAFAZZIN	0	0	0	0	0	0	0	0	0	0	0	1	0	0	0	0	0	0	0	0	0	0	0	0	0	0	0	0	0	0	Unknown	1	4	Predicted_Tractable_ab_High_confidence	0	0	Unknown	0	0	Unknown
ENSG00000248385	TARM1	0	0	0	0	0	0	0	0	0	0	0	1	1	0	1	0	0	0	0	0	0	0	0	0	0	0	0	0	0	0	Unknown	3	4	Predicted_Tractable_ab_High_confidence	0	0	Unknown	0	0	Unknown
ENSG00000139372	TDG	0	0	0	1	0	0	0	0	0	0	0	0	1	0	0	0	0	0	0	0	0	0	0	0	0	0	0	0	1	4	Discovery_Precedence_sm	1	5	Predicted_Tractable_ab_High_confidence	0	0	Unknown	0	0	Unknown
ENSG00000134375	TIMM17A	0	0	0	0	0	0	0	0	0	0	0	0	0	0	1	0	0	0	0	0	0	0	0	0	0	0	0	0	0	0	Unknown	1	7	Predicted_Tractable_ab_Medium_to_low_confidence	0	0	Unknown	0	0	Unknown
ENSG00000170348	TMED10	0	0	0	0	0	0	0	0	0	0	0	0	0	1	1	1	0	0	0	0	0	0	0	0	0	0	0	0	0	0	Unknown	3	6	Predicted_Tractable_ab_Medium_to_low_confidence	0	0	Unknown	0	0	Unknown
ENSG00000086598	TMED2	0	0	0	0	0	0	0	0	0	0	0	0	0	0	1	0	0	0	0	0	0	0	0	0	0	0	0	0	0	0	Unknown	1	7	Predicted_Tractable_ab_Medium_to_low_confidence	0	0	Unknown	0	0	Unknown
ENSG00000083312	TNPO1	0	0	0	1	0	0	1	0	0	0	0	0	0	0	0	0	0	0	0	0	0	0	0	0	0	0	0	0	2	4	Discovery_Precedence_sm	0	0	Unknown	0	0	Unknown	0	0	Unknown
ENSG00000132773	TOE1	0	0	0	0	0	0	0	0	0	0	0	0	0	0	0	0	0	0	0	0	0	0	0	0	0	0	0	0	0	0	Unknown	0	0	Unknown	0	0	Unknown	0	0	Unknown
ENSG00000173726	TOMM20	0	0	0	1	0	0	0	0	0	0	0	0	0	0	1	0	0	0	0	0	0	0	0	0	0	0	0	0	1	4	Discovery_Precedence_sm	1	7	Predicted_Tractable_ab_Medium_to_low_confidence	0	0	Unknown	0	0	Unknown
ENSG00000127191	TRAF2	0	0	0	0	0	1	0	0	0	0	0	0	0	0	0	0	0	0	0	0	0	0	0	0	0	0	0	0	1	6	Predicted_Tractable_sm	0	0	Unknown	0	0	Unknown	0	0	Unknown
ENSG00000167112	TRUB2	0	0	0	0	0	0	0	0	0	0	0	0	0	0	0	0	0	0	0	0	0	0	0	0	0	0	0	0	0	0	Unknown	0	0	Unknown	0	0	Unknown	0	0	Unknown
ENSG00000243725	TTC4	0	0	0	0	0	0	0	0	0	0	0	0	0	0	0	0	0	0	0	0	0	0	0	0	0	0	0	0	0	0	Unknown	0	0	Unknown	0	0	Unknown	0	0	Unknown
ENSG00000116830	TTF2	0	0	0	0	0	0	0	0	0	0	0	0	0	0	0	0	0	0	0	0	0	0	0	0	0	0	0	0	0	0	Unknown	0	0	Unknown	0	0	Unknown	0	0	Unknown
ENSG00000151239	TWF1	0	0	0	1	0	0	0	0	0	0	0	0	0	0	0	0	0	0	0	0	0	0	0	0	0	0	0	0	1	4	Discovery_Precedence_sm	0	0	Unknown	0	0	Unknown	0	0	Unknown
ENSG00000198431	TXNRD1	1	0	0	1	1	1	0	1	0	0	0	0	0	0	0	0	0	0	0	0	0	0	0	0	0	0	0	0	5	1	Clinical_Precedence_sm	0	0	Unknown	0	0	Unknown	0	0	Unknown
ENSG00000186591	UBE2H	0	0	0	0	0	1	0	0	0	0	0	0	0	0	0	0	0	0	0	0	0	0	0	0	0	0	0	0	1	6	Predicted_Tractable_sm	0	0	Unknown	0	0	Unknown	0	0	Unknown
ENSG00000160087	UBE2J2	0	0	0	0	0	0	0	0	0	0	0	0	0	0	1	0	0	0	0	0	0	0	0	0	0	0	0	0	0	0	Unknown	1	7	Predicted_Tractable_ab_Medium_to_low_confidence	0	0	Unknown	0	0	Unknown
ENSG00000160803	UBQLN4	0	0	0	0	0	0	0	0	0	0	0	0	0	0	0	0	0	0	0	0	0	0	0	0	0	0	0	0	0	0	Unknown	0	0	Unknown	0	0	Unknown	0	0	Unknown
ENSG00000140740	UQCRC2	0	0	0	1	0	0	0	0	0	0	0	0	0	1	0	0	0	0	0	0	0	0	0	0	0	0	0	0	1	4	Discovery_Precedence_sm	1	6	Predicted_Tractable_ab_Medium_to_low_confidence	0	0	Unknown	0	0	Unknown
ENSG00000162607	USP1	0	0	0	1	1	0	0	0	0	0	0	0	0	0	0	0	0	0	0	0	0	0	0	0	0	0	0	0	2	4	Discovery_Precedence_sm	0	0	Unknown	0	0	Unknown	0	0	Unknown
ENSG00000155959	VBP1	0	0	0	1	0	0	0	0	0	0	0	0	0	0	0	0	0	0	0	0	0	0	0	0	0	0	0	0	1	4	Discovery_Precedence_sm	0	0	Unknown	0	0	Unknown	0	0	Unknown
ENSG00000136451	VEZF1	0	0	0	0	0	0	0	0	0	0	0	0	0	0	0	0	0	0	0	0	0	0	0	0	0	0	0	0	0	0	Unknown	0	0	Unknown	0	0	Unknown	0	0	Unknown
ENSG00000119541	VPS4B	0	0	0	1	0	0	1	0	0	0	0	1	0	0	0	0	0	0	0	0	0	0	0	0	0	0	0	0	2	4	Discovery_Precedence_sm	1	4	Predicted_Tractable_ab_High_confidence	0	0	Unknown	0	0	Unknown
ENSG00000100568	VTI1B	0	0	0	0	0	0	0	0	0	0	0	0	1	0	1	0	0	0	0	0	0	0	0	0	0	0	0	0	0	0	Unknown	2	5	Predicted_Tractable_ab_High_confidence	0	0	Unknown	0	0	Unknown
ENSG00000162923	WDR26	0	0	0	1	0	0	0	0	0	0	0	0	0	0	0	0	0	0	0	0	0	0	0	0	0	0	0	0	1	4	Discovery_Precedence_sm	0	0	Unknown	0	0	Unknown	0	0	Unknown
ENSG00000114742	WDR48	0	0	0	1	1	0	0	0	0	0	0	0	0	0	0	0	0	0	0	0	0	0	0	0	0	0	0	0	2	4	Discovery_Precedence_sm	0	0	Unknown	0	0	Unknown	0	0	Unknown
ENSG00000171804	WDR87	0	0	0	0	0	0	0	0	0	0	0	0	0	0	0	0	0	0	0	0	0	0	0	0	0	0	0	0	0	0	Unknown	0	0	Unknown	0	0	Unknown	0	0	Unknown
ENSG00000184937	WT1	0	0	0	0	0	0	0	0	0	0	0	0	0	0	0	0	0	0	0	0	0	0	0	0	0	0	0	0	0	0	Unknown	0	0	Unknown	0	0	Unknown	0	0	Unknown
ENSG00000018408	WWTR1	0	0	0	1	0	0	0	0	0	0	0	1	0	0	0	1	0	0	0	0	0	0	0	0	0	0	0	0	1	4	Discovery_Precedence_sm	2	4	Predicted_Tractable_ab_High_confidence	0	0	Unknown	0	0	Unknown
ENSG00000143324	XPR1	0	0	0	1	0	0	0	0	0	0	0	1	1	0	1	0	0	0	0	0	0	0	0	0	0	0	0	0	1	4	Discovery_Precedence_sm	3	4	Predicted_Tractable_ab_High_confidence	0	0	Unknown	0	0	Unknown
ENSG00000196584	XRCC2	0	0	0	1	0	0	0	0	0	0	0	0	0	0	0	0	0	0	0	0	0	0	0	0	0	0	0	0	1	4	Discovery_Precedence_sm	0	0	Unknown	0	0	Unknown	0	0	Unknown
ENSG00000015532	XYLT2	0	0	0	0	0	0	0	0	0	0	0	1	0	0	1	1	0	0	0	0	0	0	0	0	0	0	0	0	0	0	Unknown	3	4	Predicted_Tractable_ab_High_confidence	0	0	Unknown	0	0	Unknown
ENSG00000083896	YTHDC1	0	0	0	1	0	0	0	0	0	0	0	0	1	0	0	0	1	0	0	0	0	0	0	0	0	0	0	0	1	4	Discovery_Precedence_sm	2	5	Predicted_Tractable_ab_High_confidence	0	0	Unknown	0	0	Unknown
ENSG00000198492	YTHDF2	0	0	0	1	1	0	0	0	0	0	0	0	0	0	0	0	0	0	0	0	0	0	0	0	0	0	0	0	2	4	Discovery_Precedence_sm	0	0	Unknown	0	0	Unknown	0	0	Unknown
ENSG00000014164	ZC3H3	0	0	0	0	0	0	0	0	0	0	0	0	0	0	0	0	0	0	0	0	0	0	0	0	0	0	0	0	0	0	Unknown	0	0	Unknown	0	0	Unknown	0	0	Unknown
ENSG00000188818	ZDHHC11	0	0	0	0	0	0	0	0	0	0	0	0	0	0	1	0	0	0	0	0	0	0	0	0	0	0	0	0	0	0	Unknown	1	7	Predicted_Tractable_ab_Medium_to_low_confidence	0	0	Unknown	0	0	Unknown
ENSG00000148516	ZEB1	0	0	0	0	0	0	0	0	0	0	0	0	0	0	0	0	0	0	0	0	0	0	0	0	0	0	0	0	0	0	Unknown	0	0	Unknown	0	0	Unknown	0	0	Unknown
ENSG00000185650	ZFP36L1	0	0	0	0	0	0	0	0	0	0	0	0	0	0	0	0	0	0	0	0	0	0	0	0	0	0	0	0	0	0	Unknown	0	0	Unknown	0	0	Unknown	0	0	Unknown
ENSG00000187815	ZFP69	0	0	0	0	0	0	0	0	0	0	0	0	0	0	0	0	0	0	0	0	0	0	0	0	0	0	0	0	0	0	Unknown	0	0	Unknown	0	0	Unknown	0	0	Unknown
ENSG00000162714	ZNF496	0	0	0	0	0	0	0	0	0	0	0	0	0	0	0	0	0	0	0	0	0	0	0	0	0	0	0	0	0	0	Unknown	0	0	Unknown	0	0	Unknown	0	0	Unknown
ENSG00000128000	ZNF780B	0	0	0	0	0	0	0	0	0	0	0	0	0	0	0	0	0	0	0	0	0	0	0	0	0	0	0	0	0	0	Unknown	0	0	Unknown	0	0	Unknown	0	0	Unknown
ENSG00000181666	ZNF875	0	0	0	0	0	0	0	0	0	0	0	0	0	0	0	0	0	0	0	0	0	0	0	0	0	0	0	0	0	0	Unknown	0	0	Unknown	0	0	Unknown	0	0	Unknown
