Gene,Regression Coefficient (Effect Size),P-value,Sample Size,R-squared
10013,0.046733850931677,0.0179176643724239,119,0.0469646577432583
10016,0.2418248587570622,1.832963536353655e-14,119,0.395769319453689
1004,0.3081532955159373,0.001572305081517,119,0.0821891359155272
10048,0.1233772631578946,1.5336714639078885e-05,117,0.1506345210939923
10049,0.1901288354721317,2.8931215309996147e-10,119,0.2890250259390302
10051,0.0953701428964001,0.0455354395077285,119,0.0337404991084082
10054,0.168202657649076,1.1674903961820784e-09,119,0.2722183945408416
10059,0.1571358133243151,6.730666729650498e-07,119,0.190970345056919
10061,0.2106565463362068,3.543718688368212e-18,119,0.4771353351401808
10067,0.1511661635460451,1.0988642101878137e-07,119,0.2149154961569009
10139,0.1581799797775531,0.0013375665536197,119,0.0845340927284757
10147,0.1659967391304347,2.861036317462544e-06,119,0.1714129746100542
10162,0.2568636428864288,2.514722488237681e-08,119,0.2339404549301891
10174,0.161980811638591,0.0005336574245594,119,0.0978278825397406
10195,0.2626316793893127,0.0003659554944117,99,0.1232918202450937
1020,0.2686166038074712,9.504394263973137e-14,119,0.3787525756143093
10212,0.2087233508042655,2.162992902173265e-07,119,0.206040557042799
10269,0.2609906124497993,1.1814759552158785e-13,119,0.3764683867543861
10270,0.1961566749664814,6.561084219716286e-13,119,0.3581863189681777
10298,0.2481217571521456,2.240664183914277e-13,119,0.3697028847279051
10327,0.093089256198347,0.0032195514353426,119,0.0717854581333159
10397,0.219598253880266,2.088937293735543e-05,119,0.1439358967268024
10404,0.1517437484677617,0.0053692763495319,119,0.0643624578072692
10434,0.2163970003014771,1.8403605328786767e-11,119,0.3211507057793896
10436,0.0810039770397703,0.0065486892128494,119,0.0614837900326872
10450,0.1716347163664239,1.3560482114029748e-08,119,0.241784956469039
10455,0.190104966442953,3.181618191965569e-07,119,0.2009446522404009
10465,0.2052122587086754,2.2450878158146177e-10,119,0.2920408623864294
10487,0.1734491759294749,3.859455791229495e-09,119,0.2575224651233082
10498,0.2195537949692892,2.580164501288897e-13,119,0.3682020321366502
10499,0.0960758615589409,9.642901722545756e-05,110,0.1318892541240945
10523,0.0867649142280524,0.0002911941376388,119,0.1065507131645273
10526,0.1576775030156815,5.6504032082189546e-06,119,0.1620844707769058
10531,0.1803642727272727,2.599998728743705e-05,119,0.1408701643264392
10535,0.0856470662833953,0.0037348190388553,119,0.0696300434367428
10565,0.2034820841633466,2.1819781141630847e-12,119,0.3450659729288684
10591,0.194008453993461,9.906024526011707e-07,119,0.1857848909879317
10644,0.1652078085928621,0.0419892302417167,119,0.0348755896025044
10653,0.4762883561643835,5.1473526855553815e-20,119,0.5133293293312218
10654,0.1580708200636943,0.0012924451461741,119,0.0850316026936942
10656,0.2503548786783686,0.0011949943806807,119,0.0861679132757075
10667,0.1952742480833496,6.0510695572036136e-12,119,0.3337279741749356
10671,0.0828818829113924,0.0058896265253901,119,0.0630211691277403
10714,0.1689338559119196,7.4250349983512e-05,119,0.1260660597832251
10723,0.1995807357780911,8.703618414691181e-09,119,0.2473724408886732
1075,0.142946616364065,0.0024886429612918,119,0.0755243919140422
10755,0.1623399611398963,2.4403511077779203e-09,119,0.2631884245597625
10762,0.165345781527531,6.363499137414881e-06,119,0.1604469210648695
10771,0.0955930622559154,4.665005923512013e-05,119,0.132643878713949
10799,0.0654344522968198,0.0263031358105019,117,0.0421919753314553
10809,0.2089346149337709,2.0119012368416324e-05,116,0.1479819554799391
10863,0.2359558441558441,0.0067973661752484,51,0.1401684223058118
10867,0.0850285785042099,0.0032413823392367,110,0.0774501805602658
10873,0.1479710897687182,0.0015707647067722,119,0.0822033546880466
10923,0.2564494718309859,1.9441326772801167e-11,119,0.3205246465913707
11000,0.1363958734525446,0.0216547923165473,119,0.0442542170404844
11018,0.1798710927770859,2.2010500397715044e-10,119,0.2922759491757353
11022,0.0940898734177215,0.023366951031078,117,0.043905530417753
11030,0.3349482914880587,2.2081892315137995e-06,114,0.182024593471876
11047,0.0614521052631578,0.0141021023838154,119,0.0504034059719958
11054,0.1765316939890711,6.2611727018966675e-09,119,0.2514985932094385
11083,0.1067034802784222,0.0006075563544501,119,0.0959556143964708
11098,0.2098716438356163,0.0174702883638027,75,0.0749477299524369
11140,0.2336819662243667,1.883121020007884e-20,119,0.521560181246709
11156,0.1569631944444445,0.0440221941757351,104,0.0391688590101343
11194,0.1997976076555023,3.620299759442491e-08,117,0.2327751939478874
1120,0.085128931572629,0.046376146392745,109,0.0365706579935792
11244,0.1484849834983497,0.0009472280148192,68,0.1536453598952303
112939,0.2119630345885159,3.7296744239942845e-08,119,0.2288959534821305
11311,0.0942171803852889,0.0007303860533437,119,0.0932949122467362
113246,0.097565016962682,0.0024059037425911,119,0.0760153068716366
11331,0.1423275693474355,2.0133115659462783e-06,119,0.1761973265531431
11336,0.0351780720338983,0.0131948402527095,119,0.051360471310719
113655,0.4663411764705881,6.961771401515994e-07,53,0.3857896978322671
115098,0.2347473844812554,1.9014523039036296e-10,119,0.2940100272398256
1155,0.3147658547546287,2.049068725368929e-17,119,0.4613631068662275
115908,0.2840760869565217,0.0059718908863299,119,0.0628200803466301
116113,0.291254561251086,3.279456030389848e-05,88,0.1826715981852533
116228,0.1971109631147542,9.183472795404717e-06,117,0.1578645102079899
116985,0.1065512784701332,0.000456289660185,119,0.1000868837168772
116988,0.1769307545655228,8.183570628208436e-08,113,0.2291508592573169
117145,0.2130086528497409,0.0133760160402347,102,0.059639509246944
1196,0.1784566666666666,0.0146032620066384,81,0.0731525159804197
1207,0.110330908880666,0.0022311425784043,117,0.0784027220388494
121512,0.1690940480216435,0.0001137857527451,119,0.1199967694059095
125950,0.1342879475982532,3.91122693884641e-16,119,0.4338012539313219
126382,0.1931132393262828,5.06383078264156e-05,108,0.144155865731629
126393,0.1525008469259723,0.0296396304796729,109,0.043440769820836
126526,0.2220810400866738,1.247258971922223e-07,62,0.3746951615475962
127687,0.1733588878760254,0.0005982684745328,81,0.1393488215341187
127700,0.1309371747211895,0.039788149920984,74,0.0574006375015859
129685,0.1078712091038407,0.0124279340081324,68,0.0909839735076997
133686,0.237774791929382,2.565640796392036e-09,119,0.2625715052644715
133957,0.2014032132768362,3.883971458087973e-06,119,0.1672331535458248
134147,0.2253517709849586,0.0053969571852626,119,0.0642878799896538
134218,0.1784890375707668,8.646807659735368e-06,102,0.1803417311135087
137492,0.1603521120075937,2.374997693630414e-07,114,0.2129369703957881
137682,0.1825272120786516,0.001148453317677,105,0.0979911117411668
137695,0.1834729237002025,2.6302308597630416e-06,111,0.1840342489080053
140576,0.1541676069435834,0.019899788125931,119,0.0454622660473397
142,0.1832228121664888,1.4364913848664633e-07,119,0.2114146785768039
147841,0.129420964381387,0.001828276370716,104,0.0912667336066834
149466,0.3971779411764707,6.98489581524079e-05,64,0.2267092638982949
149986,0.1957407838635617,1.391947154108902e-06,117,0.184051908393717
1503,0.2611182417168676,6.159633527584713e-12,119,0.3335286609925523
1508,0.213346093276802,2.9492163210492377e-05,119,0.13910124124723
152137,0.0920709360058845,9.27046257777667e-07,119,0.1866765694086574
1537,0.2293847326507394,5.582795913405557e-05,119,0.1301058511627796
154141,0.1819897058823529,0.0002133136774361,116,0.1137769197522134
154467,0.0773464226289517,0.0425681141319171,52,0.0797134473935445
155435,0.0727896744459698,0.0006491653169841,119,0.09499872808434
157378,0.2040653197875779,1.3337267718037318e-06,119,0.1817754820484306
157769,0.162333304291004,6.88673503367181e-09,119,0.2503077375977577
163882,0.147442551995503,0.0002169645196905,79,0.163708545805148
170506,0.2092261377427185,3.879288691457861e-16,119,0.4338797629179135
171017,0.1073321392935541,1.0862559892152529e-06,119,0.1845439991808787
1725,0.2631289052469401,5.704038468018873e-11,116,0.3148304571304371
1756,0.1050294560290118,0.036834025993813,111,0.0393695510608288
1777,0.2013973226351351,6.854441434228535e-09,119,0.2503665554513643
1785,0.137893734830097,1.3156008909878441e-15,119,0.4220686675656639
1786,0.2371058411563105,5.350962287504965e-12,119,0.3351046079739335
1802,0.1570014814814815,0.0032625374307954,92,0.0921648925135464
1808,0.203274786081004,3.0568478738156786e-05,119,0.1385976630177146
1832,0.1606440870758971,9.965951580747536e-05,119,0.1218842284264472
1857,0.0787928552350427,0.0047326688695352,113,0.0696590891093865
1871,0.2034238129496403,0.0010488619821044,64,0.160203537254188
1891,0.2363404352806415,1.8269434128319872e-08,119,0.2380079905741469
1894,0.2545009183338799,1.4670301469299528e-05,113,0.1562858023860084
192669,0.0856965374724467,0.0001738743569375,119,0.1139433155476702
1936,0.1319095425867507,1.3519845143412917e-08,119,0.2418229001836069
1962,0.1554901815181518,0.0007582758344169,119,0.0927530563174081
196513,0.1822566554180728,2.691417700089141e-06,114,0.179232844783859
1974,0.1407619300911853,2.669068404550366e-09,119,0.2620841880214284
1981,0.181011123241145,1.813645622737108e-14,119,0.3958773901121586
1992,0.1108099926524614,0.0059169415066179,119,0.0629540885283418
200205,0.1333938826122899,9.455960994595396e-05,119,0.1226314983852218
2017,0.1604033842070338,3.749308161863573e-07,119,0.1987680920554136
2026,0.1226248852524446,0.0131961944395819,119,0.0513589936473497
2029,0.1307045792497465,1.7742186094461896e-05,119,0.1462182366836496
203054,0.1519012976140644,0.0011464536294475,104,0.0989356461006316
2049,0.1489937809099902,0.0043752244460493,119,0.0673328583417826
2053,0.3539676694915254,4.069546800135233e-08,119,0.227775822242386
2063,0.2637312312911594,3.858281463558286e-07,119,0.1983877525429704
208,0.2651595687550854,1.040924185363299e-18,119,0.4878767790628694
2122,0.2072470762155059,0.0002705308148241,119,0.1076078727794623
2146,0.119815638875185,0.0110430256612841,102,0.0628442248749729
2166,0.2261443621943159,0.0019340715012868,114,0.0825840951268843
2185,0.1312298103823438,0.0146652566304133,111,0.053415003786426
221656,0.1018514598540146,0.0236287234399424,78,0.0655833067040976
2222,0.2408974712295579,6.908828274913293e-05,119,0.1270879862625998
2224,0.0992693733282384,0.0217089779748402,119,0.0442185271470549
2271,0.173934708509638,1.4468058432878432e-05,119,0.1490633117877937
22796,0.0649159252183406,0.0171323894224695,119,0.0476072361425835
22827,0.1140318732193732,8.019473981844092e-06,119,0.1572530560104507
2288,0.2166489469337188,3.85042986645113e-09,119,0.2575515076249389
22884,0.1957274156791248,1.6941532378446508e-11,119,0.3220944277875399
22887,0.1998165803108808,1.5167735959281328e-06,104,0.2037358289717084
22888,0.2221656734207389,0.0147127269172844,48,0.1225696436416498
22916,0.1170089012632978,0.0003484797596334,119,0.1039687286195901
22933,0.1630783146067414,5.353751201722676e-07,119,0.194028225934205
22974,0.2579228915662651,7.323783731673367e-05,119,0.1262608432557955
22976,0.1069577088716623,7.576488196242619e-05,113,0.1321364458377804
22982,0.1629141025641025,0.0074336691810827,53,0.1322564643397715
23012,0.1767449634214969,9.062260619747843e-07,119,0.1869818302645002
23029,0.0883364229097417,0.0066424546676752,119,0.0612778039733873
23039,0.2614985682819382,3.4081609220488497e-18,119,0.4774807070606324
23070,0.1578320596366509,2.4756727890927558e-08,119,0.2341401389106225
23085,0.1926774554591137,4.909274402879631e-11,119,0.3098696066326155
23094,0.1128866933284857,0.0004621149775434,113,0.1050329913608011
23126,0.115838190509915,0.0006307654075279,119,0.0954141241486951
23151,0.1297816568047337,0.0093358939811811,112,0.0598439948459909
23167,0.1226829141607435,5.903734493165362e-05,117,0.131418164129675
23185,0.2218965347616965,2.4549471178655146e-13,119,0.3687316555583441
23200,0.1579598248611703,0.0041325741843402,87,0.0927402332843653
23201,0.0872959704499664,0.0325519420623895,100,0.0457808708032648
23246,0.0977350511945392,0.0003706027968231,119,0.1030829903823024
23248,0.1692029801324503,5.511951666792889e-07,119,0.1936396961960524
23303,0.1264349014709964,1.648267566622546e-06,119,0.1789110862765791
23309,0.1285535737145294,0.0001879748583898,117,0.1146805785558506
23334,0.1135459051724138,0.0262311309791662,60,0.0823295532123602
23350,0.0743850072780203,0.0060798348287718,119,0.0625604013689686
23373,0.1458675042832666,0.0005529642469815,104,0.1108685363587236
23381,0.0924047992164544,0.0049791563556588,114,0.0682891765369295
23408,0.1497486308993766,0.0001473704810931,119,0.1163072459007383
23476,0.2082903719311103,6.414838903381303e-14,119,0.3828590553536255
23509,0.2134290201005025,1.096749590769878e-06,119,0.1844144877531822
23513,0.2434272554605887,5.856133562382522e-16,119,0.4299232238533762
23516,0.1578849770290965,0.0051652852539929,119,0.0649242548342255
23527,0.2037854465270121,1.5177721091111612e-14,119,0.3976911715466522
23557,0.0723300132144037,0.0180901000472931,119,0.046827395139564
23560,0.0807079649042843,0.0044957704712091,119,0.0669384218808056
23646,0.2447677005639439,6.301332442983489e-09,117,0.255194653195776
23654,0.1323426657506012,2.5385078383048942e-08,119,0.2338203180124786
23770,0.1621151459854013,6.670390904202677e-08,119,0.2214016959352674
23774,0.1836843749999999,2.9739532665104253e-05,81,0.199135547141405
24148,0.0858969666329626,0.0004105126138404,119,0.1016103108959777
252969,0.1777636408243376,0.003505615235397,59,0.1400132609738711
253260,0.1018311540497617,2.7647360245833382e-06,119,0.1718801152565562
254048,0.259425,0.0153188211201304,68,0.0858443988835305
254827,0.1422096774193548,0.0254081040393804,110,0.0454084497853138
25771,0.176147991761071,6.481294425478567e-05,90,0.1666835599896576
25796,0.2254239891053845,2.2732359537686617e-11,119,0.3187367629443487
25814,0.2248727564102563,5.406981611686819e-09,119,0.2533294258888117
25836,0.1000556611039794,5.430416005503153e-05,119,0.1304972449716929
25852,0.0614014578521939,0.0252211917489617,119,0.042080481961094
2590,0.1622559149722736,3.463782385540401e-06,119,0.1688007553252728
25909,0.0926508358140599,9.046680775966436e-07,119,0.187004950473521
25937,0.1761914264264264,0.0003565327711945,113,0.1089489351078752
25959,0.0841820615898057,0.0160527035513186,119,0.0485413984432904
2597,0.204658221911794,1.3425146362435519e-11,119,0.3247399765639415
25977,0.1930240210526314,8.417499029173208e-09,117,0.2515232196413404
26017,0.2544332434750644,3.9042250589046156e-10,110,0.3052654460679337
26043,0.1987852032010041,5.750466958104069e-13,119,0.3596107374696432
26064,0.1196375128733265,0.0021711241681566,119,0.077506010260677
26065,0.1685553981106611,3.632669533705556e-12,119,0.3394231634858039
26137,0.189027729257642,0.0059741334701155,68,0.108971470526864
26164,0.2677136939983093,5.853044176368181e-05,75,0.1996607159877195
26205,0.0736359728506787,0.0199094202665592,110,0.0491656278864156
26233,0.1959291327913279,0.0002396060520655,87,0.1475588602470695
26292,0.1597319374180251,3.2318711768136037e-09,119,0.2597207838580668
2639,0.264807829391892,1.837577725255753e-16,119,0.4409898503880074
26523,0.0914108757062147,0.0005708626528421,117,0.0984606437122929
2665,0.1821578561917443,3.3172269729436613e-14,119,0.3896887145682004
26873,0.2680330261660977,6.619245856379075e-08,119,0.2215013376622883
26958,0.0891560529279279,0.0038005875967409,119,0.0693766249391114
26986,0.0641536958568738,0.0085549332526798,119,0.0576148185767786
26993,0.1781477494732809,1.6359658089834683e-09,119,0.2680990877289049
27095,0.1237602203065134,1.0718103837263175e-06,119,0.1847243192799993
27161,0.1312231123595506,2.446504496232691e-06,119,0.1735468002445237
27238,0.0479590909090909,0.0475355271053237,119,0.0331401256219308
27333,0.1641425691937424,0.0003690032393121,119,0.103145248402962
27335,0.0534228328564214,0.0158587456536752,119,0.0487159596137185
2762,0.2132360540540541,1.0847026113703471e-09,119,0.273113582586172
2766,0.2406651791530944,0.0001848985207818,119,0.1130637256472554
2821,0.2170774242712897,1.3934557168670724e-11,119,0.3243171198365004
2822,0.127369478815148,0.0492911298196249,68,0.0573026290502587
283209,0.2049782312111058,0.0006046802851792,119,0.0960241430652153
283219,0.1115666666666666,0.0034285747945553,114,0.0739296219422799
284252,0.1517160734149053,0.0020717958027576,83,0.1111389240106202
286077,0.269268156996587,1.726913543896064e-08,119,0.2387227962240964
28952,0.0212921212121212,0.0343741828533585,119,0.0376910017762638
28971,0.1991135506587914,4.16146249479761e-05,119,0.1342554471427549
28974,0.2196761322132943,9.436715797415913e-08,114,0.2254359808279132
28991,0.0616308720112518,0.0010267831870762,117,0.0898377851975321
29028,0.10649011868369,0.0043421588929241,119,0.0674429566787702
29086,0.0931514373088684,7.924410513952262e-05,119,0.1251422864198892
2961,0.236737802907916,7.194131263260699e-13,119,0.3571896096416921
29803,0.1864768792710704,9.498572044015087e-06,114,0.1612632863173081
29883,0.1440592988263617,1.9600589435084965e-07,119,0.2073370303837127
29889,0.1157100076760699,2.5608790008529846e-06,119,0.172924378895925
29911,0.1352598658318426,4.124631506793524e-06,113,0.1746056436327028
2992,0.2312649082568806,5.5295302444747186e-09,119,0.2530499431120697
29920,0.1551865527693579,0.0016939876209363,119,0.0811076761350478
29956,0.1832290316901408,2.444458643932363e-06,119,0.1735581932034006
30000,0.228748317586607,9.895309502819481e-17,119,0.4468136107954561
3191,0.0510727397260274,0.000207797237962,119,0.111391840113205
3297,0.1870371899886234,4.309328314385942e-12,119,0.3375218669756663
3337,0.2457206606217615,2.6283682409281818e-21,119,0.5372829352990083
3383,0.1905763224556697,6.034718145176353e-05,119,0.1290043480700111
340371,0.3215439197455346,5.094016923980344e-10,117,0.2863984444609826
3422,0.1991036690975386,7.89116947111199e-06,119,0.157476069926601
342979,0.2792409252971138,0.0001518281075875,119,0.1158815686523683
349565,0.115087871510057,0.0312299683086669,119,0.039046988276595
3556,0.1673511324914812,8.046634339834092e-05,119,0.1249249728302069
359948,0.1067031374501992,3.56981435172992e-06,119,0.1683881593650645
3609,0.1045652686447473,9.889855820600356e-08,119,0.216288343635882
3633,0.1439161485890652,7.839412177586498e-05,109,0.1362200613163985
3636,0.2208378617363345,5.4376782736030144e-11,119,0.3086841002231353
3709,0.1395169171940928,0.0019530956086793,119,0.0790421894186914
3726,0.1187741796664873,0.0074097139975226,94,0.0753741560338043
3727,0.1079434585942936,5.7063574741099066e-05,117,0.1319065747694953
373156,0.2501958984375,2.161100108724137e-07,119,0.2060520859625576
374882,0.1731799888694546,8.903038841637621e-09,119,0.2470878902609727
376497,0.1800753343083994,0.000154148086418,119,0.1156648986794244
3840,0.154335726718886,1.9591254245394915e-10,119,0.2936562244316122
3845,0.1261166757344939,0.0047342829418508,114,0.0690513228834115
387338,0.1990172836595143,2.7068580592765933e-08,119,0.233000422757278
389677,0.1100890983838956,9.157582403117727e-06,119,0.1554163344277701
390916,0.153826814159292,0.000259335893836,119,0.1082145861307889
3911,0.1598039290048543,0.0022659430467572,119,0.0768854532935333
3945,0.279385310421286,2.464661035236918e-10,119,0.2909325716660325
3963,0.4731189898198904,0.0029312809527678,55,0.1550996660175883
4000,0.2057498697916666,0.0010770873206037,119,0.087673093209886
4026,0.0815892097264437,0.0182310015478993,119,0.0467162191564047
405,0.1191983087942697,0.0060263194977993,109,0.0683686238847482
4061,0.3209258256029684,0.0001145548727862,114,0.1249264532341233
4067,0.0903960343787695,0.0403282389068382,119,0.0354419115004555
4071,0.2497313861043899,0.0099562222238459,74,0.0887133460186871
4074,0.1943713768115941,8.229255427992955e-10,119,0.2764660703549758
410,0.1244403666427031,0.0414108671394184,116,0.0359801539292086
4147,0.1211440938511327,0.0447689059202562,119,0.0339778899813265
414919,0.3771155176336745,2.5067238965509037e-10,119,0.2907314010990608
4154,0.0731755027173912,0.0029226004749722,119,0.0731905303789949
4218,0.2218975173879443,1.9942699198162965e-14,119,0.3949083373694718
427,0.1396252882517918,0.002406130638544,119,0.0760139377024063
4316,0.3124701688383188,7.558521863803509e-05,117,0.1278637664938128
444,0.1256269662921348,0.0002954817321132,119,0.1063407009321726
4482,0.147722055393586,0.0001235790688877,117,0.1207645285064058
4548,0.1385730443206587,0.0002623538573146,119,0.1080485064005658
4580,0.0776507642338555,0.0249640064446946,119,0.0422263864331367
4582,0.2015624570118456,0.0264087028525006,119,0.0414259705259058
4650,0.1410112767660596,7.784464621511831e-07,119,0.1890219368566643
4678,0.2172039256198346,7.649787528503909e-05,119,0.125642920104496
4715,0.0865733325719507,0.0276875518955526,119,0.040754013632086
4763,0.1885918138987044,0.0063363833654867,115,0.0640921594206754
4784,0.1776342312100867,2.567840657737368e-06,119,0.1728873846883729
4793,0.1636470852017937,8.229407995262195e-05,64,0.2228018600325082
4839,0.1678162542406705,2.1411210930533448e-08,119,0.2359903223460951
4850,0.2460653677462888,4.0307684209165784e-08,103,0.2590378617747654
4854,0.1487344155844156,0.0066973962520129,100,0.0726327533715874
4881,0.2180435084241823,0.0002388645333395,119,0.1093944430575193
4904,0.084477246505436,0.0003183765541689,119,0.1052680834975138
4976,0.2498835329341317,1.771424769383846e-22,119,0.5579937256444661
50484,0.2063273655378485,4.216388605930233e-05,119,0.134070546252973
5052,0.1750830578512395,5.937591167313914e-09,119,0.2521614157309181
5062,0.1889659740691489,7.924680245170253e-19,119,0.490238266771418
50807,0.1290547459375805,7.20305442018152e-06,119,0.1587368156568976
51026,0.1402784574468085,0.0197221913111351,72,0.0752341656827528
51029,0.1533966666666666,0.000854739157747,96,0.1121085063776883
51067,0.2172553263442678,1.3761319422787086e-07,119,0.2119764912487509
51068,0.1645473450057406,5.588628715501684e-07,119,0.1934553218264503
5108,0.1730094110314739,8.671174517169662e-07,119,0.1875744072923301
51097,0.1460655658143938,3.748673877800903e-05,119,0.13572756770623
51105,0.1603086191923578,0.0040522052204633,95,0.0854245808416633
51122,0.1221974189189189,0.0156183137483204,117,0.0497684724353237
51123,0.1323724500809498,0.0021589691860094,114,0.0809218519595568
51163,0.1264220623145399,2.289657490403393e-06,119,0.1744487379283887
51205,0.1586517816869642,0.0322335184252508,91,0.050497866460095
51279,0.1169161700536093,0.0108301772893097,110,0.0586099052436883
51287,0.2048466868198308,5.013063590320894e-05,119,0.1316275910226482
51290,0.2051298311727465,3.749708250899482e-07,119,0.1987666758262454
51295,0.2791177647058823,1.8042363599082303e-08,100,0.277489553606512
5130,0.2241705204707442,2.0129875842278985e-15,119,0.4178990082470711
51319,0.0823099375738147,0.0097581634110119,104,0.0636778156405514
51337,0.3123317834533944,1.4187357943166911e-09,119,0.2698412051163377
51400,0.1405788756810302,3.4471143354178536e-08,119,0.2299066015431944
51406,0.0868434884238646,0.0381195674850783,119,0.0362335531988197
51422,0.0762948875997099,0.0250073249503437,81,0.0619843228793652
51435,0.1988383062254627,0.0030951145497725,85,0.1006288194264855
51439,0.1177385361276196,0.0023988416287603,66,0.1350802479049633
5144,0.129383893129771,0.0159213693809097,78,0.074081488641119
51473,0.2041473067915691,0.0006008048408125,115,0.099358584337269
51477,0.2225183800623052,7.288084856548423e-05,119,0.1263301555194235
51522,0.273601625526791,2.857377235105364e-11,119,0.3161141602622546
51530,0.058101850843767,0.0440044131529674,119,0.0342188904856197
51585,0.0955195384947163,0.0004951718335157,119,0.098907720936597
51599,0.1842628900949796,1.702970963626887e-08,119,0.2388999347721063
51663,0.0476574823943662,0.0293255041872637,119,0.0399384207588867
51667,0.1849034582893346,8.723435581184747e-10,119,0.2757594014689929
51714,0.1670238265002971,1.5115329057612398e-05,116,0.1520623876300446
51726,0.1873769789803219,1.0288117221529228e-10,119,0.3012460113678403
51741,0.1708015120967742,0.0001453349065915,104,0.1325299140363693
51742,0.096200140593047,3.1569725019922683e-06,119,0.1700688648096456
51773,0.150115322580645,1.9100189934918743e-08,119,0.2374430564497902
5184,0.1327816500415627,6.3570077623651535e-09,119,0.2513087526837906
5214,0.1484202909647779,0.0043535830567255,119,0.067404822910183
526,0.1253382829541913,5.455981335292036e-05,119,0.1304308267398539
5269,0.1315762031594416,0.0034969029212732,119,0.0705856507387856
528,0.1862009881422924,1.2780671253276941e-08,119,0.2425334182980469
5290,0.1182794051310967,1.8969730779738669e-06,115,0.1826852699445269
5291,0.1260346483129091,0.0006169423028634,114,0.0998052383273193
5296,0.1234483542857143,1.9586328741104554e-05,117,0.147170283734815
5298,0.1686497723292468,1.1017419910487916e-08,119,0.2444065882893329
5300,0.2164047813996602,1.000395298031198e-26,119,0.6256965903413436
5339,0.2598543799772468,5.913002069470605e-11,119,0.3077108279623728
5359,0.1946733015160022,0.0171340139887325,119,0.0476058760986131
54108,0.1258659391029138,0.0015348641467862,116,0.0846252120094075
54165,0.2164897377285851,1.2967930398238042e-16,119,0.4442766403248477
5437,0.1893327268316351,7.779605207312167e-13,119,0.3563418154632556
5438,0.0672366798490023,0.0053916757818668,119,0.0643020794765388
54464,0.1097886250690226,3.842915561866389e-08,119,0.2285119484504377
54477,0.249276644245142,8.228963262226723e-11,119,0.3038597058078636
54545,0.2336071302816901,3.2775145563336394e-11,119,0.3145364566917259
54555,0.1174178563952271,0.0003514133667354,117,0.1055626172451611
54583,0.1006512281659388,0.003368900399987,119,0.0711270820348097
54802,0.1288374495967741,0.0039482810681663,78,0.1041867767002993
54815,0.1265706679679028,9.666289675953728e-07,119,0.1861144215737492
54845,0.2068928193408706,1.1161814816015904e-11,119,0.3268326005655726
54850,0.1312903379549393,0.0008510034355177,70,0.1519507960441976
54862,0.2393648081924577,1.199492166749135e-15,119,0.422970604365561
54888,0.2170272727272725,8.617825344192833e-14,119,0.3797778596217857
54892,0.1493224858757062,8.916505546070862e-05,109,0.1342444841736547
54901,0.2018119827395441,1.854914669541979e-13,117,0.3767853773497492
54915,0.2001886942675159,5.7563085646165246e-08,119,0.2233076735290515
54927,0.0620508733624454,0.0216905453125112,119,0.0442306577801718
54929,0.1227813274793388,0.0001856147775223,109,0.1229387799768447
54965,0.1362411094224923,0.0002485458682148,103,0.125019820732683
55003,0.2010798916315471,3.911960976722933e-10,119,0.2854213839268025
55020,0.2092477401129943,0.0002335512311435,119,0.1097170778884426
5504,0.2041380374862183,5.027656469600408e-17,119,0.4531164017782337
55074,0.2042047892720305,1.6578021563189866e-09,119,0.2679367542628225
55094,0.2240374999999999,4.4731337780759295e-11,114,0.3223558977346092
55095,0.2323527310257225,8.259331594620541e-15,119,0.4038484073382622
55100,0.1481403204449152,1.5013455454410889e-06,119,0.1801750568972423
55131,0.1815914196191852,2.6851430562233152e-08,119,0.233103310903855
55140,0.1260677992607336,1.333022745136889e-06,119,0.1817826143009886
55179,0.1261536,0.0036331005632214,117,0.0712094676463087
5520,0.3433422830923249,5.9477881752025355e-19,119,0.4927115966554212
55201,0.2144630962612805,3.708063946464626e-15,119,0.4118589171676428
55204,0.2125968739439,6.75696187957835e-08,119,0.2212347398806327
55246,0.254916363377879,5.254687722964004e-15,119,0.4083848042550406
55295,0.1079978866474544,0.0057671825730624,79,0.0948203327674006
55297,0.2769335244417623,1.407067075964472e-13,119,0.374628168987432
55322,0.2303074824419232,7.71967058563898e-06,119,0.1577798206257292
55324,0.2089104066410008,4.18968037183282e-15,119,0.4106442358674271
55326,0.1754520258863252,6.728197641735605e-05,119,0.1274635182546949
55341,0.1277722067039106,8.640612830423718e-09,119,0.2474636788866842
5538,0.2283486614331723,3.74745213468605e-06,119,0.1677233035509922
5547,0.1221082346832814,0.0055479085940728,119,0.0638878259769376
55486,0.2837536212704523,6.02811367987417e-11,119,0.307486721236082
55500,0.2407905019757061,5.429167850247995e-08,114,0.2328383571454289
55544,0.1653872657295849,0.0009881900201981,119,0.0889207096652381
55588,0.1358137553768467,0.0003169852572999,111,0.1126423658412367
55621,0.2530626426989266,3.98732205878016e-11,119,0.3122759107296807
55624,0.1479838028169014,9.821311433481148e-05,116,0.1251082623388206
55636,0.1328655750190404,0.0084064174847978,84,0.0816775618499139
5566,0.151229347826087,3.4149209947034015e-08,119,0.2300268908114278
55669,0.1443985562517025,3.88693099577163e-06,119,0.1672227171697429
55687,0.2267846555323589,9.269382327162958e-06,101,0.1808906135935407
55700,0.1496148275862069,6.949278262188757e-06,119,0.1592320359778897
55723,0.2336460903873744,1.8069287063838333e-05,105,0.1641683256872285
55738,0.2248570948336873,4.72071676446624e-10,119,0.2831681730536587
55746,0.0553171086508753,0.007928196579618,119,0.0587155619228434
55750,0.1930259933380918,1.418702158365828e-09,119,0.2698414947119263
55756,0.1119008139534883,0.0002351774140383,113,0.1152125356574563
5584,0.1923605745721271,7.28431469634475e-07,119,0.1899119539500532
55846,0.0938635399673735,0.0272763176470746,101,0.0482689522960494
55850,0.1746813334703102,6.489148473894033e-07,117,0.194454614757414
55856,0.1771551574375678,7.598161622865028e-06,119,0.1579990919929067
55872,0.2053863471424251,0.0021877858516729,113,0.081421340866513
5589,0.1766770624215809,2.6675739590065585e-10,119,0.2899916052931237
55907,0.3863047752808988,5.9618436317544435e-09,119,0.2521105183133338
55909,0.0912233333333333,0.0263367533592151,63,0.0783065602482506
55929,0.0691611415070877,0.0075154599433171,119,0.0594894253775887
55974,0.1820629255989911,0.013220399420268,59,0.1029543780658565
56342,0.0923225574065736,0.0003162655102114,119,0.105363727941819
56829,0.0856777791878173,0.0001884669138221,119,0.1127901203246031
56850,0.0680936191335739,0.001073096532491,119,0.087726866459785
56893,0.1942988354898337,1.4471522206233719e-09,119,0.269598931727479
56897,0.1855667523879501,4.1111541998060746e-10,119,0.284826535683499
56922,0.1007939323929961,0.0056504433659553,119,0.063622272707732
56943,0.0473592230070635,0.0485125417107688,119,0.0328563371602095
56957,0.2001788496213487,9.72766991320227e-07,113,0.1950742413093793
56987,0.1293293350963354,0.0001787913834932,117,0.1154083909557669
57018,0.082586561392201,0.0381047100548964,111,0.0388583326668645
5704,0.0382087422087262,0.0007124777122354,119,0.0936538012830986
5708,0.0808481319747695,5.398466816969064e-06,119,0.1627122591459404
5714,0.0390663415414134,0.0059152280510284,119,0.062958287306721
57153,0.1944739069983007,3.2615259543341385e-08,119,0.2306158354716178
57180,0.122119154334038,0.015767560611829,96,0.060432364768691
57326,0.2628516918789809,7.946486283070035e-06,119,0.1573794845149243
57380,0.2292068660360084,1.8624357986408285e-06,74,0.2722975532044708
57459,0.109344893397524,1.6637438517893283e-05,119,0.1471155895369934
5747,0.23352775,1.8191707556384277e-15,119,0.4188941485710424
57473,0.2638900741489721,7.911896847291135e-09,119,0.2485693127692808
57488,0.1364403959231674,1.0530723308930877e-08,119,0.244975829264598
57530,0.1883799299474605,9.882990529897264e-05,119,0.1220031722218171
5754,0.0892579791943337,0.0085239901847124,119,0.0576672283836559
57552,0.1579821851749793,0.003532539914689,119,0.0704384400788059
57572,0.1264188106796116,2.1736878773492806e-05,119,0.1433793812176316
57592,0.075800290866783,0.0134083596592184,114,0.0533597575666361
5763,0.2049535821492896,2.48513411418588e-06,119,0.173333425901067
57655,0.1317910909693821,4.452919790468575e-05,112,0.1411898979133486
5777,0.1121123129115945,0.0009205263029692,119,0.0899476378717628
57794,0.1291423305714893,4.3214119917931373e-10,119,0.2842286674252735
57805,0.2637748698315466,2.409595985320845e-18,119,0.4805409683841187
5786,0.1659897477931904,1.9167361704622782e-10,119,0.2939152484066955
5792,0.1803260188087774,1.1429058900213196e-05,119,0.1523429345044454
5806,0.3533230410447762,0.001875301705484,105,0.0900037849866611
5830,0.1241362874502409,2.5273377484872015e-08,119,0.2338765980601614
58513,0.1589601077629214,1.2757176891820426e-10,119,0.2987198517582399
58525,0.1978020475113122,2.9737640167778515e-09,113,0.2727749418221945
586,0.2169235482220518,0.0288654519459186,119,0.0401626800503414
5862,0.1670001865207658,2.9461488178559157e-10,119,0.2888085643381576
5870,0.1345979287875261,8.87472227138851e-08,119,0.2176974369090329
5886,0.2448055303412338,2.7351464045393168e-17,119,0.4587230433297801
5912,0.1029955160999097,0.0368453719377408,119,0.0367121220030672
5922,0.080264993153811,0.004408781997073,114,0.0701279933186669
5925,0.2919359437250995,1.595947380765633e-08,119,0.2397229689182983
5927,0.060870395614165,0.038035818302755,110,0.039240111434349
59286,0.1895119233135123,2.0023126679647384e-14,101,0.4479160156608065
5965,0.1602754374158815,1.4131308179977586e-07,119,0.2116293035776379
5976,0.1428185351270553,5.071538414816928e-17,119,0.4530359562513699
598,0.1512896385542169,0.0041732972138833,119,0.0680186532261071
5984,0.1342328267477203,1.9633046486249305e-05,119,0.1448033414763819
5989,0.1746444361277444,4.0176373883679115e-10,117,0.2892797560218866
5993,0.1463860724779628,0.0015043486596153,114,0.0863789268490509
6009,0.2378422110552764,8.568166607336253e-14,119,0.3798383173103417
60412,0.0392854362262422,0.0079329707754958,119,0.0587068498878815
60492,0.1970565925925926,1.885547046848436e-09,119,0.2663590551556177
60493,0.1627279066834804,3.726637781903071e-05,119,0.1358105998128206
6183,0.069298426966292,0.0063133314625729,119,0.0620141840812918
622,0.3057108570973392,4.3758616712121e-08,119,0.2268426091593895
6239,0.0936740963855422,0.0005431889156127,116,0.1000177346764408
6271,0.5509474256475856,0.0004054278928468,119,0.1017898344810795
6277,0.224703693636073,0.036242376206596,119,0.0369445897680177
6284,0.2717058842340902,0.0001365288215058,119,0.1173982667353552
6305,0.1402544140969162,6.57051530240363e-06,116,0.1638671520376153
636,0.255759266148123,1.2909518373716585e-06,119,0.1822157092621134
6389,0.1238887358757062,2.601170185255988e-05,119,0.1408638462790511
63898,0.2212460579619818,5.0098309306778695e-06,119,0.163739792476389
63915,0.0770597901734704,0.0009273111767112,116,0.0921029587811846
63933,0.181343806964244,1.5756602172736325e-07,117,0.2134514237243918
63971,0.0895572969187674,0.013770915586736,107,0.0564048316627274
64073,0.4660263619822328,1.0928881463589166e-05,104,0.1734891033957494
64083,0.1729582219419924,5.1078576611338e-08,119,0.2248502533064419
64121,0.1527322091062394,1.0217252368965394e-09,119,0.2738408206680233
64216,0.2435562391033622,2.692508499546751e-10,117,0.2941131745179841
6434,0.0991600428313796,2.609551026322865e-06,119,0.1726677877280248
64434,0.1852966853207061,1.7554506322613548e-06,113,0.1867606845492173
6464,0.1289053629690049,0.0014056278771594,117,0.0852141034112964
647024,0.1740979202279202,0.0002875050879819,106,0.1193068866709018
64743,0.0605816770186335,0.0080403377760122,119,0.0585123073167412
64754,0.2302587585481326,3.990070132193442e-07,115,0.2042061728990543
64778,0.098623799837266,0.0054930429794607,119,0.0640319531427511
64798,0.1838123166093098,2.8667024863673005e-05,119,0.1394997610053054
6480,0.1551531115879829,0.0018379175820829,119,0.0799243419105271
6482,0.1657790010741138,0.0208656063160231,88,0.0605207804910202
64834,0.2433775390345222,7.065943908464441e-08,110,0.2367497901314327
648791,0.2064678947368421,0.0043403227536105,84,0.0949969679540269
65095,0.2536089696777266,3.718876964108679e-15,119,0.4118299812778505
65123,0.0663074826560951,0.0148940087474919,119,0.0496177306360696
65125,0.1644631812998859,1.9745780481276378e-08,119,0.2370205088829226
6513,0.2473822720213003,0.0009444136161567,119,0.0895767671805655
6522,0.1497088362068965,4.345681611913798e-05,119,0.1336445369698871
65265,0.2046909326052593,4.2479697255472073e-05,104,0.1521765385655297
653519,0.0987945217391304,0.0048998354115657,119,0.0656896173477091
6596,0.2029191102921821,6.297690447051241e-09,119,0.2514259195914706
6597,0.0658473289994347,0.0215269503793398,119,0.0443387838020795
66036,0.0801792402826855,0.0181822734773258,98,0.0567381332906513
6641,0.1665514755857628,6.514158438935774e-06,119,0.1601242271466703
665,0.1312159090909091,0.0224176532005513,54,0.0962583108858069
6674,0.1990900471142521,0.0046041882552157,73,0.1076275954387
670,0.279219893558451,6.081340475264135e-10,119,0.280121022666148
6713,0.1694455284552845,0.0004448278473301,119,0.1004535809707835
673,0.116188293985385,0.0004854745877827,107,0.1099332185542648
6742,0.2483033847570803,5.3230812916669706e-11,119,0.3089312712765533
6745,0.1345563541870954,3.222535037545197e-08,119,0.2307698872282715
6829,0.1824515499070055,2.1916849496081662e-11,119,0.3191548273490248
684,0.2449724177666039,1.176747667024337e-06,119,0.1834655517782629
6873,0.0558007102531415,0.0256189356674429,117,0.0425731264549205
6874,0.1075346169772257,0.0049697532981247,107,0.0727232379697627
6894,0.2684022927689594,1.3006057565716245e-07,103,0.2421209988728431
6905,0.1294693045256968,2.3215663524339785e-05,119,0.1424578089999305
6917,0.1767685615199034,7.553404565496362e-07,119,0.1894258782696933
7001,0.1653110669597565,1.3841255681749366e-05,119,0.1496800706961474
7037,0.2157795479603086,0.0004194728671596,119,0.1012992631893491
7059,0.1216800534963699,0.0403413525010167,119,0.0354373464042795
7095,0.2032202166064982,2.915496079662529e-09,119,0.2609942047166972
7165,0.2543261206606,2.380396445548377e-11,119,0.3182093091133567
7167,0.1808907544526716,2.4146176283342788e-08,119,0.2344586541832294
7171,0.1176283791415662,0.0031489892245115,119,0.0721072240470745
7172,0.1847961595273264,3.551423577479043e-05,119,0.1364886256801643
7204,0.1477988691852995,9.128346890447565e-08,119,0.2173310406959913
7227,0.1649037290535756,0.0003663611017307,113,0.1085387899895845
7257,0.1046395569620252,0.0008115650852307,119,0.0917707190948904
727957,0.3930186708860763,6.754112097598069e-15,117,0.411247446781792
7297,0.0881559322033898,0.0120156060219949,77,0.0811871363457245
7328,0.1823439964157706,3.1532041514678807e-06,119,0.1700851850399974
7355,0.1013884908536585,0.0033108553659868,87,0.0970573879479361
7392,0.0971211050724637,8.714721606014749e-05,117,0.1258120093591943
7405,0.0706847607361963,0.0111001510457185,113,0.0566916255597774
7486,0.1115671466548515,0.0348538347311837,81,0.0551363184150585
7534,0.2826349447513811,6.738563970908773e-16,119,0.4285686538829565
767,0.204041763678696,0.0349741930026659,114,0.0390927054982908
7675,0.2592787124463518,9.66021815726844e-09,102,0.2815709545591952
7705,0.1391476281287246,0.0002135547728633,68,0.1888050896000705
7791,0.0746107421875,0.0417809131357711,119,0.0349453308468723
79016,0.0745363597246127,0.0203005410910885,116,0.0463430403908107
79033,0.1503215742352648,8.651876524383783e-06,119,0.1562029109557042
79053,0.1260102475379291,0.0417621915980306,105,0.0396294548532281
79078,0.2734207653550863,8.007185840870059e-14,117,0.3857047448503446
79087,0.2635092281879194,4.538043028439263e-06,68,0.2744947493950546
7913,0.1644907680945346,1.5645466733577838e-06,119,0.1796170126628608
79139,0.1601988808227464,8.531922611054227e-06,109,0.1697587269294858
7915,0.2310837785016287,1.3168135054071504e-05,119,0.1503739182002748
79169,0.1484901358112938,3.761774899043829e-05,116,0.1390027093244318
79171,0.1634898818051575,0.0002113515500779,119,0.1111488386616508
79174,0.151134363767074,0.0080721042622234,116,0.0599529687804546
79572,0.073752114924182,0.0122273109186299,100,0.0623542757778959
79666,0.1848097551546391,2.023678112199497e-06,117,0.1789104686731563
79709,0.1737879006913891,7.876739094848351e-06,119,0.1575013759116331
79717,0.269309096960284,1.0199374051114724e-08,119,0.2453784001652782
79718,0.2012522617773019,8.949130071236441e-10,119,0.2754496781159531
79731,0.2602549029417649,6.46282333583427e-14,119,0.3827814572395404
79753,0.13569023982701,8.217600205705873e-10,119,0.2764832368860445
79792,0.2202291009463723,6.626372436163333e-07,119,0.19117930003806
7984,0.2437232276657059,4.859222613819266e-15,116,0.4173239254470042
79888,0.150737529384109,0.000202931980278,119,0.1117312350984799
7991,0.1792026711996113,0.0172265865453741,93,0.0607596540130243
79912,0.1471343062347188,0.0019425699391747,109,0.0862196776058297
79932,0.2658870860927153,7.626370332553564e-11,117,0.3091465416615097
79939,0.1483400352494576,9.06877970331568e-06,105,0.1748252154528855
79977,0.1362191347753743,0.0002332915711977,119,0.1097330309523103
80005,0.1295978526110297,0.002440642106528,108,0.0833719826337384
80222,0.3195058731265249,1.4198881276377726e-11,119,0.3241036643339142
80227,0.0807335341102527,0.0189463530578791,114,0.0481843298766504
80305,0.1271597916666666,0.001532290835194,99,0.0988007642897386
80308,0.1121675159235668,0.00139340241357,119,0.0839410997702566
80331,0.1921590158409168,2.6381096548939703e-06,119,0.1725194207078731
8078,0.2301471883129878,2.7803248761577367e-16,119,0.4370600982501769
8079,0.1585318619418272,4.707975374655995e-05,117,0.1346655283555062
80851,0.165488474350433,0.0021390442813982,58,0.1561776764943738
8087,0.1901544828391313,6.557402175652704e-13,119,0.3581923887428788
81,0.2314864669247602,8.166260536591416e-16,119,0.4267090098284207
81034,0.1797496807661612,0.0001615692521601,93,0.1455093520342915
81037,0.2140403679653679,5.3595358752663495e-11,117,0.3132960226786577
811,0.1289099633455515,4.802543094688501e-06,119,0.1643205158803196
81502,0.2454985693848354,8.119440984814558e-07,119,0.1884568473386887
81567,0.1595536477740732,0.0001075827020601,119,0.1207952560572865
81570,0.1099736853448275,1.5188522202541451e-06,119,0.1800181921654261
81609,0.1235121541155866,3.835190470579592e-07,119,0.1984674527901876
81611,0.1589731613802718,0.0010385949838005,119,0.088200229671405
81858,0.1659036746302616,6.629318448762123e-06,119,0.1598824991781586
81890,0.1317993570722057,1.5842949427835121e-07,117,0.2133788265301064
8301,0.0637302866242038,0.0083569463334334,119,0.0579535127508894
83481,0.3036111585944919,8.341522917098396e-07,119,0.1880947425629213
835,0.1283174770965468,3.052676420479542e-07,117,0.204623968737463
83590,0.1817803452334249,2.9023870077160973e-09,113,0.2730861814124624
83642,0.147174102079395,0.0104966618392222,106,0.061309222784783
83696,0.0737647813590638,0.0003530873887337,119,0.1037797390346529
83732,0.2335666112784297,3.5693229404520237e-11,114,0.3250343318759773
83940,0.2097938670625856,2.574662087792783e-07,119,0.2037433203175589
84062,0.0983723103171417,4.909360150562135e-05,119,0.1319229008944629
84079,0.1803725,7.530025045467387e-05,75,0.1943809187302636
8416,0.2100918507787033,0.0490509585756935,117,0.0332640691855198
84232,0.1770201812917033,1.9661613823839574e-07,112,0.2189789388884602
84233,0.1657611111111111,2.722337649998064e-09,119,0.2618404082501169
84245,0.2820044622425631,1.075893777265599e-12,119,0.3528170503156345
84248,0.1604582842122032,4.17367050480146e-06,119,0.1662470460827511
84261,0.2136547587791269,3.15762728326867e-07,85,0.2716132816188471
84284,0.3146883954533439,1.5447449735243332e-10,119,0.2964654526834412
84292,0.0604099470276633,0.0329417363075807,91,0.0500983811316548
84294,0.1825667800025185,5.233012673573057e-05,106,0.1462124163900341
84306,0.182825431455552,5.826809789376486e-06,89,0.2113832682231649
84320,0.1452972727272728,0.0001035282766075,119,0.1213421920217102
8443,0.1222679215270413,0.0004350267392634,119,0.1007746675756008
8454,0.1156069127516778,4.0643190306079854e-13,119,0.3633446558896169
84619,0.2767285964604871,9.633859828541704e-09,116,0.2517031262876769
84705,0.2206418824352693,0.0003566849090934,67,0.1792923211923102
8476,0.1486764199192462,3.877261860932089e-05,119,0.1352524694926843
84859,0.0928262459546925,0.0001323991651137,119,0.1178365803635652
84875,0.2250125142207053,1.95892126861388e-12,119,0.3462538219440697
84886,0.0933236650824713,0.0330870621854609,117,0.0388845904912662
84920,0.2013449008498584,1.292390408178975e-05,117,0.1530528012149237
84955,0.2209702522704338,7.431209248891917e-19,119,0.4907934396147095
8496,0.1391690533614711,0.000106521530972,119,0.1209364086194586
84991,0.0670794275075634,0.0008890482310822,119,0.0904512627566134
8500,0.1773886334336054,2.4252326877690398e-12,119,0.3438997173014287
85415,0.3108033906399237,4.5695364091750105e-11,119,0.3107001260021427
85441,0.1423895923167386,0.0067741664626598,111,0.0653401211786181
85453,0.2305756443634469,0.0035884906643569,119,0.0702102898254622
85476,0.2384927254098361,6.538337350063275e-09,119,0.250957143478983
86,0.1318850374732333,2.503746408485367e-07,119,0.2041119757777196
8625,0.1164876783398183,0.0023800780042779,54,0.1640612398209018
8644,0.1755661742783574,0.0026021163257336,116,0.0767780145037803
8666,0.0729511481314723,1.3536734568659166e-05,119,0.1499897429192416
8677,0.1421045474325501,2.04617822297518e-05,107,0.1593923281485831
8694,0.1580806370875995,1.100915771702381e-06,119,0.1843634076327589
8706,0.2770055849056602,0.0315426829440412,54,0.0858492316442046
8725,0.1074013954997836,8.44607545203129e-05,115,0.1283574587193483
8726,0.1041670304365239,0.0027686346805549,119,0.0739763506075799
8737,0.1154935033951183,7.979903542994739e-08,119,0.2190780612606713
8743,0.3921268260641092,9.804718628143844e-06,81,0.2204162231812151
8761,0.2192262265917604,6.76420385493208e-10,119,0.2788370459403327
8772,0.1001612032212221,0.0018157448088558,116,0.0821281189344316
8799,0.1544446086956521,8.486641355094736e-05,119,0.1241688189006051
8805,0.109843909626719,0.0034731698504594,119,0.0706845237262852
8833,0.1570701479547432,3.13549736040692e-06,119,0.1701621294435383
8891,0.1065650024900398,6.133564270878139e-06,119,0.1609542528452867
8893,0.0633903994225216,0.0151047474717906,119,0.0494157847838597
8907,0.0743107011070111,0.00019692910006,119,0.1121612829213836
898,0.3201172323759791,0.0003082063716174,48,0.2487813003438156
8991,0.266121795325779,0.0006466181061186,119,0.0950555307473692
89953,0.1663816511730854,8.803210692369601e-08,119,0.2178026112260467
90268,0.1654521488397639,2.563690061393945e-07,116,0.2085806201680438
90378,0.1484530070754717,0.0037494032160261,69,0.1186695876546668
90441,0.1158082028337061,0.0004063634848878,117,0.1034386369115162
90459,0.2770324977210576,2.5568072828545684e-15,111,0.4382239276695249
90522,0.0995200944881889,0.0067399546054401,87,0.0832041246585154
91289,0.1813068189625559,0.0007811578298609,119,0.0923230947512551
9129,0.0768079295921923,0.0046073390341517,119,0.0665826976925646
9141,0.2479964171974523,1.1176654399606868e-11,119,0.3268175640016686
9149,0.2341869967893306,2.1777416019469506e-06,91,0.2238650710901213
9166,0.2227386600695373,9.784917773523353e-08,103,0.2462620083097728
91782,0.1956578378378378,5.83817034453431e-10,112,0.2955968250728648
9181,0.128199498027967,0.0001387339533047,119,0.1171695676289832
9197,0.2528541222254252,3.0117841194468786e-10,117,0.2927629553924282
92092,0.1304747588832488,3.408981052967462e-05,119,0.1370646733721099
92140,0.2082486909823226,2.8543321683149402e-15,119,0.4144535924703599
9231,0.1516174422799422,4.758056213703079e-07,83,0.2701873084398114
92609,0.2719275805951642,2.9629951040645254e-18,119,0.4787182932340762
9276,0.0728450615430801,0.002082286501522,119,0.0781124843714472
928,0.1530402019230769,1.8238508351912872e-05,119,0.1458329265977462
9319,0.390085993408663,2.8669547427574864e-12,119,0.3420493971227182
93323,0.1741070362473348,0.0017088437788247,68,0.1394550517404363
93343,0.1542506075843284,5.224481813979322e-08,119,0.2245590820735773
93436,0.1510260850880962,1.306264035435439e-07,119,0.212657959721194
9371,0.1306772613065327,9.720941227925384e-05,119,0.1222383860575558
9425,0.2118784413145539,9.482972524870912e-12,119,0.3286749381896415
94274,0.4192020101171458,2.2460457289927955e-06,97,0.2107834960728638
9445,0.2443974412616671,8.838938636372857e-07,119,0.1873170457377897
9453,0.2858794222903885,7.507115151875878e-14,119,0.3812198168593538
9521,0.19081614041969,4.277016068548277e-09,119,0.2562471906144583
9524,0.2639365932642485,4.652475061181497e-13,119,0.3618929728582422
9545,0.1470764890282132,4.421709838565713e-05,119,0.1333998458381415
9554,0.1012737391304347,0.000316992522812,119,0.1053307180737003
9557,0.0789444347826087,0.0263687232480584,119,0.0414475113061909
9601,0.2406155826310004,5.774799286210603e-12,119,0.3342514962382574
961,0.2234013199577613,0.0006983486988032,119,0.0939433389246628
9639,0.2525321333333333,4.488845488986825e-05,63,0.2405708801571333
9670,0.0915761239368165,0.0118102707688952,108,0.0583149972429777
96764,0.2449435230024212,2.332475563637825e-07,116,0.2098527413725456
9682,0.1233470611388087,1.5221779487830274e-05,117,0.1507409029090735
9684,0.329889385665529,3.416964884062944e-10,119,0.2870393919784028
9690,0.2081733045977011,1.1846638528065104e-15,119,0.4230919276765031
9701,0.2020174657534247,0.0081787197237198,61,0.1126711220307636
9718,0.1965589757412399,0.0044094893718767,81,0.0981129608133692
9725,0.1470675288842904,0.0003778040806341,104,0.1170734091243356
9757,0.0994352194492255,0.0298352632992774,71,0.066563438752786
9762,0.153071978021978,0.0312269884237591,49,0.0949632536388619
9777,0.1095112048192771,0.001130257060502,119,0.0869750056068505
9789,0.100013868174164,0.0033976827732661,119,0.0710035636701406
9791,0.1659752684236212,0.0004529417397555,119,0.1001930391698621
9817,0.1466912119575004,3.195019350502444e-07,113,0.2105587165547428
9828,0.0882972481136263,0.0010795919566302,119,0.0876394461047153
9846,0.2113664647294383,7.47283956417208e-08,116,0.2250330834951754
9847,0.2120016853932584,3.1138553753439914e-08,119,0.2312091702968699
9859,0.0723706766055045,0.0205911682962151,119,0.0449738567364444
9869,0.0774903329935439,0.0037305563182865,119,0.0696466223867838
9873,0.1180384257206207,9.851311062260744e-05,116,0.1250638757764993
9885,0.2024183858643744,5.548008891928526e-10,117,0.2853595034945787
9967,0.0799299116375258,0.0001065882403336,119,0.1209274942872746
9972,0.1769974150664697,1.905298563739887e-12,119,0.3465592155939728
9997,0.1933510806916426,0.0001314017861497,116,0.1208652383733851
