Biomarker_AMP,Biomarker_AMP_HGNC,BiomarkerCluster,BiomarkerCluster_HGNC,TargetGene_AMP,TargetGene_AMP_HGNC,OncogeneAddiction,Beta,T-stat,P-value,EffectSize,CI_Lower,CI_Upper,n_Lines,MeanCNA,MeanEffect,PredictedEffect_CNA2,MeanEffect_CNA6plus,DeltaEffect_CNA6minusPred2,FDR,Pair,Biomarker_Unified,Biomarker_Unified_HGNC,TargetGene_Unified,TargetGene_Unified_HGNC,CNA_P_one,CNA_Q,CNA_EffectSize,CNA_Delta,Expr_P_one,Expr_EffectSize,Expr_Delta,Validated,In_SynLethDB,In_ISLE,Novel?
208,AKT2,"208, 5704, 8857, 9149","AKT2, PSMC4, FCGBP, DYRK1B",151648,SGO1,False,-0.03535789483,-4.72740793,2.27e-06,-0.09727445715,-0.05001713335,-0.0206986563,17,5.142457067,-1.095177156,-0.9840664894,-1.455480369,-0.4714138793,0.001160103678,208_151648,208,AKT2,151648,SGO1,1.17e-05,0.006586720232,-0.09296084807,-0.4343362125,9.14e-05,-0.6627566356,-0.4838164443,True,False,False,True
208,AKT2,"208, 5704, 8857, 9149","AKT2, PSMC4, FCGBP, DYRK1B",284459,ZNF875,False,-0.0386282735,-8.568924135,1.04e-17,-0.1466544851,-0.0474636913,-0.0297928557,17,5.142457067,0.08974411405,0.2111318051,-0.1767726369,-0.387904442,8.78e-14,208_284459,208,AKT2,284459,ZNF875,3.6e-16,1.74e-12,-0.1407546892,-0.3654857627,0.02248819794,-0.7631003227,-0.3762907588,True,False,False,True
25852,PIK3CB,"25852, 349565, 51163, 5291, 55179, 5947, 9276","ARMC8, NMNAT3, DBR1, PIK3CB, FAIM, RBP1, COPB2",4605,MYBL2,False,-0.1147020015,-4.540704104,5.61e-06,-0.4553374867,-0.1642123388,-0.06519166415,17,4.235294118,-0.4623875345,-0.2059948253,-0.7140389729,-0.5080441475,0.002413848492,5291_4605,5291,PIK3CB,4605,MYBL2,4.6e-05,0.02030203814,-0.4422209081,-0.5230601084,0.002494499112,-1.183353253,-0.3904606148,True,False,False,True
444,ASPH,444,ASPH,102157402,AK6,False,-0.1791568982,-3.996946412,6.42e-05,-0.404381295,-0.2670092314,-0.09130456498,17,4.235294118,-1.059285764,-0.658817403,-1.500929717,-0.8421123136,0.01493476267,444_102157402,444,ASPH,102157402,AK6,8.11e-05,0.031216346,-0.3778907417,-0.7924714538,9.11e-07,-0.4276723188,-0.6006469594,True,False,False,True
528,ATP6V1C1,528,ATP6V1C1,102157402,AK6,False,-0.1427579587,-4.599336838,4.24e-06,-0.3222239767,-0.2035929154,-0.08192300195,17,4.058823529,-1.059285764,-0.7653723193,-1.500929717,-0.7355573972,0.001929939854,528_102157402,528,ATP6V1C1,102157402,AK6,1.08e-06,0.0009628704432,-0.3344337771,-0.7426107051,0.003300070612,-0.7456921091,-0.7371269131,True,False,False,True
636,BICD1,636,BICD1,8773,SNAP23,False,-0.2112383256,-4.158749103,3.2e-05,-0.3555745678,-0.3107921819,-0.1116844694,17,3.852941176,-0.6531398242,-0.2617276325,-1.316672665,-1.054945032,0.008893238079,636_8773,636,BICD1,8773,SNAP23,1.35e-06,0.001165986649,-0.3838982551,-1.227582813,0.0366478107,-0.7229150823,-0.9376829424,True,False,False,True
9684,LRRC14,"414919, 9684","C8orf82, LRRC14",51575,ESF1,False,-0.09511114284,-4.384538225,1.16e-05,-0.3342366636,-0.1376274593,-0.05259482643,17,4.764705882,-0.770089767,-0.5071354309,-1.082374971,-0.57523954,0.004249676069,9684_51575,9684,LRRC14,51575,ESF1,1.75e-05,0.009309593664,-0.3419692007,-0.5798640604,0.04456431246,-0.721527571,-0.4991260337,True,False,False,True
55297,CCDC91,55297,CCDC91,8773,SNAP23,False,-0.2025505244,-5.156377093,2.52e-07,-0.3409505115,-0.2795409628,-0.125560086,17,4.117647059,-0.6531398242,-0.2242093018,-1.334297093,-1.110087792,0.0001959227086,55297_8773,55297,CCDC91,8773,SNAP23,1.29e-09,2.54e-06,-0.3561246246,-1.284622479,0.001236183051,-0.8908337715,-1.211935658,True,False,False,True
8725,CCNE1,"8725, 898","URI1, CCNE1",51244,CCDC174,False,-0.0265518525,-4.720201962,2.36e-06,-0.1095040848,-0.03757694741,-0.01552675759,17,5.596795155,-0.7824648564,-0.686963282,-1.054279914,-0.367316632,0.001191476597,898_51244,898,CCNE1,51244,CCDC174,6.76e-07,0.000647487837,-0.1225302294,-0.3211439745,4.41e-05,-0.6307049638,-0.3429610827,True,False,False,True
8725,CCNE1,"8725, 898","URI1, CCNE1",898,CCNE1,True,-0.08910577197,-7.405633061,1.31e-13,-0.13970453,-0.1126883749,-0.06552316905,17,5.596795155,-0.6425779353,-0.3220827264,-1.494231957,-1.17214923,5.28e-10,898_898,898,CCNE1,898,CCNE1,6.59e-11,1.63e-07,-0.1398219794,-1.191740373,2.5e-06,-0.7342170127,-1.285494997,True,False,False,True
8725,CCNE1,"8725, 898","URI1, CCNE1",1017,CDK2,False,-0.08551108588,-5.539755533,3.03e-08,-0.1457119999,-0.1157648846,-0.0552572872,17,5.596795155,-1.123273504,-0.8157076447,-1.892919994,-1.077212349,3.2e-05,898_1017,898,CCNE1,1017,CDK2,1.1e-06,0.0009647480254,-0.1460008269,-1.137897582,3.41e-14,-0.8729125283,-1.293153172,True,False,False,True
8725,CCNE1,"8725, 898","URI1, CCNE1",57817,HAMP,False,-0.02776260612,-4.246686668,2.17e-05,-0.1485732393,-0.04057582084,-0.0149493914,17,5.596795155,-0.3128747053,-0.2130182981,-0.5302395757,-0.3172212776,0.006677373854,898_57817,898,CCNE1,57817,HAMP,7.32e-05,0.02902368097,-0.1403782506,-0.3148893486,0.02613242326,-0.6343841934,-0.3237855383,True,False,False,True
8725,CCNE1,"8725, 898","URI1, CCNE1",114823,LENG8,False,-0.02789385938,-5.16346382,2.42e-07,-0.1360211837,-0.03848189905,-0.01730581971,17,5.596795155,-0.3701716051,-0.2698431068,-0.6167843826,-0.3469412758,0.0001892099461,898_114823,898,CCNE1,114823,LENG8,4.56e-07,0.000470573817,-0.1267332135,-0.3338836807,0.0008723262107,-0.6818472789,-0.3639508481,True,False,False,True
8725,CCNE1,"8725, 898","URI1, CCNE1",65003,MRPL11,False,-0.03417771188,-6.134564295,8.54e-10,-0.1550943635,-0.04509732755,-0.02325809622,17,5.596795155,-0.2509074436,-0.1279772151,-0.4882541695,-0.3602769544,1.52e-06,898_65003,898,CCNE1,65003,MRPL11,3.05e-09,5.76e-06,-0.1460017327,-0.3414074632,2.43e-05,-0.792592636,-0.3796051201,True,False,False,True
8725,CCNE1,"8725, 898","URI1, CCNE1",63931,MRPS14,False,-0.03476406105,-4.044266688,5.25e-05,-0.1208646054,-0.05161169077,-0.01791643134,17,5.596795155,-0.5492486601,-0.4242094537,-0.7544960711,-0.3302866174,0.0128778512,898_63931,898,CCNE1,63931,MRPS14,8.85e-05,0.03343561449,-0.1250374889,-0.3605231494,0.0001357394736,-0.7223269666,-0.4177463873,True,False,False,True
8725,CCNE1,"8725, 898","URI1, CCNE1",51001,MTERF3,False,-0.03555769333,-5.558341672,2.72e-08,-0.1682183684,-0.04809592909,-0.02301945757,17,5.596795155,-0.1958696133,-0.06797587416,-0.4134694472,-0.3454935731,2.92e-05,898_51001,898,CCNE1,51001,MTERF3,1.23e-08,1.99e-05,-0.1628571577,-0.3409094179,2.13e-06,-0.9237764566,-0.3910936935,True,False,False,True
8725,CCNE1,"8725, 898","URI1, CCNE1",79156,PLEKHF1,False,-0.0438504106,-4.16749288,3.08e-05,-0.1826509529,-0.06447317541,-0.0232276458,17,5.596795155,-0.09177295554,0.06594798886,-0.379548618,-0.4454966069,0.008637255263,898_79156,898,CCNE1,79156,PLEKHF1,2.49e-05,0.01247546509,-0.1744967963,-0.4500494862,0.006345949662,-0.845420703,-0.4779010907,True,False,False,True
8725,CCNE1,"8725, 898","URI1, CCNE1",55015,PRPF39,False,-0.02741653414,-3.875812353,0.0001062695593,-0.1079119094,-0.04128083266,-0.01355223561,17,5.596795155,-0.4436800441,-0.345068387,-0.6891953093,-0.3441269223,0.02198658143,898_55015,898,CCNE1,55015,PRPF39,3.98e-06,0.002910557938,-0.1131311876,-0.3673017865,0.01941860994,-0.5175734147,-0.3785609931,True,False,False,True
8725,CCNE1,"8725, 898","URI1, CCNE1",54458,PRR13,False,-0.03728877122,-4.240062381,2.23e-05,-0.1574344987,-0.05452546305,-0.02005207938,17,5.596795155,-0.6337313847,-0.499611313,-0.8799062371,-0.3802949241,0.006813614273,898_54458,898,CCNE1,54458,PRR13,1.34e-09,2.62e-06,-0.1716942119,-0.4321153174,0.0009987159235,-0.8577877671,-0.4641041225,True,False,False,True
8725,CCNE1,"8725, 898","URI1, CCNE1",6502,SKP2,False,-0.07310670032,-7.293090916,3.03e-13,-0.15394928,-0.09275358273,-0.05345981791,17,5.596795155,-0.8703113711,-0.6073615456,-1.439710328,-0.8323487823,1.17e-09,898_6502,898,CCNE1,6502,SKP2,2.92e-17,2e-13,-0.1509629736,-0.8549126957,0.0007663951333,-0.7314056572,-0.9026854264,True,False,False,True
8725,CCNE1,"8725, 898","URI1, CCNE1",163131,ZNF780B,False,-0.03535664696,-4.007618013,6.13e-05,-0.1616552744,-0.05264815389,-0.01806514003,17,5.596795155,-0.1265252934,0.0006453230821,-0.3688147717,-0.3694600948,0.01447626324,898_163131,8789825,CCNE1,163131,ZNF780B,6.15e-05,0.02502328812,-0.1535371604,-0.3497696022,0.003490260663,-0.7743306571,-0.377405646,True,False,False,True
57018,CCNL1,"57018, 5806, 8833, 9197","CCNL1, PTX3, GMPS, SLC33A1",4605,MYBL2,False,-0.1029293692,-4.518060659,6.24e-06,-0.4086031601,-0.1475807964,-0.05827794199,17,4.411764706,-0.4623875345,-0.2141461147,-0.6614490952,-0.4473029805,0.002615612958,57018_4605,57018,CCNL1,4605,MYBL2,3.64e-05,0.01659295814,-0.3913695598,-0.4387387039,0.002247367504,-0.7740356852,-0.322549023,True,False,False,True
1004,CDH6,"1004, 55322","CDH6, C5orf22",7849,PAX8,False,-0.1973219045,-4.376055215,1.21e-05,-0.3013206276,-0.2856991775,-0.1089446316,17,3.941176471,-0.9158601685,-0.5328235303,-1.356943183,-0.8241196531,0.00439315246,1004_7849,1004,CDH6,7849,PAX8,1.87e-05,0.009807441733,-0.299868126,-0.8428601121,8.36e-07,-0.2216337059,-0.5896841702,True,False,False,True
55907,CMAS,55907,CMAS,132660,LIN54,False,-0.09875084524,-4.791991991,1.65e-06,-0.364147031,-0.13914075,-0.05836094048,17,4.058823529,-0.290485736,-0.08717517226,-0.5739113634,-0.4867361911,0.0008912661682,55907_132660,55907,CMAS,132660,LIN54,6.88e-06,0.004313823405,-0.3629989277,-0.447474907,0.03574396209,-0.5588700038,-0.3017966936,True,False,False,True
25909,AHCTF1,"163882, 25909, 51097","CNST, AHCTF1, SCCPDH",10296,MAEA,False,-0.07288342877,-5.957678906,2.56e-09,-0.2435468868,-0.09686070208,-0.04890615545,17,4.357868666,-0.4746172297,-0.3027676767,-0.7620055307,-0.4592378539,3.76e-06,25909_10296,25909,AHCTF1,10296,MAEA,5.33e-26,7.64e-22,-0.2515246872,-0.4972576795,0.04432038776,-1.031442996,-0.456599823,True,False,False,True
25909,AHCTF1,"163882, 25909, 51097","CNST, AHCTF1, SCCPDH",118424,UBE2J2,False,-0.03506976698,-5.014826412,5.31e-07,-0.1856043896,-0.04877621953,-0.02136331444,17,4.357868666,-0.2472181056,-0.1645282009,-0.4583256563,-0.2937974554,0.000354810829,25909_51441,25909,AHCTF1,118424,UBE2J2,4.49e-07,0.000464912338,-0.2115108349,-0.3230144432,1.93e-07,-1.048807119,-0.3189436341,True,False,False,True
25909,AHCTF1,"163882, 25909, 51097","CNST, AHCTF1, SCCPDH",51441,YTHDF2,False,-0.0416631322,-4.916081587,8.83e-07,-0.1815791141,-0.05827356414,-0.02505270026,17,4.357868666,-0.1774279136,-0.07919171964,-0.4558449716,-0.376653252,0.0005321849032,25909_10296,25909,AHCTF1,51441,YTHDF2,3.58e-05,0.01646585566,-0.1685616899,-0.3394770766,0.003904823528,-0.7998535828,-0.3315683259,True,False,False,True
51530,ZC3HC1,"26958, 51530","COPG2, ZC3HC1",51244,CCDC174,False,-0.08732599637,-3.956289981,7.61e-05,-0.3601463708,-0.1305876907,-0.04406430205,17,3.058823529,-0.7824648564,-0.6900020367,-1.071699833,-0.3816977961,0.01718113542,51530_51244,51530,ZC3HC1,51244,CCDC174,2e-05,0.01044397048,-0.3564357876,-0.3277809081,0.001551608313,-1.366085231,-0.3589094831,True,False,False,True
51530,ZC3HC1,"26958, 51530","COPG2, ZC3HC1",1017,CDK2,False,-0.228789226,-4.938526586,7.87e-07,-0.3898598099,-0.3195893129,-0.1379891391,17,3.058823529,-1.123273504,-0.8810260883,-1.860536101,-0.9795100129,0.0004839620239,51530_1017,51530,ZC3HC1,1017,CDK2,9.99e-09,1.65e-05,-0.4016164331,-1.046868011,3.61e-06,-1.755270872,-1.217773747,True,False,False,True
51530,ZC3HC1,"26958, 51530","COPG2, ZC3HC1",5422,POLA1,False,-0.1146151232,-4.089715426,4.32e-05,-0.3947152133,-0.1695435204,-0.05968672594,17,3.058823529,-0.9948971428,-0.8735399536,-1.432218187,-0.5586782333,0.0111201418,51530_5422,51530,ZC3HC1,5422,POLA1,4.46e-07,0.0004639276969,-0.4685508243,-0.6238951326,0.02777187244,-0.9309930928,-0.5768275069,True,False,False,True
116228,COX20,116228,COX20,8454,CUL1,False,-0.1008681932,-4.569138796,4.9e-06,-0.4539736579,-0.1441363089,-0.05760007758,17,3.823529412,-0.8851879474,-0.7012518303,-1.241290535,-0.5400387043,0.002152898287,116228_8454,116228,COX20,8454,CUL1,5.11e-06,0.003430962864,-0.4385513159,-0.5521335291,0.01569912412,-1.001409929,-0.5079099829,True,False,False,True
116228,COX20,116228,COX20,6502,SKP2,False,-0.1578322079,-4.391937067,1.12e-05,-0.3323656335,-0.2282670613,-0.0873973546,17,3.823529412,-0.8703113711,-0.5824996978,-1.366831965,-0.7843322675,0.00414722609,116228_6502,116228,COX20,6502,SKP2,8.94e-06,0.005459875539,-0.3168385625,-0.7907298677,0.009043701212,-0.7099437295,-0.7182137704,True,False,False,True
115908,CTHRC1,"115908, 81034","CTHRC1, SLC25A32",102157402,AK6,False,-0.1427579587,-4.599336838,4.24e-06,-0.3222239767,-0.2035929154,-0.08192300195,17,4.058823529,-1.059285764,-0.7653723193,-1.500929717,-0.7355573972,0.001929939854,115908_102157402,115908,CTHRC1,102157402,AK6,1.08e-06,0.0009628704432,-0.3344337771,-0.7426107051,0.009703653435,-0.2656112272,-0.5542158312,True,False,False,True
79139,DERL1,79139,DERL1,5073,PARN,False,-0.05949251203,-3.645084999,0.0002673034402,-0.2598071379,-0.09148166482,-0.02750335925,17,5.096248944,-0.2573039011,-0.07310027352,-0.4522662897,-0.3791660162,0.04321397328,79139_5073,79139,DERL1,5073,PARN,4.94e-07,0.0005020615369,-0.2905562934,-0.4452755804,0.0375576691,-0.4513048038,-0.4255345975,True,False,False,True
79139,DERL1,79139,DERL1,9136,RRP9,False,-0.09441051874,-4.005502108,6.19e-05,-0.2782314447,-0.140607278,-0.04821375951,17,5.096248944,-0.9337315672,-0.6414130982,-1.202576332,-0.561163234,0.01457348226,79139_9136,79139,DERL1,9136,RRP9,0.0001216553129,0.0418504013,-0.2751426897,-0.5419686314,0.0009359335085,-0.8354845119,-0.769126444,True,False,False,True
51029,DESI2,51029,DESI2,8454,CUL1,False,-0.09956939518,-4.314144062,1.6e-05,-0.4481282066,-0.144804887,-0.05433390334,17,3.764705882,-0.8851879474,-0.7094772501,-1.241290535,-0.5318132846,0.005330939208,51029_8454,51029,DESI2,8454,CUL1,1.26e-05,0.007048445664,-0.4311741839,-0.5419822306,0.005449123424,-1.382777084,-0.5276921196,True,False,False,True
170506,DHX36,170506,DHX36,4605,MYBL2,False,-0.1029293692,-4.518060659,6.24e-06,-0.4086031601,-0.1475807964,-0.05827794199,17,4.411764706,-0.4623875345,-0.2141461147,-0.6614490952,-0.4473029805,0.002615612958,170506_4605,170506,DHX36,4605,MYBL2,3.64e-05,0.01659295814,-0.3913695598,-0.4387387039,0.02197826811,-1.136587983,-0.3524715741,True,False,False,True
10059,DNM1L,"10059, 51067","DNM1L, YARS2",8773,SNAP23,False,-0.221578018,-4.364874935,1.27e-05,-0.3729792296,-0.3210734082,-0.1220826277,17,4.0,-0.6531398242,-0.2099837883,-1.316672665,-1.106688876,0.004575922448,10059_8773,10059,DNM1L,8773,SNAP23,1.06e-07,0.0001359284785,-0.4065271748,-1.29597502,0.01698312292,-0.759885803,-1.038831018,True,False,False,True
81,ACTN4,"1891, 27335, 3191, 3963, 5714, 81","ECH1, EIF3K, HNRNPL, LGALS7, PSMD8, ACTN4",57622,LRFN1,False,-0.07996806917,-4.522239797,6.12e-06,-0.3193394245,-0.114626677,-0.04530946137,17,4.041842194,-0.1643239043,-0.001041726462,-0.5087331813,-0.5076914549,0.002581083184,81_57622,81,ACTN4,57622,LRFN1,2.77e-06,0.0021200827,-0.3066120459,-0.4931125598,0.03698805686,-0.6367681699,-0.3971415201,True,False,False,True
1936,EEF1D,"1936, 79792","EEF1D, GSDMD",8602,NOP14,False,-0.08191736015,-4.416486159,1e-05,-0.3111446682,-0.1182709385,-0.0455637818,17,4.842440122,-1.121222634,-0.8883774432,-1.36722478,-0.4788473367,0.003851499599,1936_8602,1936,EEF1D,8602,NOP14,1.3e-05,0.007209930354,-0.3249485898,-0.4705385702,0.01114090441,-0.5297155001,-0.4452616982,True,False,False,True
51290,ERGIC2,51290,ERGIC2,8773,SNAP23,False,-0.1991064343,-5.191675538,2.08e-07,-0.335153122,-0.2742731965,-0.1239396722,17,4.117647059,-0.6531398242,-0.2315026691,-1.334297093,-1.102794424,0.0001656395389,51290_8773,51290,ERGIC2,8773,SNAP23,2.04e-09,3.92e-06,-0.3491792691,-1.275346182,0.0006030367628,-0.6494452468,-0.8805875136,True,False,False,True
55500,ETNK1,55500,ETNK1,8773,SNAP23,False,-0.2208134073,-3.815344319,0.0001359931732,-0.3716921711,-0.3342465053,-0.1073803094,17,3.823529412,-0.6531398242,-0.2504800814,-1.334297093,-1.083817012,0.02664536064,55500_8773,55500,ETNK1,8773,SNAP23,5.48e-05,0.02296504104,-0.3979910521,-1.257483289,0.004742867761,-0.8336776379,-1.025467674,True,False,False,True
157769,FAM91A1,157769,FAM91A1,5073,PARN,False,-0.06952300966,-5.085071501,3.67e-07,-0.3036108838,-0.09631960338,-0.04272641594,17,5.272719532,-0.2573039011,-0.02977458941,-0.4522662897,-0.4224917003,0.0002642737668,157769_5073,157769,FAM91A1,5073,PARN,4.94e-07,0.0005020615369,-0.2905562934,-0.4452755804,0.01568690096,-0.6873862665,-0.4626308116,True,False,False,True
157769,FAM91A1,157769,FAM91A1,9136,RRP9,False,-0.09853831487,-4.020267298,5.81e-05,-0.2903962193,-0.1465777943,-0.05049883542,17,5.272719532,-0.9337315672,-0.6112432994,-1.202576332,-0.5913330328,0.01392218158,157769_9136,157769,FAM91A1,9136,RRP9,0.0001216553129,0.0418504013,-0.2751426897,-0.5419686314,0.0001937460411,-1.02314805,-0.744039498,True,False,False,True
2271,FH,2271,FH,7411,VBP1,False,-0.05591556937,-3.670440834,0.0002421325136,-0.1625015139,-0.08577370007,-0.02605743867,17,4.299045136,-0.653919757,-0.5253673392,-0.9017624467,-0.3763951075,0.04035726483,2271_7411,2271,FH,7411,VBP1,4.8e-05,0.02085443815,-0.1691204072,-0.4140416205,7.95e-05,-0.6289218415,-0.4047158036,True,False,False,True
55094,GPATCH1,55094,GPATCH1,84612,PARD6B,False,-0.1770431243,-4.047056959,5.19e-05,-0.4162302482,-0.2627839851,-0.09130226351,17,3.823529412,-0.5091554782,-0.1863121339,-0.9955707821,-0.8092586482,0.01275537162,55094_84612,55094,GPATCH1,84612,PARD6B,2.01e-08,3.11e-05,-0.4599395429,-0.8335006,0.03465482477,-0.9595145311,-0.5894949714,True,False,False,True
10526,IPO8,10526,IPO8,8773,SNAP23,False,-0.2083441906,-4.067789136,4.75e-05,-0.35070291,-0.3087297062,-0.1079586749,17,4.058823529,-0.6531398242,-0.2241959024,-1.286236036,-1.062040133,0.01198309324,10526_8773,10526,IPO8,8773,SNAP23,1.96e-06,0.001576248434,-0.3656993749,-1.156369637,8.97e-08,-0.8660166027,-0.9678687368,True,False,False,True
26065,LSM14A,26065,LSM14A,3856,KRT8,False,-0.1127108416,-4.975662154,6.5e-07,-0.5462894808,-0.1571087897,-0.06831289346,10,3.7,-0.559520413,-0.3679119823,-0.8444301908,-0.4765182085,0.0004119359753,26065_3856,26065,LSM14A,3856,KRT8,3.33e-162,1.84e-157,-0.5654445709,-0.5370358703,2.13e-05,-1.933049844,-0.4526480436,True,False,False,True
26065,LSM14A,26065,LSM14A,7849,PAX8,False,-0.2909916422,-3.971605836,7.14e-05,-0.4443591018,-0.4345942962,-0.1473889883,17,3.529411765,-0.9158601685,-0.4708141275,-1.796264444,-1.325450317,0.01637517409,26065_7849,26065,LSM14A,7849,PAX8,3.57e-05,0.01646585566,-0.4472304554,-1.34874987,0.002403398665,-1.458415723,-1.016481494,True,False,False,True
6917,TCEA1,"10434, 6917","LYPLA1, TCEA1",29035,HAPSTR1,False,-0.05262151593,-8.689758636,3.63e-18,-0.1670951703,-0.06449023177,-0.04075280008,17,5.613115009,-0.290340671,-0.100213082,-0.5124113672,-0.4121982852,3.44e-14,6917_29035,6917,TCEA1,29035,HAPSTR1,2.01e-07,0.0002436193893,-0.162533471,-0.4385520346,0.001788386859,-0.7632223501,-0.5361315589,True,False,False,True
113655,MFSD3,113655,MFSD3,51575,ESF1,False,-0.09511114284,-4.384538225,1.16e-05,-0.3342366636,-0.1376274593,-0.05259482643,17,4.764705882,-0.770089767,-0.5071354309,-1.082374971,-0.57523954,0.004249676069,113655_51575,113655,MFSD3,51575,ESF1,1.75e-05,0.009309593664,-0.3419692007,-0.5798640604,0.003123861985,-0.8022262541,-0.5736446309,True,False,False,True
9791,PTDSS1,"137682, 79666, 9791","NDUFAF6, PLEKHF2, PTDSS1",102157402,AK6,False,-0.1570410301,-4.68103811,2.85e-06,-0.3544627963,-0.2227945565,-0.09128750367,17,3.941176471,-1.059285764,-0.7544414112,-1.500929717,-0.7464883054,0.001396000249,9791_102157402,9791,PTDSS1,102157402,AK6,2.02e-06,0.001598812321,-0.3755842672,-0.7569422979,0.002397714193,-0.8223566347,-0.708067525,True,False,False,True
4715,NDUFB9,4715,NDUFB9,5892,RAD51D,False,-0.09483759598,-4.539205651,5.65e-06,-0.2968820621,-0.1357871115,-0.05388808041,17,5.161413335,-0.5370908604,-0.2372700199,-0.7061247056,-0.4688546857,0.002427055892,4715_5892,4715,NDUFB9,5892,RAD51D,4.02e-05,0.01798953092,-0.2830167313,-0.4255558417,0.002117594908,-0.633838864,-0.5382502539,True,False,False,True
4976,OPA1,"4976, 55341, 79572","OPA1, LSG1, ATP13A3",132660,LIN54,False,-0.1325868859,-4.172696605,3.01e-05,-0.488918558,-0.1948644838,-0.07030928804,17,3.941176471,-0.290485736,-0.03311119273,-0.5811022193,-0.5479910266,0.008515558213,4976_132660,4976,OPA1,132660,LIN54,0.0001468690892,0.04831839562,-0.4952976321,-0.4764018189,0.008433737452,-1.063958787,-0.3250407438,True,False,False,True
55074,OXR1,55074,OXR1,102157402,AK6,False,-0.1332503288,-4.3389962,1.43e-05,-0.3007639732,-0.1934407124,-0.0730599453,17,4.298351521,-1.059285764,-0.7530296677,-1.500929717,-0.7479000488,0.004945451695,55074_102157402,55074,OXR1,102157402,AK6,0.0001435494154,0.04752265743,-0.3116606099,-0.7454558908,0.0001817242114,-0.7567001118,-0.7003693225,True,False,False,True
92140,MTDH,"26986, 50484, 51123, 79977, 92140","PABPC1, RRM2B, ZNF706, GRHL2, MTDH",102157402,AK6,False,-0.1570410301,-4.68103811,2.85e-06,-0.3544627963,-0.2227945565,-0.09128750367,17,3.941176471,-1.059285764,-0.7544414112,-1.500929717,-0.7464883054,0.001396000249,92140_102157402,92140,MTDH,102157402,AK6,2.02e-06,0.001598812321,-0.3755842672,-0.7569422979,0.005321272785,-0.7673339109,-0.858210693,True,False,False,True
10298,PAK4,"10298, 22933, 4793, 6183","PAK4, SIRT2, NFKBIB, MRPS12",2491,CENPI,False,-0.06850088154,-5.124376163,2.99e-07,-0.2432464301,-0.09470099965,-0.04230076343,17,4.041842194,-0.7387755694,-0.5989075791,-1.044724179,-0.4458166001,0.0002233040163,10298_2491,10298,PAK4,2491,CENPI,2.18e-05,0.01124545527,-0.2336707775,-0.4021792699,0.002276873594,-0.7852113302,-0.3522579415,True,False,False,True
10298,PAK4,"10298, 22933, 4793, 6183","PAK4, SIRT2, NFKBIB, MRPS12",7919,DDX39B,False,-0.1609658144,-7.610072128,2.74e-14,-0.355844619,-0.2024223464,-0.1195092824,17,4.041842194,-0.7709075815,-0.4422407898,-1.440828024,-0.9985872337,1.25e-10,10298_7919,10298,PAK4,7919,DDX39B,3.87e-14,1.37e-10,-0.3401289533,-1.010705389,0.02195336285,-0.8249692831,-0.820922767,True,False,False,True
10298,PAK4,"10298, 22933, 4793, 6183","PAK4, SIRT2, NFKBIB, MRPS12",503834,DPRX,False,-0.04581102402,-4.962747444,6.95e-07,-0.2586796129,-0.063903413,-0.02771863504,17,4.041842194,-0.1172593059,-0.02372042413,-0.3762771346,-0.3525567104,0.0004350182778,10298_503834,10298,PAK4,503834,DPRX,2.81e-07,0.0003115345521,-0.2432069535,-0.3503056615,0.02118643301,-0.7116169746,-0.306452438,True,False,False,True
10298,PAK4,"10298, 22933, 4793, 6183","PAK4, SIRT2, NFKBIB, MRPS12",54458,PRR13,False,-0.0645960289,-4.297171805,1.73e-05,-0.2727266976,-0.09405863732,-0.03513342049,17,4.041842194,-0.6337313847,-0.5018364872,-0.8981078582,-0.396271371,0.00562651714,10298_54458,10298,PAK4,54458,PRR13,5.75e-07,0.0005600493445,-0.2871010825,-0.4380374069,0.02966372851,-0.7633171328,-0.363463268,True,False,False,True
10298,PAK4,"10298, 22933, 4793, 6183","PAK4, SIRT2, NFKBIB, MRPS12",163131,ZNF780B,False,-0.05592115315,-5.065483067,4.07e-07,-0.2556789214,-0.07755846685,-0.03428383946,17,4.041842194,-0.1265252934,-0.01234312333,-0.4607341614,-0.4483910381,0.0002850872958,10298_163131,10298,PAK4,163131,ZNF780B,2.56e-07,0.0002939203327,-0.2447538836,-0.4259002681,0.04427918168,-0.6480125661,-0.3675863033,True,False,False,True
126526,PLD3,"126526, 23646","C19orf47, PLD3",333,APLP1,False,-0.0318936861,-12.48930066,8.540000000000001e-36,-0.1421896145,-0.0368988083,-0.02688856389,17,4.84833942,-0.2010738172,-0.1102297739,-0.503550375,-0.3933206011,3.71e-31,23646_333,23646,PLD3,333,APLP1,1.59e-09,3.08e-06,-0.1381519361,-0.366515655,0.007964789691,-0.793127441,-0.3836734485,True,False,False,True
126526,PLD3,"126526, 23646","C19orf47, PLD3",55142,HAUS2,False,-0.02502884342,-4.286785374,1.81e-05,-0.1143268317,-0.03647229753,-0.01358538932,17,4.84833942,-0.702338216,-0.6310475746,-1.009781822,-0.3787342472,0.00581853328,23646_55142,23646,PLD3,55142,HAUS2,1.2e-06,0.001037967084,-0.115202085,-0.341098296,0.006631328353,-0.6839398828,-0.3567420243,True,False,False,True
126526,PLD3,"126526, 23646","C19orf47, PLD3",3960,LGALS4,False,-0.03918003723,-15.0268869,4.89e-51,-0.1470291789,-0.04429030807,-0.0340697664,17,4.84833942,-0.05342453013,0.05817351439,-0.4027854331,-0.4609589475,2.55e-45,23646_3960,23646,PLD3,3960,LGALS4,1.5e-86,5.789999999999999e-82,-0.1407266788,-0.4375946936,0.03826042907,-0.7441016317,-0.4480421154,True,False,False,True
126526,PLD3,"126526, 23646","C19orf47, PLD3",55173,MRPS10,False,-0.02564603687,-6.235568692,4.5e-10,-0.1054203981,-0.03370709932,-0.01758497443,17,4.84833942,-0.4804062037,-0.407357586,-0.7241164199,-0.316758834,8.47e-07,23646_55173,23646,PLD3,55173,MRPS10,8.92e-07,0.0008121745292,-0.1027390919,-0.3348087156,0.04659899053,-0.549122423,-0.3430726221,True,False,False,True
126526,PLD3,"126526, 23646","C19orf47, PLD3",51371,POMP,False,-0.03480044116,-7.450647166,9.29e-14,-0.1261792867,-0.04395502999,-0.02564585233,17,4.84833942,-0.8286570208,-0.7295335524,-1.177531522,-0.4479979692,3.84e-10,23646_51371,23646,PLD3,51371,POMP,4.04e-06,0.002950809317,-0.1270884249,-0.4018737532,0.01440951771,-0.7190608242,-0.4182716701,True,False,False,True
126526,PLD3,"126526, 23646","C19orf47, PLD3",3842,TNPO1,False,-0.02743245101,-4.992719088,5.95e-07,-0.0998255588,-0.03820145585,-0.01666344618,17,4.84833942,-0.4900546649,-0.4119177333,-0.7194690133,-0.30755128,0.0003855908449,23646_3842,23646,PLD3,3842,TNPO1,9.95e-11,2.42e-07,-0.1033390729,-0.3311429389,7.24e-05,-0.6439412389,-0.355482332,True,False,False,True
126526,PLD3,"126526, 23646","C19orf47, PLD3",5756,TWF1,False,-0.03059838364,-9.37564985,6.88e-21,-0.137502428,-0.03699492477,-0.02420184251,17,4.84833942,-0.2759920287,-0.1888374464,-0.5536809791,-0.3648435327,8.34e-17,23646_5756,23646,PLD3,5756,TWF1,3.4e-09,6.23e-06,-0.1315122096,-0.3494500387,0.01763832577,-0.7363773513,-0.3633978536,True,False,False,True
126526,PLD3,"126526, 23646","C19orf47, PLD3",284459,ZNF875,False,-0.03802828068,-8.93917469,3.92e-19,-0.1443765774,-0.04636619364,-0.02969036772,17,4.84833942,0.08974411405,0.198061565,-0.2566693506,-0.4547309155,3.93e-15,23646_284459,23646,PLD3,284459,ZNF875,4.46e-17,2.87e-13,-0.1387877782,-0.4314255694,0.04804166722,-0.7350784204,-0.4416659492,True,False,False,True
5359,PLSCR1,5359,PLSCR1,4605,MYBL2,False,-0.1157274405,-4.813463512,1.48e-06,-0.4594082162,-0.1628497703,-0.06860511063,17,4.117647059,-0.4623875345,-0.2173176605,-0.7140389729,-0.4967213123,0.000815811142,5359_4605,5359,PLSCR1,4605,MYBL2,1.73e-05,0.009266348093,-0.4501057291,-0.5121791422,0.000206088606,-0.9283903327,-0.4169035594,True,False,False,True
8496,PPFIBP1,8496,PPFIBP1,5201,PFDN1,False,-0.1668850045,-5.715452474,1.09e-08,-0.4216577917,-0.2241138241,-0.1096561849,17,3.608325498,-0.577161654,-0.308756246,-1.102074371,-0.7933181249,1.35e-05,8496_5201,8496,PPFIBP1,5201,PFDN1,1.18e-06,0.001023488506,-0.4135244753,-0.8561500489,0.006874875074,-0.4088389468,-0.8007866003,True,False,False,True
8496,PPFIBP1,8496,PPFIBP1,8773,SNAP23,False,-0.2383123669,-5.286104653,1.25e-07,-0.4011479291,-0.3266730194,-0.1499517144,17,3.608325498,-0.6531398242,-0.2698559679,-1.424878347,-1.155022379,0.0001080345977,8496_8773,8496,PPFIBP1,8773,SNAP23,4.64e-07,0.0004789576767,-0.4353884981,-1.461996785,0.0082455279,-0.3883962103,-1.336868988,True,False,False,True
5747,PTK2,5747,PTK2,102157402,AK6,False,-0.1235115727,-3.878828508,0.0001049607142,-0.2787822863,-0.1859217137,-0.06110143166,17,4.941176471,-1.059285764,-0.6960164323,-1.351192468,-0.6551760359,0.02177627831,5747_102157402,5747,PTK2,102157402,AK6,0.0001470257867,0.04831839562,-0.2818201536,-0.6423435964,0.007055540772,-0.3977831532,-0.651911371,True,False,False,True
23513,SCRIB,"22827, 23513, 286077, 340371, 5339, 83481","PUF60, SCRIB, FAM83H, NRBP2, PLEC, EPPK1",8602,NOP14,False,-0.08191736015,-4.416486159,1e-05,-0.3111446682,-0.1182709385,-0.0455637818,17,4.842440122,-1.121222634,-0.8883774432,-1.36722478,-0.4788473367,0.003851499599,23513_8602,23513,SCRIB,8602,NOP14,1.3e-05,0.007209930354,-0.3249485898,-0.4705385702,0.02843611484,-0.5789144766,-0.4408295687,True,False,False,True
389677,RBM12B,389677,RBM12B,102157402,AK6,False,-0.1490238139,-3.598760231,0.0003197378047,-0.3363668574,-0.230185461,-0.06786216672,17,3.735294118,-1.059285764,-0.8006856161,-1.458301188,-0.6576155724,0.0485307069,389677_102157402,389677,RBM12B,102157402,AK6,2.02e-06,0.001598812321,-0.3755842672,-0.7569422979,0.007681850617,-0.9052126953,-0.6564807137,True,False,False,True
51773,RSF1,51773,RSF1,65260,COA7,False,-0.01883716398,-6.593257965,4.3e-11,-0.090905371,-0.02443684826,-0.0132374797,17,6.341184807,-0.3810605021,-0.299284892,-0.5937630042,-0.2944781121,1.01e-07,51773_65260,51773,RSF1,65260,COA7,1.91e-18,1.99e-14,-0.09799736385,-0.3270158167,1.5400000000000002e-31,-0.7781652994,-0.3326158887,True,False,False,True
51773,RSF1,51773,RSF1,503834,DPRX,False,-0.02132034122,-6.943416386,3.83e-12,-0.1203888743,-0.02733857469,-0.01530210774,17,6.341184807,-0.1172593059,-0.02470376458,-0.3369460659,-0.3122423014,1.13e-08,51773_503834,51773,RSF1,503834,DPRX,6.37e-12,1.85e-08,-0.1143672556,-0.3141608539,0.0004169185193,-0.742900417,-0.3003053273,True,False,False,True
51773,RSF1,51773,RSF1,147965,FAM98C,False,-0.02362225564,-9.177508616,4.41e-20,-0.1077758815,-0.02866706379,-0.01857744748,17,6.341184807,-0.2888699718,-0.1863213945,-0.5621626976,-0.3758413031,4.6e-16,51773_147965,51773,RSF1,147965,FAM98C,2.34e-20,2.74e-16,-0.1040419854,-0.3799216994,8.32e-09,-0.7657162369,-0.377558225,True,False,False,True
51773,RSF1,51773,RSF1,22992,KDM2A,False,-0.0213522442,-5.05437367,4.32e-07,-0.08008364463,-0.02963212858,-0.01307235981,17,6.341184807,-0.6154279218,-0.5227338837,-0.8724318856,-0.3496980019,0.0002993778458,51773_22992,51773,RSF1,22992,KDM2A,4.35e-09,7.89e-06,-0.08921386132,-0.3611498569,9.57e-05,-0.5840003346,-0.3472701779,True,False,False,True
51773,RSF1,51773,RSF1,6183,MRPS12,False,-0.03257449933,-4.454373885,8.41e-06,-0.0890511975,-0.04690756772,-0.01824143095,17,6.341184807,-0.4851673143,-0.3437553927,-0.8097515158,-0.465996123,0.003341017329,51773_6183,51773,RSF1,6183,MRPS12,6.81e-06,0.004281158223,-0.08544069146,-0.4829003485,0.007449175798,-0.5436622676,-0.4584000783,True,False,False,True
51773,RSF1,51773,RSF1,54460,MRPS21,False,-0.02611837307,-3.666868367,0.0002455391101,-0.08426942581,-0.04007880618,-0.01215793996,17,6.341184807,-0.9401986946,-0.8268140102,-1.174405561,-0.3475915509,0.04075699076,51773_54460,51773,RSF1,54460,MRPS21,0.0001155874572,0.03999419067,-0.08214758133,-0.3604542041,0.03519488815,-0.4977355518,-0.3354610672,True,False,False,True
51773,RSF1,51773,RSF1,51649,MRPS23,False,-0.0200221136,-4.1495761,3.33e-05,-0.05816072509,-0.02947913296,-0.01056509423,17,6.341184807,-0.4994695442,-0.4125498488,-0.751419736,-0.3388698872,0.009145090485,51773_51649,51773,RSF1,51649,MRPS23,6.37e-05,0.02570203033,-0.05780030687,-0.3536660722,0.01060061884,-0.358614094,-0.3361394161,True,False,False,True
51773,RSF1,51773,RSF1,4605,MYBL2,False,-0.02045642127,-5.727188193,1.02e-08,-0.0812067386,-0.02745703791,-0.01345580464,17,6.341184807,-0.4623875345,-0.3735824292,-0.712279687,-0.3386972578,1.27e-05,51773_4605,51773,RSF1,4605,MYBL2,9.94e-09,1.65e-05,-0.07874579699,-0.33770865,0.0004523656511,-0.5057579883,-0.3237443352,True,False,False,True
51773,RSF1,51773,RSF1,7849,PAX8,False,-0.05641198266,-3.905900254,9.39e-05,-0.0861439791,-0.08471927345,-0.02810469186,17,6.341184807,-0.9158601685,-0.6709653265,-1.510220194,-0.8392548673,0.02007551482,51773_7849,51773,RSF1,7849,PAX8,9.9e-05,0.0360886024,-0.08119475984,-0.8356396805,0.02211999233,-0.4604382867,-0.7694126359,True,False,False,True
51773,RSF1,51773,RSF1,55015,PRPF39,False,-0.01860254631,-4.312748526,1.61e-05,-0.07321991477,-0.02705662625,-0.01014846637,17,6.341184807,-0.4436800441,-0.3629229527,-0.6689595927,-0.30603664,0.005354460417,51773_55015,51773,RSF1,55015,PRPF39,8.45e-06,0.005175532157,-0.0740826641,-0.3227834159,0.0005766434782,-0.5746340851,-0.3258196986,True,False,False,True
51773,RSF1,51773,RSF1,253260,RICTOR,False,-0.02470700345,-6.067430814,1.3e-09,-0.1088119794,-0.03268811414,-0.01672589276,17,6.341184807,-0.4244820364,-0.3172243684,-0.6638827992,-0.3466584308,2.12e-06,51773_253260,51773,RSF1,253260,RICTOR,2.2e-09,4.19e-06,-0.1031443161,-0.3428545488,0.0008193519499,-0.6404226996,-0.3225545205,True,False,False,True
51773,RSF1,51773,RSF1,6598,SMARCB1,False,-0.02544782334,-7.435046621,1.05e-13,-0.08420437132,-0.03215616288,-0.0187394838,17,6.341184807,-0.9223945089,-0.8119208048,-1.203380371,-0.3914595666,4.29e-10,51773_6598,51773,RSF1,6598,SMARCB1,8.55e-13,2.81e-09,-0.07999485875,-0.3583333113,7.06e-05,-0.6058082332,-0.3592172327,True,False,False,True
51773,RSF1,51773,RSF1,23293,SMG6,False,-0.04268214381,-6.13140358,8.71e-10,-0.09307415472,-0.05632591453,-0.02903837309,17,6.341184807,-1.035025525,-0.8497344505,-1.392348945,-0.5426144946,1.54e-06,51773_23293,51773,RSF1,23293,SMG6,2.15e-11,5.53e-08,-0.09555770304,-0.6087975835,0.0003776540102,-0.6381594919,-0.5844831853,True,False,False,True
51773,RSF1,51773,RSF1,10440,TIMM17A,False,-0.05178824786,-5.443685798,5.22e-08,-0.1051496906,-0.0704342727,-0.03314222301,17,6.341184807,-0.3878870846,-0.1630647298,-0.8273687682,-0.6643040384,5.09e-05,51773_10440,51773,RSF1,10440,TIMM17A,2.58e-08,3.94e-05,-0.105233749,-0.6978404073,0.003891715105,-0.6467828956,-0.6518697809,True,False,False,True
51773,RSF1,51773,RSF1,114034,TOE1,False,-0.03023575873,-4.988609127,6.08e-07,-0.06099434784,-0.0421150214,-0.01835649606,17,6.341184807,-0.7187744888,-0.5875154724,-1.17748612,-0.589970648,0.000393395148,51773_114034,51773,RSF1,114034,TOE1,2.1e-06,0.001654784446,-0.05890997734,-0.5974922357,0.0001676925241,-0.4275798872,-0.592597801,True,False,False,True
51773,RSF1,51773,RSF1,9804,TOMM20,False,-0.01873968329,-5.140495168,2.74e-07,-0.07649595366,-0.0258847351,-0.01159463147,17,6.341184807,-0.6162604069,-0.5349079785,-0.9347585578,-0.3998505793,0.0002094787249,51773_9804,51773,RSF1,9804,TOMM20,1.96e-07,0.0002390458439,-0.07132289358,-0.376466063,8.59e-05,-0.4238587663,-0.359010198,True,False,False,True
51773,RSF1,51773,RSF1,163131,ZNF780B,False,-0.02511002618,-12.35036664,4.85e-35,-0.1148063666,-0.02909490764,-0.02112514473,17,6.341184807,-0.1265252934,-0.01751802922,-0.3611947744,-0.3436767451,1.81e-30,51773_163131,51773,RSF1,163131,ZNF780B,2.14e-30,3.5200000000000004e-26,-0.1101310383,-0.324909567,0.0007237760198,-0.6732355483,-0.3032485558,True,False,False,True
55588,MED29,"55095, 55588","SAMD4B, MED29",151648,SGO1,False,-0.03535789483,-4.72740793,2.27e-06,-0.09727445715,-0.05001713335,-0.0206986563,17,5.142457067,-1.095177156,-0.9840664894,-1.455480369,-0.4714138793,0.001160103678,55588_151648,55588,MED29,151648,SGO1,1.17e-05,0.006586720232,-0.09296084807,-0.4343362125,0.000373077758,-0.529684073,-0.4564730409,True,False,False,True
55588,MED29,"55095, 55588","SAMD4B, MED29",284459,ZNF875,False,-0.0386282735,-8.568924135,1.04e-17,-0.1466544851,-0.0474636913,-0.0297928557,17,5.142457067,0.08974411405,0.2111318051,-0.1767726369,-0.387904442,8.78e-14,55588_284459,55588,MED29,284459,ZNF875,3.6e-16,1.74e-12,-0.1407546892,-0.3654857627,0.0256318276,-0.6711424515,-0.3650584306,True,False,False,True
5912,RAP2B,"51714, 5912","SELENOT, RAP2B",4605,MYBL2,False,-0.1197038529,-6.855203661,7.12e-12,-0.4751935523,-0.1539282541,-0.0854794517,17,4.117647059,-0.4623875345,-0.2088970224,-0.6957401901,-0.4868431677,1.97e-08,5912_4605,5912,RAP2B,4605,MYBL2,1.74e-10,3.98e-07,-0.4673035497,-0.4904662968,0.03074389741,-0.7596905845,-0.31400704,True,False,False,True
23094,SIPA1L3,23094,SIPA1L3,2491,CENPI,False,-0.06850088154,-5.124376163,2.99e-07,-0.2432464301,-0.09470099965,-0.04230076343,17,4.041842194,-0.7387755694,-0.5989075791,-1.044724179,-0.4458166001,0.0002233040163,23094_2491,23094,SIPA1L3,2491,CENPI,2.18e-05,0.01124545527,-0.2336707775,-0.4021792699,0.01860482695,-0.6248196798,-0.3465787144,True,False,False,True
23094,SIPA1L3,23094,SIPA1L3,7919,DDX39B,False,-0.1609658144,-7.610072128,2.74e-14,-0.355844619,-0.2024223464,-0.1195092824,17,4.041842194,-0.7709075815,-0.4422407898,-1.440828024,-0.9985872337,1.25e-10,23094_7919,23094,SIPA1L3,7919,DDX39B,3.87e-14,1.37e-10,-0.3401289533,-1.010705389,0.04188211725,-0.6032121686,-0.7981286498,True,False,False,True
10051,SMC4,"10051, 3840, 51068, 8706","SMC4, KPNA4, NMD3, B3GALNT1",132660,LIN54,False,-0.102927098,-4.284172391,1.83e-05,-0.379547102,-0.1500151669,-0.05583902898,17,4.588235294,-0.290485736,-0.02408618835,-0.5739113634,-0.5498251751,0.005870519443,10051_132660,10051,SMC4,132660,LIN54,5.59e-05,0.0233491405,-0.3769071354,-0.5047452399,0.001996773837,-0.7498067291,-0.3428067014,True,False,False,True
64754,SMYD3,64754,SMYD3,4146,MATN1,False,-0.03405468759,-3.71534789,0.0002029243096,-0.1950014493,-0.05201961663,-0.01608975855,17,4.240221607,-0.2219107337,-0.1456206867,-0.4593342502,-0.3137135634,0.03563471168,64754_4146,64754,SMYD3,4146,MATN1,5.42e-12,1.58e-08,-0.2085051877,-0.335322885,0.01797504433,-0.6628047144,-0.3627705915,True,False,False,True
10653,SPINT2,"10653, 64073, 90522, 94274","SPINT2, C19orf33, YIF1B, PPP1R14A",54458,PRR13,False,-0.0645960289,-4.297171805,1.73e-05,-0.2727266976,-0.09405863732,-0.03513342049,17,4.041842194,-0.6337313847,-0.5018364872,-0.8981078582,-0.396271371,0.00562651714,10653_54458,10653,SPINT2,54458,PRR13,5.75e-07,0.0005600493445,-0.2871010825,-0.4380374069,0.04838742356,-0.2060097871,-0.3794740522,True,False,False,True
10653,SPINT2,"10653, 64073, 90522, 94274","SPINT2, C19orf33, YIF1B, PPP1R14A",163131,ZNF780B,False,-0.05592115315,-5.065483067,4.07e-07,-0.2556789214,-0.07755846685,-0.03428383946,17,4.041842194,-0.1265252934,-0.01234312333,-0.4607341614,-0.4483910381,0.0002850872958,10653_163131,10653,SPINT2,163131,ZNF780B,2.56e-07,0.0002939203327,-0.2447538836,-0.4259002681,0.04294371936,-0.1746968797,-0.3799213086,True,False,False,True
23012,STK38L,23012,STK38L,2122,MECOM,False,-0.03081264168,-4.042667256,5.28e-05,-0.08526421442,-0.04575121172,-0.01587407164,17,5.969975112,-0.2706140109,-0.1482885903,-0.4379214999,-0.2896329096,0.01295524958,23012_2122,23012,STK38L,2122,MECOM,3.1e-10,6.69e-07,-0.08653006625,-0.3976391245,3.58e-05,-0.6354899446,-0.4377377638,True,False,False,True
23012,STK38L,23012,STK38L,51646,YPEL5,False,-0.04146599016,-6.800130435,1.05e-11,-0.08367591331,-0.05341750316,-0.02951447716,17,5.969975112,-0.8559260301,-0.6913070812,-1.073802066,-0.3824949846,2.79e-08,23012_51646,23012,STK38L,51646,YPEL5,2.32e-08,3.56e-05,-0.07907380178,-0.4441505597,1.2e-07,-0.6154388965,-0.5102448532,True,False,False,True
6829,SUPT5H,6829,SUPT5H,151648,SGO1,False,-0.03535789483,-4.72740793,2.27e-06,-0.09727445715,-0.05001713335,-0.0206986563,17,5.142457067,-1.095177156,-0.9840664894,-1.455480369,-0.4714138793,0.001160103678,6829_151648,6829,SUPT5H,151648,SGO1,1.17e-05,0.006586720232,-0.09296084807,-0.4343362125,0.0003603369352,-0.5809320929,-0.4844158347,True,False,False,True
6829,SUPT5H,6829,SUPT5H,284459,ZNF875,False,-0.0386282735,-8.568924135,1.04e-17,-0.1466544851,-0.0474636913,-0.0297928557,17,5.142457067,0.08974411405,0.2111318051,-0.1767726369,-0.387904442,8.78e-14,6829_284459,6829,SUPT5H,284459,ZNF875,3.6e-16,1.74e-12,-0.1407546892,-0.3654857627,0.03085537997,-0.6747493373,-0.3780029175,True,False,False,True
79718,TBL1XR1,79718,TBL1XR1,132660,LIN54,False,-0.08784099209,-4.385355195,1.16e-05,-0.3239165841,-0.127100111,-0.04858187322,17,4.352941176,-0.290485736,-0.08380104873,-0.5544346709,-0.4706336222,0.004245666156,79718_132660,79718,TBL1XR1,132660,LIN54,1.09e-05,0.006217863194,-0.3344204783,-0.4268397338,6.35e-09,-0.6831910598,-0.3156122988,True,False,False,True
92609,TIMM50,92609,TIMM50,151648,SGO1,False,-0.03535789483,-4.72740793,2.27e-06,-0.09727445715,-0.05001713335,-0.0206986563,17,5.142457067,-1.095177156,-0.9840664894,-1.455480369,-0.4714138793,0.001160103678,92609_151648,92609,TIMM50,151648,SGO1,1.17e-05,0.006586720232,-0.09296084807,-0.4343362125,0.0203881497,-0.5073924042,-0.4313559828,True,False,False,True
92609,TIMM50,92609,TIMM50,284459,ZNF875,False,-0.0386282735,-8.568924135,1.04e-17,-0.1466544851,-0.0474636913,-0.0297928557,17,5.142457067,0.08974411405,0.2111318051,-0.1767726369,-0.387904442,8.78e-14,92609_284459,92609,TIMM50,284459,ZNF875,3.6e-16,1.74e-12,-0.1407546892,-0.3654857627,0.02461018481,-0.7406252356,-0.3577668836,True,False,False,True
96764,TGS1,"137695, 96764","TMEM68, TGS1",29035,HAPSTR1,False,-0.06233699232,-8.713938604,2.93e-18,-0.1979458434,-0.07635800686,-0.04831597778,17,5.122473525,-0.290340671,-0.09569506289,-0.5255832461,-0.4298881832,2.83e-14,96764_29035,96764,TGS1,29035,HAPSTR1,1.13e-05,0.006429418872,-0.1868134774,-0.4445376109,0.01747575497,-0.8661632526,-0.4561747996,True,False,False,True
7328,UBE2H,7328,UBE2H,1017,CDK2,False,-0.228789226,-4.938526586,7.87e-07,-0.3898598099,-0.3195893129,-0.1379891391,17,3.058823529,-1.123273504,-0.8810260883,-1.860536101,-0.9795100129,0.0004839620239,7328_1017,7328,UBE2H,1017,CDK2,9.99e-09,1.65e-05,-0.4016164331,-1.046868011,0.021090079,-0.5073658118,-0.8753283749,True,False,False,True
7328,UBE2H,7328,UBE2H,5422,POLA1,False,-0.1146151232,-4.089715426,4.32e-05,-0.3947152133,-0.1695435204,-0.05968672594,17,3.058823529,-0.9948971428,-0.8735399536,-1.432218187,-0.5586782333,0.0111201418,7328_5422,7328,UBE2H,5422,POLA1,4.46e-07,0.0004639276969,-0.4685508243,-0.6238951326,0.04214781823,-0.3807663002,-0.5056379069,True,False,False,True
254048,UBN2,254048,UBN2,6625,SNRNP70,False,-0.1449764467,-4.332972647,1.47e-05,-0.4426208119,-0.2105546622,-0.07939823117,17,3.441176471,-1.143112615,-0.9341759712,-1.515014639,-0.5808386673,0.005021829289,254048_6625,254048,UBN2,6625,SNRNP70,5.99e-05,0.02457212414,-0.435604782,-0.5345662822,0.007950809879,-0.82777666,-0.5166679976,True,False,False,True
7534,YWHAZ,7534,YWHAZ,102157402,AK6,False,-0.1570410301,-4.68103811,2.85e-06,-0.3544627963,-0.2227945565,-0.09128750367,17,3.941176471,-1.059285764,-0.7544414112,-1.500929717,-0.7464883054,0.001396000249,7534_102157402,7534,YWHAZ,102157402,AK6,2.02e-06,0.001598812321,-0.3755842672,-0.7569422979,0.001095059433,-0.8941947811,-0.893041565,True,False,False,True
29028,ATAD2,"11244, 29028","ZHX1, ATAD2",5073,PARN,False,-0.06952300966,-5.085071501,3.67e-07,-0.3036108838,-0.09631960338,-0.04272641594,17,5.272719532,-0.2573039011,-0.02977458941,-0.4522662897,-0.4224917003,0.0002642737668,29028_5073,29028,ATAD2,5073,PARN,4.94e-07,0.0005020615369,-0.2905562934,-0.4452755804,0.03476249094,-0.4508989487,-0.3710192681,True,False,False,True
29028,ATAD2,"11244, 29028","ZHX1, ATAD2",9136,RRP9,False,-0.09853831487,-4.020267298,5.81e-05,-0.2903962193,-0.1465777943,-0.05049883542,17,5.272719532,-0.9337315672,-0.6112432994,-1.202576332,-0.5913330328,0.01392218158,29028_9136,29028,ATAD2,9136,RRP9,0.0001216553129,0.0418504013,-0.2751426897,-0.5419686314,0.005508659517,-0.6548287697,-0.54790135,True,False,False,True
