Gene,Entrez ID,Regression Coefficient (Effect Size),P-value,Sample Size,R-squared
HDAC6,10013,0.046733850931677,0.017917664372423904,119,0.04696465774325831
PDCD6,10016,0.2418248587570622,1.832963536353655e-14,119,0.395769319453689
CDH6,1004,0.3081532955159373,0.0015723050815170047,119,0.08218913591552723
RANBP9,10048,0.12337726315789468,1.5336714639078885e-05,117,0.15063452109399234
DNAJB6,10049,0.19012883547213172,2.893121530999615e-10,119,0.28902502593903023
SMC4,10051,0.09537014289640013,0.04553543950772859,119,0.03374049910840826
UBA2,10054,0.168202657649076,1.1674903961820784e-09,119,0.2722183945408416
DNM1L,10059,0.15713581332431514,6.730666729650498e-07,119,0.190970345056919
ABCF2,10061,0.21065654633620687,3.543718688368212e-18,119,0.4771353351401808
SCAMP3,10067,0.15116616354604515,1.0988642101878137e-07,119,0.21491549615690098
ARFRP1,10139,0.15817997977755313,0.0013375665536197662,119,0.08453409272847578
SUGP2,10147,0.16599673913043478,2.861036317462544e-06,119,0.17141297461005423
LPCAT3,10162,0.2568636428864288,2.5147224882376812e-08,119,0.2339404549301891
SORBS3,10174,0.16198081163859102,0.0005336574245594819,119,0.09782788253974062
ALG3,10195,0.26263167938931276,0.00036595549441172304,99,0.12329182024509378
CDK5,1020,0.26861660380747127,9.504394263973136e-14,119,0.3787525756143093
DDX39A,10212,0.20872335080426552,2.1629929021732652e-07,119,0.206040557042799
ZMPSTE24,10269,0.2609906124497993,1.1814759552158785e-13,119,0.3764683867543861
AKAP8,10270,0.19615667496648145,6.561084219716286e-13,119,0.35818631896817776
PAK4,10298,0.24812175715214566,2.2406641839142766e-13,119,0.36970288472790513
AKR1A1,10327,0.09308925619834704,0.003219551435342665,119,0.07178545813331594
NDRG1,10397,0.21959825388026605,2.088937293735543e-05,119,0.1439358967268024
CPQ,10404,0.1517437484677617,0.005369276349531934,119,0.06436245780726924
LYPLA1,10434,0.2163970003014771,1.8403605328786767e-11,119,0.32115070577938964
EMG1,10436,0.08100397703977039,0.006548689212849434,119,0.061483790032687224
PPIE,10450,0.17163471636642397,1.3560482114029748e-08,119,0.24178495646903908
ECI2,10455,0.19010496644295302,3.1816181919655687e-07,119,0.20094465224040092
PPIH,10465,0.20521225870867543,2.245087815814618e-10,119,0.29204086238642946
CAP1,10487,0.17344917592947495,3.859455791229495e-09,119,0.25752246512330823
CARM1,10498,0.2195537949692892,2.580164501288897e-13,119,0.36820203213665026
NCOA2,10499,0.09607586155894098,9.642901722545756e-05,110,0.13188925412409458
CHERP,10523,0.08676491422805246,0.0002911941376388223,119,0.10655071316452736
IPO8,10526,0.1576775030156815,5.6504032082189546e-06,119,0.1620844707769058
PITRM1,10531,0.18036427272727273,2.599998728743705e-05,119,0.14087016432643928
RNASEH2A,10535,0.08564706628339536,0.0037348190388553915,119,0.06963004343674284
ARFGEF1,10565,0.2034820841633466,2.1819781141630843e-12,119,0.3450659729288684
DNPH1,10591,0.194008453993461,9.906024526011707e-07,119,0.18578489098793172
IGF2BP2,10644,0.16520780859286216,0.041989230241716795,119,0.034875589602504475
SPINT2,10653,0.47628835616438353,5.1473526855553815e-20,119,0.5133293293312218
PMVK,10654,0.1580708200636943,0.0012924451461741042,119,0.08503160269369425
KHDRBS3,10656,0.25035487867836864,0.0011949943806807582,119,0.0861679132757075
FARS2,10667,0.19527424808334964,6.0510695572036136e-12,119,0.3337279741749356
DCTN6,10671,0.08288188291139241,0.005889626525390191,119,0.06302116912774036
POLD3,10714,0.1689338559119196,7.4250349983512e-05,119,0.12606605978322516
SLC12A7,10723,0.19958073577809113,8.70361841469118e-09,119,0.24737244088867327
CTSC,1075,0.14294661636406508,0.0024886429612918943,119,0.07552439191404225
GIPC1,10755,0.16233996113989632,2.4403511077779203e-09,119,0.26318842455976255
NUP50,10762,0.16534578152753104,6.363499137414881e-06,119,0.16044692106486957
ZMYND11,10771,0.09559306225591548,4.665005923512013e-05,119,0.132643878713949
RPP40,10799,0.06543445229681981,0.0263031358105019,117,0.042191975331455356
STARD10,10809,0.2089346149337709,2.0119012368416324e-05,116,0.1479819554799391
ADAM28,10863,0.23595584415584414,0.006797366175248474,51,0.14016842230581184
TSPAN9,10867,0.08502857850420999,0.0032413823392367855,110,0.07745018056026587
ME3,10873,0.14797108976871828,0.0015707647067722788,119,0.08220335468804663
SUB1,10923,0.25644947183098593,1.9441326772801167e-11,119,0.3205246465913707
SLC27A3,11000,0.13639587345254464,0.021654792316547353,119,0.04425421704048449
TMED1,11018,0.17987109277708596,2.2010500397715044e-10,119,0.2922759491757353
TDRKH,11022,0.09408987341772153,0.023366951031078,117,0.043905530417753025
RBPMS,11030,0.3349482914880587,2.2081892315137995e-06,114,0.18202459347187605
ADRM1,11047,0.061452105263157884,0.0141021023838154,119,0.050403405971995885
OGFR,11054,0.1765316939890711,6.261172701896667e-09,119,0.25149859320943857
DIDO1,11083,0.10670348027842225,0.0006075563544501118,119,0.09595561439647082
PRSS23,11098,0.20987164383561635,0.0174702883638027,75,0.07494772995243693
CDC37,11140,0.23368196622436674,1.883121020007884e-20,119,0.521560181246709
PTP4A3,11156,0.1569631944444445,0.044022194175735184,104,0.03916885901013434
ABCB8,11194,0.19979760765550236,3.620299759442491e-08,117,0.23277519394788748
CHKB,1120,0.08512893157262905,0.046376146392745045,109,0.03657065799357928
ZHX1,11244,0.14848498349834977,0.0009472280148192933,68,0.15364535989523032
NACC1,112939,0.2119630345885159,3.7296744239942845e-08,119,0.22889595348213054
VPS45,11311,0.09421718038528894,0.0007303860533437689,119,0.09329491224673625
C12orf57,113246,0.09756501696268206,0.0024059037425911128,119,0.0760153068716366
PHB2,11331,0.14232756934743557,2.0133115659462783e-06,119,0.17619732655314313
EXOC3,11336,0.035178072033898306,0.013194840252709566,119,0.05136047131071908
MFSD3,113655,0.46634117647058815,6.961771401515994e-07,53,0.38578969783226713
CCDC124,115098,0.2347473844812554,1.9014523039036296e-10,119,0.2940100272398256
TBCB,1155,0.31476585475462876,2.049068725368929e-17,119,0.4613631068662275
CTHRC1,115908,0.28407608695652176,0.005971890886329915,119,0.06282008034663011
FOXP4,116113,0.291254561251086,3.279456030389848e-05,88,0.18267159818525336
COX20,116228,0.19711096311475423,9.183472795404717e-06,117,0.15786451020798997
ARAP1,116985,0.1065512784701332,0.0004562896601850556,119,0.10008688371687724
AGAP3,116988,0.1769307545655228,8.183570628208436e-08,113,0.22915085925731693
THEM4,117145,0.2130086528497409,0.013376016040234747,102,0.059639509246944056
CLK2,1196,0.17845666666666665,0.014603262006638477,81,0.07315251598041972
CLNS1A,1207,0.11033090888066605,0.0022311425784043294,117,0.07840272203884946
FGD4,121512,0.16909404802164354,0.00011378575274517474,119,0.11999676940590953
RAVER1,125950,0.13428794759825327,3.9112269388464105e-16,119,0.43380125393132196
NR2C2AP,126382,0.19311323932628288,5.0638307826415595e-05,108,0.14415586573162908
HSPB6,126393,0.15250084692597238,0.02963963047967299,109,0.043440769820836
C19orf47,126526,0.2220810400866738,1.247258971922223e-07,62,0.3746951615475962
C1orf122,127687,0.17335888787602544,0.0005982684745328073,81,0.13934882153411876
OSCP1,127700,0.13093717472118957,0.03978814992098404,74,0.05740063750158597
TAF8,129685,0.10787120910384072,0.012427934008132425,68,0.09098397350769971
NADK2,133686,0.237774791929382,2.565640796392036e-09,119,0.2625715052644715
CCDC127,133957,0.2014032132768362,3.883971458087973e-06,119,0.1672331535458248
CMBL,134147,0.22535177098495862,0.005396957185262626,119,0.0642878799896538
DNAJC21,134218,0.17848903757076684,8.646807659735368e-06,102,0.1803417311135087
VPS37A,137492,0.16035211200759375,2.374997693630414e-07,114,0.21293697039578818
NDUFAF6,137682,0.18252721207865163,0.001148453317677059,105,0.09799111174116681
TMEM68,137695,0.18347292370020252,2.6302308597630416e-06,111,0.18403424890800535
S100A16,140576,0.1541676069435834,0.019899788125931014,119,0.04546226604733972
PARP1,142,0.1832228121664888,1.4364913848664633e-07,119,0.21141467857680396
SPC24,147841,0.129420964381387,0.0018282763707160032,104,0.09126673360668347
C1orf210,149466,0.3971779411764707,6.98489581524079e-05,64,0.22670926389829493
LSM14B,149986,0.19574078386356178,1.391947154108902e-06,117,0.184051908393717
CTPS1,1503,0.2611182417168676,6.159633527584713e-12,119,0.3335286609925523
CTSB,1508,0.21334609327680204,2.9492163210492377e-05,119,0.13910124124723
CCDC50,152137,0.09207093600588452,9.27046257777667e-07,119,0.1866765694086574
CYC1,1537,0.22938473265073944,5.5827959134055564e-05,119,0.13010585116277962
MBOAT1,154141,0.18198970588235297,0.0002133136774361331,116,0.11377691975221349
CCDC167,154467,0.07734642262895172,0.04256811413191718,52,0.07971344739354458
RBM33,155435,0.07278967444596982,0.0006491653169841237,119,0.09499872808434007
TMEM65,157378,0.20406531978757794,1.3337267718037318e-06,119,0.18177548204843064
FAM91A1,157769,0.16233330429100407,6.88673503367181e-09,119,0.2503077375977577
CNST,163882,0.14744255199550305,0.00021696451969051357,79,0.16370854580514804
DHX36,170506,0.2092261377427185,3.879288691457861e-16,119,0.4338797629179135
ZNF384,171017,0.10733213929355412,1.0862559892152529e-06,119,0.18454399918087872
DHPS,1725,0.2631289052469401,5.704038468018873e-11,116,0.3148304571304371
DMD,1756,0.10502945602901183,0.036834025993813066,111,0.039369551060828845
DNASE2,1777,0.20139732263513513,6.854441434228535e-09,119,0.2503665554513643
DNM2,1785,0.13789373483009706,1.3156008909878441e-15,119,0.42206866756566397
DNMT1,1786,0.2371058411563105,5.350962287504965e-12,119,0.3351046079739335
DPH2,1802,0.15700148148148158,0.003262537430795402,92,0.09216489251354643
DPYSL2,1808,0.20327478608100402,3.0568478738156786e-05,119,0.1385976630177146
DSP,1832,0.1606440870758971,9.965951580747536e-05,119,0.1218842284264472
DVL3,1857,0.07879285523504277,0.0047326688695352925,113,0.06965908910938656
E2F3,1871,0.2034238129496403,0.0010488619821044636,64,0.160203537254188
ECH1,1891,0.2363404352806415,1.8269434128319872e-08,119,0.2380079905741469
ECT2,1894,0.25450091833387994,1.4670301469299528e-05,113,0.15628580238600842
AGO3,192669,0.08569653747244672,0.00017387435693756473,119,0.11394331554767023
EEF1D,1936,0.13190954258675075,1.3519845143412917e-08,119,0.24182290018360697
EHHADH,1962,0.1554901815181518,0.0007582758344169992,119,0.09275305631740816
DCP1B,196513,0.18225665541807282,2.691417700089141e-06,114,0.17923284478385904
EIF4A2,1974,0.14076193009118537,2.669068404550366e-09,119,0.2620841880214284
EIF4G1,1981,0.18101112324114507,1.813645622737108e-14,119,0.3958773901121586
SERPINB1,1992,0.11080999265246148,0.005916941506617948,119,0.06295408852834183
IBA57,200205,0.1333938826122899,9.455960994595396e-05,119,0.1226314983852218
CTTN,2017,0.16040338420703384,3.749308161863573e-07,119,0.19876809205541368
ENO2,2026,0.1226248852524446,0.013196194439581928,119,0.05135899364734975
ENSA,2029,0.13070457924974657,1.7742186094461896e-05,119,0.14621823668364964
ADCK5,203054,0.1519012976140644,0.0011464536294475802,104,0.09893564610063166
EPHB3,2049,0.1489937809099902,0.004375224446049393,119,0.0673328583417826
EPHX2,2053,0.3539676694915254,4.069546800135233e-08,119,0.22777582224238602
NR2F6,2063,0.26373123129115944,3.858281463558286e-07,119,0.19838775254297047
AKT2,208,0.2651595687550854,1.040924185363299e-18,119,0.4878767790628694
MECOM,2122,0.20724707621550592,0.0002705308148241857,119,0.10760787277946238
EZH2,2146,0.119815638875185,0.011043025661284107,102,0.06284422487497299
FAAH,2166,0.22614436219431594,0.0019340715012868288,114,0.08258409512688436
PTK2B,2185,0.13122981038234383,0.014665256630413313,111,0.05341500378642605
KDM1B,221656,0.10185145985401463,0.023628723439942403,78,0.06558330670409762
FDFT1,2222,0.24089747122955796,6.908828274913293e-05,119,0.12708798626259987
FDPS,2224,0.09926937332823844,0.02170897797484025,119,0.04421852714705499
FH,2271,0.17393470850963802,1.4468058432878432e-05,119,0.14906331178779375
COG2,22796,0.06491592521834062,0.017132389422469505,119,0.04760723614258355
PUF60,22827,0.11403187321937322,8.019473981844092e-06,119,0.1572530560104507
FKBP4,2288,0.2166489469337188,3.8504298664511304e-09,119,0.25755150762493895
WDR37,22884,0.1957274156791248,1.6941532378446508e-11,119,0.32209442778753994
FOXJ3,22887,0.1998165803108808,1.5167735959281328e-06,104,0.2037358289717084
UBOX5,22888,0.22216567342073895,0.014712726917284443,48,0.1225696436416498
NCBP2,22916,0.1170089012632978,0.00034847975963344004,119,0.10396872861959017
SIRT2,22933,0.16307831460674146,5.353751201722676e-07,119,0.194028225934205
TPX2,22974,0.2579228915662651,7.323783731673367e-05,119,0.12626084325579556
PAXIP1,22976,0.10695770887166237,7.576488196242619e-05,113,0.1321364458377804
DIP2C,22982,0.16291410256410258,0.007433669181082705,53,0.13225646433977156
STK38L,23012,0.17674496342149693,9.062260619747845e-07,119,0.18698183026450022
RBM34,23029,0.08833642290974172,0.006642454667675273,119,0.061277803973387335
XPO7,23039,0.2614985682819382,3.40816092204885e-18,119,0.4774807070606324
CMTR1,23070,0.1578320596366509,2.4756727890927555e-08,119,0.23414013891062257
ERC1,23085,0.1926774554591137,4.9092744028796305e-11,119,0.30986960663261554
SIPA1L3,23094,0.11288669332848573,0.00046211497754345614,113,0.10503299136080113
POGZ,23126,0.11583819050991505,0.0006307654075279558,119,0.0954141241486951
GRAMD4,23151,0.12978165680473375,0.009335893981181165,112,0.0598439948459909
EFR3A,23167,0.12268291416074355,5.903734493165362e-05,117,0.131418164129675
LARP4B,23185,0.22189653476169652,2.4549471178655146e-13,119,0.3687316555583441
ATP11B,23200,0.15795982486117033,0.004132574184340239,87,0.09274023328436531
FAM168A,23201,0.08729597044996641,0.03255194206238954,100,0.04578087080326487
BOP1,23246,0.09773505119453922,0.00037060279682315833,119,0.1030829903823024
RPRD2,23248,0.1692029801324503,5.511951666792889e-07,119,0.19363969619605248
KIF13B,23303,0.1264349014709964,1.648267566622546e-06,119,0.17891108627657915
SIN3B,23309,0.12855357371452947,0.00018797485838985105,117,0.11468057855585068
SZT2,23334,0.11354590517241384,0.02623113097916622,60,0.08232955321236024
U2SURP,23350,0.07438500727802039,0.006079834828771897,119,0.06256040136896868
CRTC1,23373,0.14586750428326667,0.0005529642469815408,104,0.11086853635872362
SMG5,23381,0.09240479921645445,0.004979156355658873,114,0.06828917653692956
SIRT5,23408,0.14974863089937662,0.0001473704810931394,119,0.11630724590073838
BRD4,23476,0.20829037193111039,6.414838903381302e-14,119,0.3828590553536255
POFUT1,23509,0.21342902010050258,1.0967495907698781e-06,119,0.18441448775318225
SCRIB,23513,0.24342725546058877,5.856133562382522e-16,119,0.4299232238533762
SLC39A14,23516,0.1578849770290965,0.005165285253992975,119,0.06492425483422559
ACAP2,23527,0.2037854465270121,1.517772109111161e-14,119,0.39769117154665223
SNAPIN,23557,0.07233001321440372,0.018090100047293126,119,0.04682739513956402
GTPBP4,23560,0.08070796490428436,0.004495770471209127,119,0.06693842188080568
PLD3,23646,0.24476770056394392,6.301332442983489e-09,117,0.25519465319577606
PLXNB2,23654,0.13234266575060127,2.538507838304894e-08,119,0.2338203180124786
FKBP8,23770,0.16211514598540136,6.670390904202676e-08,119,0.22140169593526748
BRD1,23774,0.18368437499999996,2.9739532665104253e-05,81,0.19913554714140502
PRPF6,24148,0.0858969666329626,0.0004105126138404936,119,0.10161031089597772
NEIL2,252969,0.17776364082433765,0.0035056152353970084,59,0.14001326097387112
RICTOR,253260,0.10183115404976179,2.7647360245833382e-06,119,0.17188011525655622
UBN2,254048,0.25942500000000007,0.015318821120130463,68,0.08584439888353057
NAALADL2,254827,0.1422096774193548,0.025408104039380465,110,0.04540844978531389
TBC1D22A,25771,0.17614799176107104,6.481294425478567e-05,90,0.16668355998965767
PGLS,25796,0.22542398910538453,2.2732359537686617e-11,119,0.3187367629443487
ATXN10,25814,0.22487275641025636,5.406981611686819e-09,119,0.2533294258888117
NIPBL,25836,0.10005566110397947,5.430416005503153e-05,119,0.1304972449716929
ARMC8,25852,0.061401457852193995,0.025221191748961726,119,0.04208048196109404
GALNT2,2590,0.1622559149722736,3.463782385540401e-06,119,0.16880075532527283
AHCTF1,25909,0.09265083581405995,9.046680775966436e-07,119,0.18700495047352106
WWTR1,25937,0.17619142642642643,0.00035653277119454167,113,0.10894893510787529
KANK2,25959,0.08418206158980578,0.01605270355131868,119,0.04854139844329042
GAPDH,2597,0.20465822191179403,1.342514636243552e-11,119,0.3247399765639415
NECAP1,25977,0.19302402105263147,8.417499029173208e-09,117,0.2515232196413404
FAM32A,26017,0.25443324347506446,3.9042250589046156e-10,110,0.3052654460679337
UBXN7,26043,0.19878520320100418,5.750466958104069e-13,119,0.3596107374696432
RAI14,26064,0.11963751287332652,0.00217112416815667,119,0.07750601026067705
LSM14A,26065,0.16855539811066114,3.632669533705556e-12,119,0.3394231634858039
ZBTB20,26137,0.189027729257642,0.005974133470115583,68,0.10897147052686407
MTG2,26164,0.26771369399830935,5.853044176368181e-05,75,0.1996607159877195
GMEB2,26205,0.07363597285067877,0.019909420266559244,110,0.04916562788641565
FBXL6,26233,0.19592913279132795,0.00023960605206558617,87,0.14755886024706955
MYCBP,26292,0.15973193741802513,3.2318711768136037e-09,119,0.25972078385806685
GCDH,2639,0.264807829391892,1.837577725255753e-16,119,0.4409898503880074
AGO1,26523,0.09141087570621471,0.0005708626528421792,117,0.0984606437122929
GDI2,2665,0.18215785619174438,3.3172269729436613e-14,119,0.3896887145682004
OPLAH,26873,0.26803302616609775,6.619245856379075e-08,119,0.2215013376622883
COPG2,26958,0.08915605292792798,0.0038005875967409408,119,0.06937662493911145
PABPC1,26986,0.06415369585687382,0.008554933252679848,119,0.05761481857677864
AKAP8L,26993,0.1781477494732809,1.6359658089834683e-09,119,0.2680990877289049
TRAPPC3,27095,0.12376022030651342,1.0718103837263175e-06,119,0.18472431927999933
AGO2,27161,0.13122311235955061,2.446504496232691e-06,119,0.17354680024452374
GPKOW,27238,0.0479590909090909,0.047535527105323765,119,0.033140125621930805
GOLIM4,27333,0.16414256919374248,0.0003690032393121677,119,0.10314524840296202
EIF3K,27335,0.05342283285642148,0.01585874565367525,119,0.04871595961371855
GMDS,2762,0.21323605405405419,1.0847026113703471e-09,119,0.273113582586172
GMPR,2766,0.24066517915309446,0.00018489852078182849,119,0.11306372564725542
GPI,2821,0.21707742427128973,1.3934557168670723e-11,119,0.32431711983650047
GPLD1,2822,0.12736947881514807,0.04929112981962494,68,0.057302629050258735
PGM2L1,283209,0.20497823121110584,0.0006046802851792196,119,0.09602414306521534
KCTD21,283219,0.11156666666666666,0.0034285747945553,114,0.07392962194227992
KCTD1,284252,0.15171607341490537,0.0020717958027576923,83,0.1111389240106202
FAM83H,286077,0.269268156996587,1.726913543896064e-08,119,0.23872279622409642
CCDC22,28952,0.0212921212121212,0.0343741828533585,119,0.03769100177626383
AAMDC,28971,0.1991135506587914,4.16146249479761e-05,119,0.13425544714275495
C19orf53,28974,0.21967613221329438,9.436715797415912e-08,114,0.22543598082791327
COMMD5,28991,0.0616308720112518,0.0010267831870762573,117,0.08983778519753216
ATAD2,29028,0.10649011868369002,0.004342158892924123,119,0.0674429566787702
BABAM1,29086,0.09315143730886846,7.924410513952262e-05,119,0.12514228641988923
GTF2E2,2961,0.236737802907916,7.194131263260699e-13,119,0.3571896096416921
REPIN1,29803,0.18647687927107048,9.498572044015087e-06,114,0.16126328631730813
CNOT7,29883,0.1440592988263617,1.9600589435084965e-07,119,0.20733703038371276
GNL2,29889,0.11571000767606991,2.5608790008529846e-06,119,0.17292437889592505
HOOK2,29911,0.13525986583184266,4.124631506793524e-06,113,0.1746056436327028
GYG1,2992,0.23126490825688065,5.5295302444747186e-09,119,0.25304994311206974
PYCR2,29920,0.15518655276935794,0.0016939876209363012,119,0.08110767613504788
CERS2,29956,0.18322903169014085,2.444458643932363e-06,119,0.1735581932034006
TNPO2,30000,0.22874831758660708,9.89530950281948e-17,119,0.4468136107954561
HNRNPL,3191,0.0510727397260274,0.00020779723796202087,119,0.11139184011320502
HSF1,3297,0.1870371899886234,4.309328314385942e-12,119,0.33752186697566633
DNAJB1,3337,0.24572066062176157,2.6283682409281818e-21,119,0.5372829352990083
ICAM1,3383,0.19057632245566977,6.034718145176353e-05,119,0.12900434807001115
NRBP2,340371,0.3215439197455346,5.094016923980345e-10,117,0.2863984444609826
IDI1,3422,0.19910366909753865,7.89116947111199e-06,119,0.15747606992660101
PALM3,342979,0.2792409252971138,0.0001518281075875727,119,0.11588156865236832
NMNAT3,349565,0.11508787151005705,0.031229968308666915,119,0.03904698827659503
IL1RAP,3556,0.16735113249148123,8.046634339834092e-05,119,0.12492497283020698
IRF2BP2,359948,0.10670313745019923,3.56981435172992e-06,119,0.16838815936506457
ILF3,3609,0.10456526864474737,9.889855820600356e-08,119,0.216288343635882
INPP5B,3633,0.14391614858906523,7.839412177586498e-05,109,0.13622006131639852
INPPL1,3636,0.22083786173633452,5.4376782736030144e-11,119,0.3086841002231353
ITPR2,3709,0.13951691719409282,0.001953095608679376,119,0.07904218941869146
JUNB,3726,0.11877417966648733,0.007409713997522697,94,0.07537415603380437
JUND,3727,0.10794345859429363,5.7063574741099066e-05,117,0.1319065747694953
GSTK1,373156,0.2501958984375,2.1611001087241368e-07,119,0.20605208596255764
TMEM205,374882,0.17317998886945463,8.90303884163762e-09,119,0.24708789026097278
SLC27A1,376497,0.18007533430839945,0.00015414808641808455,119,0.11566489867942442
KPNA4,3840,0.15433572671888604,1.9591254245394913e-10,119,0.2936562244316122
KRAS,3845,0.12611667573449395,0.004734282941850831,114,0.06905132288341154
NSUN4,387338,0.19901728365951432,2.7068580592765933e-08,119,0.23300042275727806
RBM12B,389677,0.11008909838389566,9.157582403117727e-06,119,0.15541633442777014
NUDT19,390916,0.15382681415929209,0.0002593358938360198,119,0.10821458613078894
LAMA5,3911,0.1598039290048543,0.002265943046757276,119,0.07688545329353336
LDHB,3945,0.27938531042128606,2.464661035236918e-10,119,0.2909325716660325
LGALS7,3963,0.4731189898198904,0.0029312809527678265,55,0.1550996660175883
LMNA,4000,0.20574986979166668,0.0010770873206037929,119,0.08767309320988603
LPP,4026,0.08158920972644375,0.018231001547899372,119,0.04671621915640478
ARNT,405,0.11919830879426976,0.006026319497799327,109,0.06836862388474829
LY6E,4061,0.32092582560296845,0.00011455487278625839,114,0.12492645323412332
LYN,4067,0.09039603437876959,0.04032823890683821,119,0.0354419115004555
TM4SF1,4071,0.2497313861043899,0.00995622222384595,74,0.08871334601868719
M6PR,4074,0.19437137681159417,8.229255427992955e-10,119,0.27646607035497583
ARSA,410,0.12444036664270311,0.041410867139418495,116,0.035980153929208614
MATN2,4147,0.12114409385113273,0.04476890592025622,119,0.03397788998132656
C8orf82,414919,0.37711551763367457,2.506723896550904e-10,119,0.2907314010990608
MBNL1,4154,0.07317550271739129,0.002922600474972245,119,0.07319053037899492
RAB8A,4218,0.22189751738794433,1.9942699198162965e-14,119,0.39490833736947184
ASAH1,427,0.13962528825179188,0.002406130638544057,119,0.07601393770240639
MMP7,4316,0.31247016883831885,7.558521863803509e-05,117,0.1278637664938128
ASPH,444,0.12562696629213488,0.0002954817321132444,119,0.10634070093217263
MSRA,4482,0.14772205539358604,0.00012357906888773058,117,0.12076452850640584
MTR,4548,0.1385730443206587,0.00026235385731464625,119,0.10804850640056585
MTX1,4580,0.07765076423385557,0.024964006444694608,119,0.0422263864331367
MUC1,4582,0.20156245701184566,0.02640870285250067,119,0.0414259705259058
MYO9B,4650,0.14101127676605968,7.784464621511831e-07,119,0.18902193685666435
NASP,4678,0.21720392561983465,7.649787528503909e-05,119,0.12564292010449607
NDUFB9,4715,0.08657333257195073,0.027687551895552682,119,0.040754013632086084
NF1,4763,0.1885918138987044,0.006336383365486796,115,0.06409215942067548
NFIX,4784,0.17763423121008673,2.5678406577373674e-06,119,0.17288738468837295
NFKBIB,4793,0.16364708520179372,8.229407995262195e-05,64,0.22280186003250824
NOP2,4839,0.1678162542406705,2.1411210930533448e-08,119,0.23599032234609518
CNOT4,4850,0.24606536774628887,4.030768420916578e-08,103,0.2590378617747654
NOTCH3,4854,0.1487344155844156,0.006697396252012901,100,0.07263275337158748
NPR1,4881,0.21804350842418238,0.000238864533339554,119,0.10939444305751933
YBX1,4904,0.084477246505436,0.0003183765541689593,119,0.10526808349751382
OPA1,4976,0.24988353293413174,1.7714247693838459e-22,119,0.5579937256444661
RRM2B,50484,0.20632736553784858,4.216388605930233e-05,119,0.134070546252973
PRDX1,5052,0.17508305785123957,5.937591167313914e-09,119,0.2521614157309181
PAK2,5062,0.1889659740691489,7.924680245170252e-19,119,0.490238266771418
ASAP1,50807,0.1290547459375805,7.20305442018152e-06,119,0.15873681565689768
GOLT1B,51026,0.1402784574468085,0.019722191311135128,72,0.07523416568275287
DESI2,51029,0.15339666666666668,0.0008547391577470054,96,0.11210850637768832
YARS2,51067,0.21725532634426784,1.3761319422787086e-07,119,0.21197649124875095
NMD3,51068,0.1645473450057406,5.588628715501684e-07,119,0.1934553218264503
PCM1,5108,0.1730094110314739,8.671174517169662e-07,119,0.1875744072923301
SCCPDH,51097,0.14606556581439387,3.748673877800903e-05,119,0.13572756770623007
PHF20L1,51105,0.1603086191923578,0.0040522052204633565,95,0.08542458084166338
COMMD2,51122,0.12219741891891893,0.015618313748320452,117,0.049768472435323785
ZNF706,51123,0.13237245008094983,0.0021589691860094988,114,0.08092185195955681
DBR1,51163,0.12642206231453998,2.2896574904033935e-06,119,0.17444873792838878
ACP6,51205,0.15865178168696425,0.032233518425250865,91,0.05049786646009502
C1RL,51279,0.1169161700536093,0.010830177289309779,110,0.058609905243688365
COA4,51287,0.2048466868198308,5.013063590320894e-05,119,0.1316275910226482
ERGIC2,51290,0.2051298311727465,3.749708250899482e-07,119,0.1987666758262454
ECSIT,51295,0.27911776470588234,1.8042363599082306e-08,100,0.27748955360651206
PCYT1A,5130,0.22417052047074426,2.0129875842278985e-15,119,0.41789900824707116
RSRC1,51319,0.08230993757381475,0.009758163411011966,104,0.06367781564055142
THEM6,51337,0.31233178345339446,1.4187357943166913e-09,119,0.2698412051163377
PPME1,51400,0.1405788756810302,3.4471143354178536e-08,119,0.22990660154319442
NOL7,51406,0.08684348842386466,0.0381195674850783,119,0.03623355319881971
PRKAG2,51422,0.07629488759970994,0.02500732495034372,81,0.06198432287936528
SCARA3,51435,0.19883830622546275,0.003095114549772597,85,0.1006288194264855
FAM8A1,51439,0.11773853612761966,0.002398841628760333,66,0.1350802479049633
PDE4D,5144,0.12938389312977105,0.01592136938090976,78,0.07408148864111908
DCDC2,51473,0.20414730679156912,0.0006008048408125139,115,0.09935858433726907
ISYNA1,51477,0.2225183800623052,7.288084856548423e-05,119,0.1263301555194235
TMEM14C,51522,0.273601625526791,2.857377235105364e-11,119,0.3161141602622546
ZC3HC1,51530,0.05810185084376701,0.04400441315296748,119,0.03421889048561977
PCF11,51585,0.09551953849471638,0.0004951718335157848,119,0.09890772093659705
LSR,51599,0.18426289009497962,1.702970963626887e-08,119,0.23889993477210636
ZFR,51663,0.047657482394366214,0.02932550418726371,119,0.03993842075888676
NUB1,51667,0.18490345828933466,8.723435581184747e-10,119,0.2757594014689929
SELENOT,51714,0.16702382650029712,1.5115329057612398e-05,116,0.15206238763004465
DNAJB11,51726,0.18737697898032196,1.0288117221529228e-10,119,0.30124601136784035
WWOX,51741,0.17080151209677422,0.00014533490659159173,104,0.13252991403636938
ARID4B,51742,0.09620014059304702,3.1569725019922683e-06,119,0.17006886480964567
RSF1,51773,0.15011532258064506,1.910018993491874e-08,119,0.23744305644979025
PEPD,5184,0.13278165004156273,6.357007762365153e-09,119,0.2513087526837906
PFKP,5214,0.14842029096477796,0.004353583056725574,119,0.06740482291018302
ATP6V1B2,526,0.12533828295419133,5.455981335292036e-05,119,0.13043082673985396
SERPINB6,5269,0.13157620315944166,0.0034969029212732557,119,0.07058565073878564
ATP6V1C1,528,0.18620098814229247,1.278067125327694e-08,119,0.24253341829804698
PIK3CA,5290,0.11827940513109671,1.8969730779738669e-06,115,0.18268526994452694
PIK3CB,5291,0.12603464831290914,0.0006169423028634772,114,0.09980523832731936
PIK3R2,5296,0.12344835428571432,1.9586328741104554e-05,117,0.147170283734815
PI4KB,5298,0.16864977232924686,1.1017419910487917e-08,119,0.24440658828933293
PIN1,5300,0.2164047813996602,1.0003952980311981e-26,119,0.6256965903413436
PLEC,5339,0.2598543799772468,5.913002069470605e-11,119,0.3077108279623728
PLSCR1,5359,0.1946733015160022,0.01713401398873253,119,0.04760587609861311
CHRAC1,54108,0.12586593910291388,0.00153486414678623,116,0.08462521200940754
DCUN1D1,54165,0.21648973772858512,1.2967930398238045e-16,119,0.4442766403248477
POLR2H,5437,0.18933272683163516,7.779605207312166e-13,119,0.3563418154632556
POLR2I,5438,0.0672366798490023,0.005391675781866848,119,0.06430207947653888
XRN1,54464,0.10978862506902266,3.842915561866389e-08,119,0.22851194845043776
PLEKHA5,54477,0.24927664424514204,8.228963262226723e-11,119,0.3038597058078636
MTMR12,54545,0.23360713028169014,3.2775145563336394e-11,119,0.3145364566917259
DDX49,54555,0.11741785639522714,0.0003514133667354691,117,0.10556261724516114
EGLN1,54583,0.10065122816593886,0.00336890039998705,119,0.07112708203480977
TRIT1,54802,0.12883744959677418,0.003948281068166396,78,0.1041867767002993
GATAD2A,54815,0.12657066796790287,9.666289675953728e-07,119,0.18611442157374924
ESRP1,54845,0.20689281934087067,1.1161814816015903e-11,119,0.3268326005655726
FBXL12,54850,0.1312903379549393,0.0008510034355177638,70,0.1519507960441976
CC2D1A,54862,0.23936480819245778,1.199492166749135e-15,119,0.422970604365561
NSUN2,54888,0.21702727272727257,8.617825344192833e-14,119,0.3797778596217857
NCAPG2,54892,0.14932248587570626,8.916505546070862e-05,109,0.13424448417365475
CDKAL1,54901,0.20181198273954415,1.854914669541979e-13,117,0.37678537734974926
YTHDF1,54915,0.20018869426751598,5.7563085646165246e-08,119,0.22330767352905156
CHCHD3,54927,0.0620508733624454,0.021690545312511224,119,0.04423065778017188
TMEM161A,54929,0.12278132747933886,0.00018561477752232714,109,0.12293877997684477
PIGX,54965,0.13624110942249237,0.00024854586821480634,103,0.12501982073268303
PAK1IP1,55003,0.20107989163154716,3.911960976722933e-10,119,0.2854213839268025
TTC38,55020,0.2092477401129943,0.00023355123114351844,119,0.10971707788844265
PPP1R2,5504,0.2041380374862183,5.027656469600408e-17,119,0.45311640177823376
OXR1,55074,0.2042047892720305,1.6578021563189868e-09,119,0.2679367542628225
GPATCH1,55094,0.22403749999999992,4.4731337780759295e-11,114,0.32235589773460926
SAMD4B,55095,0.2323527310257225,8.25933159462054e-15,119,0.4038484073382622
WDR70,55100,0.14814032044491526,1.5013455454410889e-06,119,0.18017505689724234
RBM28,55131,0.18159141961918526,2.685143056223315e-08,119,0.23310331090385505
ELP3,55140,0.1260677992607336,1.333022745136889e-06,119,0.18178261430098863
FAIM,55179,0.1261536,0.003633100563221458,117,0.07120946764630876
PPP2R2A,5520,0.3433422830923249,5.947788175202535e-19,119,0.4927115966554212
MAP1S,55201,0.21446309626128054,3.708063946464626e-15,119,0.4118589171676428
GOLPH3L,55204,0.2125968739439,6.75696187957835e-08,119,0.2212347398806327
CCDC25,55246,0.254916363377879,5.2546877229640035e-15,119,0.40838480425504065
KLHL26,55295,0.1079978866474544,0.005767182573062477,79,0.09482033276740065
CCDC91,55297,0.2769335244417623,1.407067075964472e-13,119,0.374628168987432
C5orf22,55322,0.23030748244192328,7.71967058563898e-06,119,0.15777982062572926
ABCF3,55324,0.20891040664100086,4.1896803718328195e-15,119,0.41064423586742715
AGPAT5,55326,0.17545202588632525,6.728197641735605e-05,119,0.12746351825469493
LSG1,55341,0.12777220670391065,8.640612830423718e-09,119,0.2474636788866842
PPT1,5538,0.22834866143317237,3.74745213468605e-06,119,0.1677233035509922
PRCP,5547,0.12210823468328144,0.005547908594072839,119,0.06388782597693765
PARL,55486,0.2837536212704523,6.02811367987417e-11,119,0.307486721236082
ETNK1,55500,0.24079050197570612,5.429167850247995e-08,114,0.2328383571454289
RBM38,55544,0.16538726572958493,0.0009881900201981128,119,0.08892070966523813
MED29,55588,0.13581375537684678,0.00031698525729998214,111,0.11264236584123677
TRMT1,55621,0.2530626426989266,3.98732205878016e-11,119,0.31227591072968075
POMGNT1,55624,0.14798380281690143,9.821311433481149e-05,116,0.12510826233882066
CHD7,55636,0.13286557501904045,0.008406417484797878,84,0.08167756184991393
PRKACA,5566,0.15122934782608702,3.4149209947034015e-08,119,0.2300268908114278
MFN1,55669,0.14439855625170253,3.88693099577163e-06,119,0.1672227171697429
TRMU,55687,0.22678465553235896,9.269382327162958e-06,101,0.18089061359354075
MAP7D1,55700,0.1496148275862069,6.949278262188757e-06,119,0.1592320359778897
ASF1B,55723,0.23364609038737444,1.8069287063838333e-05,105,0.1641683256872285
ARFGAP1,55738,0.22485709483368732,4.72071676446624e-10,119,0.2831681730536587
NUP133,55746,0.055317108650875337,0.007928196579618041,119,0.05871556192284344
AGK,55750,0.1930259933380918,1.418702158365828e-09,119,0.2698414947119263
INTS9,55756,0.11190081395348839,0.00023517741403838115,113,0.11521253565745637
PRKCI,5584,0.19236057457212719,7.28431469634475e-07,119,0.18991195395005322
ITFG2,55846,0.09386353996737357,0.027276317647074635,101,0.04826895229604944
USE1,55850,0.17468133347031026,6.489148473894033e-07,117,0.194454614757414
ACOT13,55856,0.17715515743756782,7.5981616228650284e-06,119,0.15799909199290674
PBK,55872,0.20538634714242515,0.0021877858516729733,113,0.08142134086651309
PRKCSH,5589,0.17667706242158096,2.667573959006559e-10,119,0.28999160529312373
CMAS,55907,0.38630477528089885,5.961843631754443e-09,119,0.25211051831333386
BIN3,55909,0.09122333333333339,0.026336753359215145,63,0.07830656024825067
DMAP1,55929,0.06916114150708776,0.00751545994331714,119,0.05948942537758872
SLC50A1,55974,0.1820629255989911,0.013220399420268012,59,0.1029543780658565
PPAN,56342,0.09232255740657364,0.000316265510211471,119,0.10536372794181903
ZC3HAV1,56829,0.0856777791878173,0.0001884669138221721,119,0.11279012032460312
GRIPAP1,56850,0.06809361913357398,0.0010730965324910054,119,0.087726866459785
UBQLN4,56893,0.19429883548983376,1.4471522206233719e-09,119,0.26959893172747906
WRNIP1,56897,0.1855667523879501,4.111154199806075e-10,119,0.284826535683499
MCCC1,56922,0.10079393239299615,0.0056504433659553535,119,0.06362227270773202
ENY2,56943,0.04735922300706355,0.04851254171076886,119,0.032856337160209526
OTUD7B,56957,0.20017884962134871,9.72766991320227e-07,113,0.19507424130937934
BBX,56987,0.12932933509633543,0.0001787913834932105,117,0.11540839095576694
CCNL1,57018,0.08258656139220108,0.03810471005489648,111,0.03885833266686456
PSMC4,5704,0.03820874220872624,0.0007124777122354026,119,0.09365380128309864
PSMD2,5708,0.08084813197476953,5.398466816969064e-06,119,0.16271225914594045
PSMD8,5714,0.03906634154141349,0.005915228051028401,119,0.06295828730672104
SLC44A2,57153,0.19447390699830072,3.2615259543341385e-08,119,0.2306158354716178
ACTR3B,57180,0.12211915433403803,0.015767560611829035,96,0.06043236476869107
PBXIP1,57326,0.26285169187898094,7.946486283070035e-06,119,0.15737948451492434
MRS2,57380,0.22920686603600848,1.8624357986408285e-06,74,0.2722975532044708
GATAD2B,57459,0.10934489339752407,1.6637438517893283e-05,119,0.14711558953699344
PTK2,5747,0.23352775000000006,1.8191707556384273e-15,119,0.41889414857104246
ZNF512B,57473,0.2638900741489721,7.911896847291135e-09,119,0.24856931276928085
ESYT2,57488,0.13644039592316745,1.0530723308930875e-08,119,0.24497582926459804
CGN,57530,0.1883799299474605,9.882990529897265e-05,119,0.12200317222181711
PTK7,5754,0.08925797919433379,0.008523990184712487,119,0.0576672283836559
NCEH1,57552,0.15798218517497936,0.0035325399146890653,119,0.07043844007880595
DOCK6,57572,0.12641881067961164,2.1736878773492806e-05,119,0.1433793812176316
ZNF687,57592,0.075800290866783,0.013408359659218475,114,0.053359757566636135
PTMS,5763,0.20495358214928963,2.4851341141858797e-06,119,0.17333342590106704
GRAMD1A,57655,0.13179109096938213,4.452919790468575e-05,112,0.14118989791334868
PTPN6,5777,0.1121123129115945,0.0009205263029692814,119,0.08994763787176285
SUGP1,57794,0.1291423305714893,4.3214119917931383e-10,119,0.28422866742527353
CCAR2,57805,0.26377486983154663,2.4095959853208446e-18,119,0.48054096838411875
PTPRA,5786,0.1659897477931904,1.9167361704622785e-10,119,0.2939152484066955
PTPRF,5792,0.18032601880877744,1.1429058900213195e-05,119,0.15234293450444547
PTX3,5806,0.3533230410447762,0.0018753017054840857,105,0.09000378498666117
PEX5,5830,0.12413628745024095,2.5273377484872018e-08,119,0.23387659806016148
EPS15L1,58513,0.15896010776292147,1.2757176891820426e-10,119,0.2987198517582399
WIZ,58525,0.19780204751131225,2.9737640167778515e-09,113,0.2727749418221945
BCAT1,586,0.21692354822205182,0.02886545194591866,119,0.040162680050341404
RAB2A,5862,0.16700018652076587,2.9461488178559157e-10,119,0.2888085643381576
RAB6A,5870,0.13459792878752613,8.874722271388509e-08,119,0.21769743690903298
RAD23A,5886,0.24480553034123384,2.735146404539317e-17,119,0.4587230433297801
RAP2B,5912,0.10299551609990976,0.03684537193774085,119,0.03671212200306728
RASA2,5922,0.08026499315381104,0.004408781997073076,114,0.07012799331866693
RB1,5925,0.2919359437250995,1.595947380765633e-08,119,0.23972296891829836
KDM5A,5927,0.06087039561416502,0.03803581830275509,110,0.03924011143434902
UBL5,59286,0.18951192331351233,2.0023126679647384e-14,101,0.4479160156608065
RBP1,5947,-0.16275909636745722,0.0357545504940423,119,0.037135597148776234
RECQL,5965,0.1602754374158815,1.4131308179977583e-07,119,0.21162930357763798
UPF1,5976,0.14281853512705533,5.0715384148169265e-17,119,0.45303595625136994
BCL2L1,598,0.1512896385542169,0.004173297213883336,119,0.06801865322610712
RFC4,5984,0.13423282674772033,1.9633046486249305e-05,119,0.14480334147638196
RFX1,5989,0.17464443612774447,4.017637388367912e-10,117,0.2892797560218866
RFX5,5993,0.14638607247796287,0.0015043486596153265,114,0.08637892684905091
RHEB,6009,0.2378422110552764,8.568166607336253e-14,119,0.3798383173103417
EXOC4,60412,0.03928543622624227,0.007932970775495814,119,0.05870684988788155
CCDC90B,60492,0.19705659259259264,1.885547046848436e-09,119,0.26635905515561775
FASTKD5,60493,0.16272790668348042,3.7266377819030705e-05,119,0.13581059981282062
MRPS12,6183,0.06929842696629208,0.006313331462572908,119,0.06201418408129189
BDH1,622,0.30571085709733925,4.3758616712121e-08,119,0.22684260915938959
RREB1,6239,0.09367409638554221,0.0005431889156127603,116,0.10001773467644082
S100A1,6271,0.5509474256475856,0.0004054278928468643,119,0.10178983448107959
S100A6,6277,0.224703693636073,0.036242376206596,119,0.03694458976801773
S100A13,6284,0.2717058842340902,0.00013652882150582888,119,0.11739826673535525
SBF1,6305,0.14025441409691625,6.57051530240363e-06,116,0.16386715203761537
BICD1,636,0.25575926614812305,1.2909518373716583e-06,119,0.1822157092621134
SDHA,6389,0.12388873587570622,2.6011701852559878e-05,119,0.14086384627905113
SH2D4A,63898,0.22124605796198188,5.0098309306778695e-06,119,0.16373979247638903
BLOC1S5,63915,0.07705979017347048,0.000927311176711242,116,0.09210295878118469
MCUR1,63933,0.18134380696424401,1.5756602172736325e-07,117,0.21345142372439185
KIF13A,63971,0.08955729691876746,0.013770915586736009,107,0.05640483166272747
C19orf33,64073,0.46602636198223285,1.0928881463589166e-05,104,0.1734891033957494
GOLPH3,64083,0.1729582219419924,5.1078576611338e-08,119,0.22485025330644193
RRAGC,64121,0.15273220910623947,1.0217252368965394e-09,119,0.2738408206680233
TFB2M,64216,0.24355623910336227,2.692508499546751e-10,117,0.29411317451798413
TRA2B,6434,0.09916004283137968,2.6095510263228652e-06,119,0.17266778772802482
NOM1,64434,0.1852966853207061,1.7554506322613548e-06,113,0.18676068454921735
SHC1,6464,0.12890536296900493,0.001405627877159484,117,0.08521410341129643
C6orf132,647024,0.17409792022792026,0.00028750508798190417,106,0.11930688667090183
WDR13,64743,0.06058167701863353,0.00804033777601222,119,0.058512307316741285
SMYD3,64754,0.2302587585481326,3.9900701321934415e-07,115,0.2042061728990543
FNDC3B,64778,0.09862379983726607,0.00549304297946071,119,0.06403195314275112
DEPTOR,64798,0.18381231660930986,2.8667024863673005e-05,119,0.13949976100530548
ST6GAL1,6480,0.15515311158798292,0.0018379175820829124,119,0.07992434191052711
ST3GAL1,6482,0.1657790010741138,0.02086560631602319,88,0.060520780491020276
ELOVL1,64834,0.2433775390345222,7.065943908464441e-08,110,0.2367497901314327
PPP1R3G,648791,0.2064678947368421,0.0043403227536105635,84,0.0949969679540269
KRI1,65095,0.2536089696777266,3.718876964108679e-15,119,0.41182998127785053
INTS3,65123,0.06630748265609515,0.014894008747491968,119,0.04961773063606967
WNK1,65125,0.16446318129988596,1.9745780481276378e-08,119,0.2370205088829226
SLC2A1,6513,0.24738227202130036,0.000944413616156724,119,0.08957676718056551
SLC4A2,6522,0.14970883620689657,4.345681611913798e-05,119,0.1336445369698871
C8orf33,65265,0.20469093260525933,4.2479697255472073e-05,104,0.1521765385655297
GPR89A,653519,0.09879452173913046,0.004899835411565762,119,0.06568961734770917
HLTF,6596,0.20291911029218218,6.297690447051241e-09,119,0.25142591959147065
SMARCA4,6597,0.06584732899943471,0.02152695037933983,119,0.04433878380207956
MTMR9,66036,0.08017924028268553,0.018182273477325827,98,0.05673813329065136
SNTB1,6641,0.1665514755857628,6.514158438935774e-06,119,0.1601242271466703
BNIP3L,665,0.1312159090909091,0.02241765320055136,54,0.09625831088580694
SPAG1,6674,0.19909004711425213,0.00460418825521576,73,0.10762759543870004
BPHL,670,0.27921989355845106,6.081340475264135e-10,119,0.280121022666148
SQLE,6713,0.16944552845528452,0.00044482784733013695,119,0.1004535809707835
BRAF,673,0.11618829398538506,0.0004854745877827733,107,0.10993321855426486
SSBP1,6742,0.24830338475708036,5.3230812916669706e-11,119,0.3089312712765533
SSR1,6745,0.1345563541870954,3.222535037545197e-08,119,0.23076988722827152
SUPT5H,6829,0.18245154990700554,2.1916849496081662e-11,119,0.3191548273490248
BST2,684,0.2449724177666039,1.176747667024337e-06,119,0.18346555177826296
TAF2,6873,0.055800710253141504,0.025618935667442933,117,0.04257312645492051
TAF4,6874,0.1075346169772257,0.00496975329812477,107,0.07272323796976277
TARBP1,6894,0.26840229276895944,1.3006057565716245e-07,103,0.2421209988728431
TBCE,6905,0.1294693045256968,2.3215663524339785e-05,119,0.14245780899993055
TCEA1,6917,0.17676856151990347,7.553404565496362e-07,119,0.18942587826969337
PRDX2,7001,0.16531106695975656,1.3841255681749366e-05,119,0.14968007069614742
TFRC,7037,0.21577954796030868,0.00041947286715968883,119,0.10129926318934912
THBS3,7059,0.12168005349636997,0.04034135250101675,119,0.035437346404279535
SEC62,7095,0.20322021660649825,2.9154960796625294e-09,119,0.2609942047166972
TPD52L2,7165,0.2543261206606,2.3803964455483772e-11,119,0.31820930911335676
TPI1,7167,0.18089075445267166,2.4146176283342788e-08,119,0.23445865418322942
TPM4,7171,0.11762837914156629,0.0031489892245115053,119,0.07210722404707459
TPMT,7172,0.1847961595273264,3.551423577479043e-05,119,0.1364886256801643
TRIO,7204,0.1477988691852995,9.128346890447563e-08,119,0.2173310406959913
TRPS1,7227,0.16490372905357567,0.0003663611017307057,113,0.10853878998958455
TSNAX,7257,0.10463955696202527,0.0008115650852307612,119,0.09177071909489043
MROH1,727957,0.3930186708860763,6.754112097598069e-15,117,0.41124744678179204
TYK2,7297,0.0881559322033898,0.012015606021994906,77,0.0811871363457245
UBE2H,7328,0.18234399641577065,3.1532041514678807e-06,119,0.17008518503999748
SLC35A2,7355,0.10138849085365853,0.0033108553659868603,87,0.09705738794793617
USF2,7392,0.09712110507246378,8.714721606014749e-05,117,0.12581200935919434
UVRAG,7405,0.07068476073619634,0.011100151045718576,113,0.05669162555977747
WRN,7486,0.11156714665485158,0.034853834731183767,81,0.055136318415058505
YWHAZ,7534,0.2826349447513811,6.738563970908773e-16,119,0.4285686538829565
CA8,767,0.20404176367869606,0.03497419300266595,114,0.0390927054982908
ZNF121,7675,0.2592787124463518,9.660218157268439e-09,102,0.28157095455919523
ZNF146,7705,0.13914762812872464,0.00021355477286337936,68,0.18880508960007059
ZYX,7791,0.0746107421875,0.041780913135771196,119,0.03494533084687235
DDA1,79016,0.07453635972461273,0.02030054109108859,116,0.04634304039081072
ERI3,79033,0.15032157423526482,8.651876524383783e-06,119,0.15620291095570427
ALG8,79053,0.12601024753792914,0.041762191598030664,105,0.03962945485322811
C1orf50,79078,0.2734207653550863,8.007185840870058e-14,117,0.38570474485034467
ALG12,79087,0.26350922818791944,4.538043028439263e-06,68,0.2744947493950546
DEK,7913,0.16449076809453467,1.5645466733577838e-06,119,0.1796170126628608
DERL1,79139,0.16019888082274647,8.531922611054227e-06,109,0.1697587269294858
ALDH5A1,7915,0.2310837785016287,1.3168135054071504e-05,119,0.1503739182002748
C1orf35,79169,0.14849013581129383,3.761774899043829e-05,116,0.13900270932443182
RBM42,79171,0.16348988180515758,0.00021135155007796465,119,0.11114883866165082
CRELD2,79174,0.15113436376707406,0.008072104262223437,116,0.05995296878045464
ATP13A3,79572,0.07375211492418202,0.01222731091862993,100,0.062354275777895984
PLEKHF2,79666,0.18480975515463915,2.023678112199497e-06,117,0.1789104686731563
COLGALT1,79709,0.17378790069138914,7.876739094848351e-06,119,0.15750137591163316
PPCS,79717,0.26930909696028404,1.0199374051114724e-08,119,0.24537840016527823
TBL1XR1,79718,0.2012522617773019,8.949130071236441e-10,119,0.2754496781159531
NARS2,79731,0.2602549029417649,6.462823335834269e-14,119,0.3827814572395404
SNIP1,79753,0.13569023982701003,8.217600205705873e-10,119,0.2764832368860445
GSDMD,79792,0.2202291009463723,6.626372436163333e-07,119,0.19117930003806005
ARHGEF5,7984,0.24372322766570598,4.859222613819266e-15,116,0.41732392544700425
LPCAT1,79888,0.15073752938410903,0.0002029319802780867,119,0.11173123509847993
TUSC3,7991,0.17920267119961136,0.017226586545374113,93,0.0607596540130243
PYROXD1,79912,0.14713430623471888,0.0019425699391747062,109,0.08621967760582971
KIAA0319L,79932,0.2658870860927153,7.626370332553564e-11,117,0.3091465416615097
SLC35E1,79939,0.14834003524945766,9.068779703315679e-06,105,0.17482521545288554
GRHL2,79977,0.13621913477537434,0.000233291571197762,119,0.10973303095231035
DOCK5,80005,0.12959785261102977,0.002440642106528064,108,0.08337198263373846
TARS2,80222,0.3195058731265249,1.4198881276377726e-11,119,0.32410366433391424
PAAF1,80227,0.0807335341102527,0.018946353057879103,114,0.048184329876650445
TRABD,80305,0.12715979166666663,0.0015322908351940055,99,0.09880076428973861
FLAD1,80308,0.11216751592356686,0.0013934024135700536,119,0.08394109977025666
DNAJC5,80331,0.19215901584091685,2.6381096548939703e-06,119,0.17251942070787318
USP5,8078,0.23014718831298786,2.7803248761577367e-16,119,0.4370600982501769
MLF2,8079,0.15853186194182722,4.707975374655995e-05,117,0.13466552835550627
SH3BP5L,80851,0.165488474350433,0.0021390442813982915,58,0.15617767649437386
FXR1,8087,0.19015448283913136,6.557402175652704e-13,119,0.35819238874287884
ACTN4,81,0.2314864669247602,8.166260536591416e-16,119,0.42670900982842075
SLC25A32,81034,0.17974968076616127,0.0001615692521601969,93,0.1455093520342915
CLPTM1L,81037,0.2140403679653679,5.35953587526635e-11,117,0.31329602267865775
CALR,811,0.12890996334555152,4.802543094688501e-06,119,0.1643205158803196
HM13,81502,0.24549856938483547,8.119440984814558e-07,119,0.18845684733868873
TXNDC5,81567,0.15955364777407322,0.00010758270206015737,119,0.12079525605728658
CLPB,81570,0.10997368534482757,1.5188522202541451e-06,119,0.18001819216542614
SNX27,81609,0.1235121541155866,3.835190470579592e-07,119,0.19846745279018763
ANP32E,81611,0.15897316138027184,0.0010385949838005444,119,0.08820022967140506
SHARPIN,81858,0.16590367463026165,6.629318448762123e-06,119,0.15988249917815867
QTRT1,81890,0.13179935707220572,1.5842949427835121e-07,117,0.21337882653010642
PICALM,8301,0.06373028662420382,0.00835694633343347,119,0.05795351275088945
EPPK1,83481,0.30361115859449195,8.341522917098396e-07,119,0.18809474256292136
CASP2,835,0.12831747709654687,3.052676420479542e-07,117,0.20462396873746302
TMUB1,83590,0.18178034523342496,2.9023870077160977e-09,113,0.27308618141246244
SELENOO,83642,0.14717410207939502,0.010496661839222227,106,0.06130922278478301
TRAPPC9,83696,0.07376478135906382,0.0003530873887337152,119,0.10377973903465298
RIOK1,83732,0.2335666112784297,3.569322940452024e-11,114,0.3250343318759773
TATDN1,83940,0.20979386706258568,2.574662087792783e-07,119,0.20374332031755893
DTNBP1,84062,0.09837231031714179,4.9093601505621345e-05,119,0.1319229008944629
ANKRD27,84079,0.1803725,7.530025045467387e-05,75,0.19438091873026364
ANXA9,8416,0.21009185077870332,0.049050958575693505,117,0.03326406918551983
MAF1,84232,0.17702018129170333,1.9661613823839574e-07,112,0.2189789388884602
TMEM126A,84233,0.1657611111111111,2.7223376499980644e-09,119,0.2618404082501169
MRI1,84245,0.2820044622425631,1.075893777265599e-12,119,0.3528170503156345
FYTTD1,84248,0.1604582842122032,4.17367050480146e-06,119,0.1662470460827511
FBXW9,84261,0.21365475877912693,3.15762728326867e-07,85,0.2716132816188471
NTPCR,84284,0.3146883954533439,1.5447449735243332e-10,119,0.29646545268344127
WDR83,84292,0.06040994702766334,0.03294173630758074,91,0.05009838113165488
UTP23,84294,0.18256678000251853,5.233012673573057e-05,106,0.14621241639003413
PDCD2L,84306,0.182825431455552,5.826809789376486e-06,89,0.2113832682231649
ACBD6,84320,0.1452972727272728,0.00010352827660759892,119,0.12134219202171026
GNPAT,8443,0.12226792152704137,0.00043502673926342796,119,0.10077466757560083
CUL1,8454,0.11560691275167788,4.064319030607985e-13,119,0.36334465588961695
ZGPAT,84619,0.2767285964604871,9.633859828541705e-09,116,0.2517031262876769
GTPBP3,84705,0.22064188243526936,0.0003566849090934253,67,0.1792923211923102
CDC42BPA,8476,0.14867641991924627,3.877261860932089e-05,119,0.13525246949268432
LRCH3,84859,0.09282624595469252,0.00013239916511371085,119,0.11783658036356526
PARP10,84875,0.22501251422070537,1.95892126861388e-12,119,0.34625382194406973
C1orf198,84886,0.09332366508247136,0.0330870621854609,117,0.03888459049126625
ALG10,84920,0.2013449008498584,1.292390408178975e-05,117,0.1530528012149237
NUDCD1,84955,0.22097025227043382,7.431209248891916e-19,119,0.49079343961470956
PPFIBP1,8496,0.13916905336147117,0.00010652153097208364,119,0.12093640861945865
RBM17,84991,0.0670794275075634,0.0008890482310822961,119,0.09045126275661342
PPFIA1,8500,0.17738863343360542,2.42523268776904e-12,119,0.34389971730142876
RHPN2,85415,0.3108033906399237,4.5695364091750105e-11,119,0.3107001260021427
HELZ2,85441,0.1423895923167386,0.006774166462659847,111,0.0653401211786181
TSPYL5,85453,0.2305756443634469,0.0035884906643569156,119,0.07021028982546229
GFM1,85476,0.23849272540983613,6.538337350063275e-09,119,0.250957143478983
ACTL6A,86,0.13188503747323335,2.503746408485367e-07,119,0.20411197577771967
RFXANK,8625,0.11648767833981838,0.002380078004277921,54,0.16406123982090182
AKR1C3,8644,0.17556617427835747,0.002602116325733612,116,0.0767780145037803
EIF3G,8666,0.07295114813147233,1.3536734568659166e-05,119,0.1499897429192416
STX10,8677,0.1421045474325501,2.04617822297518e-05,107,0.15939232814858317
DGAT1,8694,0.15808063708759956,1.100915771702381e-06,119,0.18436340763275894
B3GALNT1,8706,0.27700558490566024,0.031542682944041285,54,0.08584923164420466
URI1,8725,0.10740139549978366,8.44607545203129e-05,115,0.12835745871934834
EED,8726,0.1041670304365239,0.0027686346805549347,119,0.0739763506075799
RIPK1,8737,0.1154935033951183,7.979903542994739e-08,119,0.2190780612606713
TNFSF10,8743,0.3921268260641092,9.804718628143845e-06,81,0.22041622318121512
PABPC4,8761,0.21922622659176041,6.76420385493208e-10,119,0.27883704594033276
FADD,8772,0.10016120322122216,0.0018157448088558991,116,0.08212811893443162
PEX11B,8799,0.15444460869565219,8.486641355094736e-05,119,0.12416881890060516
TRIM24,8805,0.10984390962671906,0.00347316985045941,119,0.0706845237262852
GMPS,8833,0.15707014795474322,3.1354973604069198e-06,119,0.17016212944353837
FCGBP,8857,-0.1082111404435058,0.024581452508122343,119,0.0424462845488609
EIF2B3,8891,0.10656500249003982,6.133564270878139e-06,119,0.16095425284528675
EIF2B5,8893,0.06339039942252161,0.01510474747179061,119,0.04941578478385977
AP1M1,8907,0.0743107011070111,0.000196929100060099,119,0.11216128292138361
CCNE1,898,0.3201172323759791,0.0003082063716174809,48,0.24878130034381563
SELENBP1,8991,0.26612179532577906,0.0006466181061186594,119,0.09505553074736928
KLC4,89953,0.16638165117308548,8.803210692369601e-08,119,0.21780261122604672
OTULIN,90268,0.1654521488397639,2.5636900613939447e-07,116,0.2085806201680438
SAMD1,90378,0.14845300707547174,0.0037494032160261224,69,0.11866958765466684
ZNF622,90441,0.11580820283370612,0.00040636348488781943,117,0.10343863691151622
ERI1,90459,0.2770324977210576,2.5568072828545684e-15,111,0.4382239276695249
YIF1B,90522,0.09952009448818898,0.006739954605440101,87,0.08320412465851545
LMF2,91289,0.18130681896255593,0.0007811578298609713,119,0.09232309475125511
PRPF3,9129,0.07680792959219239,0.004607339034151707,119,0.06658269769256464
PDCD5,9141,0.2479964171974523,1.1176654399606868e-11,119,0.3268175640016686
DYRK1B,9149,0.23418699678933066,2.1777416019469506e-06,91,0.22386507109012133
EBAG9,9166,0.22273866006953735,9.784917773523353e-08,103,0.24626200830977285
CHMP7,91782,0.1956578378378378,5.83817034453431e-10,112,0.2955968250728648
ARHGEF2,9181,0.128199498027967,0.0001387339533047683,119,0.11716956762898323
SLC33A1,9197,0.2528541222254252,3.011784119446879e-10,117,0.29276295539242825
ZC3HAV1L,92092,0.1304747588832488,3.408981052967462e-05,119,0.13706467337210992
MTDH,92140,0.20824869098232265,2.85433216831494e-15,119,0.41445359247035995
DLG5,9231,0.15161744227994225,4.758056213703079e-07,83,0.2701873084398114
TIMM50,92609,0.27192758059516425,2.9629951040645254e-18,119,0.4787182932340762
COPB2,9276,0.07284506154308018,0.002082286501522044,119,0.07811248437144724
CD9,928,0.15304020192307694,1.8238508351912872e-05,119,0.14583292659774627
TRIP13,9319,0.390085993408663,2.8669547427574864e-12,119,0.3420493971227182
HAUS8,93323,0.1741070362473348,0.0017088437788247584,68,0.13945505174043638
MVB12A,93343,0.15425060758432846,5.224481813979322e-08,119,0.22455908207357733
ARMC6,93436,0.1510260850880962,1.3062640354354388e-07,119,0.21265795972119406
KIF3B,9371,0.13067726130653276,9.720941227925384e-05,119,0.12223838605755588
CDYL,9425,0.21187844131455394,9.482972524870913e-12,119,0.32867493818964155
PPP1R14A,94274,0.4192020101171458,2.2460457289927955e-06,97,0.21078349607286384
ITM2B,9445,0.24439744126166718,8.838938636372857e-07,119,0.18731704573778973
GGPS1,9453,0.2858794222903885,7.507115151875878e-14,119,0.3812198168593538
EEF1E1,9521,0.19081614041969,4.277016068548277e-09,119,0.25624719061445833
TECR,9524,0.26393659326424856,4.652475061181497e-13,119,0.3618929728582422
RAB3D,9545,0.14707648902821321,4.421709838565713e-05,119,0.13339984583814157
SEC22B,9554,0.10127373913043478,0.00031699252281209043,119,0.10533071807370031
CHD1L,9557,0.0789444347826087,0.026368723248058407,119,0.041447511306190954
PDIA4,9601,0.24061558263100044,5.774799286210603e-12,119,0.33425149623825745
CD47,961,0.2234013199577613,0.0006983486988032938,119,0.09394333892466289
ARHGEF10,9639,0.25253213333333335,4.488845488986825e-05,63,0.24057088015713335
IPO13,9670,0.09157612393681655,0.011810270768895249,108,0.05831499724297773
TGS1,96764,0.24494352300242128,2.332475563637825e-07,116,0.20985274137254561
KDM4A,9682,0.12334706113880878,1.5221779487830274e-05,117,0.1507409029090735
LRRC14,9684,0.329889385665529,3.416964884062944e-10,119,0.2870393919784028
UBE3C,9690,0.20817330459770114,1.1846638528065104e-15,119,0.42309192767650317
PPP6R2,9701,0.2020174657534247,0.008178719723719845,61,0.11267112203076368
ECE2,9718,0.1965589757412399,0.004409489371876733,81,0.09811296081336929
TMEM63A,9725,0.14706752888429042,0.0003778040806341316,104,0.11707340912433561
KMT2B,9757,0.09943521944922552,0.02983526329927745,71,0.06656343875278603
LZTS3,9762,0.15307197802197808,0.03122698842375913,49,0.09496325363886193
TM9SF4,9777,0.10951120481927712,0.0011302570605020207,119,0.08697500560685056
SPCS2,9789,0.10001386817416405,0.003397682773266167,119,0.0710035636701406
PTDSS1,9791,0.16597526842362123,0.00045294173975555846,119,0.10019303916986211
KEAP1,9817,0.1466912119575004,3.1950193505024435e-07,113,0.2105587165547428
ARHGEF17,9828,0.0882972481136263,0.0010795919566302988,119,0.0876394461047153
GAB2,9846,0.21136646472943832,7.47283956417208e-08,116,0.22503308349517548
C2CD5,9847,0.21200168539325842,3.1138553753439914e-08,119,0.23120917029686994
CEP170,9859,0.07237067660550457,0.02059116829621518,119,0.044973856736444495
SETDB1,9869,0.07749033299354395,0.003730556318286563,119,0.06964662238678387
FCHSD2,9873,0.11803842572062079,9.851311062260743e-05,116,0.12506387577649936
OSBPL2,9885,0.20241838586437447,5.548008891928526e-10,117,0.2853595034945787
THRAP3,9967,0.07992991163752584,0.00010658824033360529,119,0.12092749428727467
NUP153,9972,0.1769974150664697,1.905298563739887e-12,119,0.34655921559397285
SCO2,9997,0.19335108069164264,0.00013140178614971465,116,0.12086523837338514
