Protein,MissingPercent
PYY,97.10144927536231
OTUD1,96.1352657004831
DMKN,96.1352657004831
GRB14,95.65217391304348
ABCB9,95.65217391304348
IMMP2L,95.65217391304348
SASS6,95.65217391304348
ZNF721,95.65217391304348
SCGB1A1,95.65217391304348
TRIL,95.65217391304348
ZBTB46,94.68599033816425
CD3E,94.68599033816425
C14orf93,94.68599033816425
C20orf194,94.68599033816425
CAMKMT,94.68599033816425
SH2D1A,94.20289855072464
ZNF773,94.20289855072464
PRSS33,94.20289855072464
FGFBP1,94.20289855072464
RARG,94.20289855072464
LIME1,94.20289855072464
EMID1,94.20289855072464
CADM2,94.20289855072464
KIF18A,94.20289855072464
KDM8,94.20289855072464
CNKSR2,93.71980676328504
KLF16,93.71980676328504
ACOT4,93.23671497584542
RSPH9,93.23671497584542
SHB,93.23671497584542
RAD51AP1,93.23671497584542
RIPK4,93.23671497584542
PLEKHG4,93.23671497584542
CRYBB1,93.23671497584542
CENPI,93.23671497584542
DGKG,93.23671497584542
SMYD4,93.23671497584542
THSD7A,92.7536231884058
LAPTM4B,92.7536231884058
RNF150,92.7536231884058
RERG,92.7536231884058
CA4,92.7536231884058
COL6A5,92.7536231884058
HGF,92.7536231884058
PRSS50,92.7536231884058
CCL21,92.27053140096618
ABCC12,92.27053140096618
USP33,92.27053140096618
MMS22L,92.27053140096618
ZNF513,92.27053140096618
CENPT,91.78743961352657
NSUN3,91.78743961352657
TRAK1,91.78743961352657
SCGN,91.78743961352657
CPEB3,91.78743961352657
KLHL4,91.78743961352657
GRIP1,91.78743961352657
SAC3D1,91.78743961352657
SCGB1D2,91.78743961352657
DCLRE1C,91.30434782608695
ARMC5,91.30434782608695
FMO3,91.30434782608695
PERP,91.30434782608695
FRMD5,91.30434782608695
HAMP,91.30434782608695
PRODH,91.30434782608695
ZWINT,91.30434782608695
SHROOM1,91.30434782608695
PUSL1,91.30434782608695
RTTN,91.30434782608695
RAD18,91.30434782608695
ADAMTSL4,91.30434782608695
ZNRD1,90.82125603864735
SIMC1,90.82125603864735
CD3G,90.82125603864735
CHIT1,90.33816425120773
SCUBE3,90.33816425120773
RILPL2,90.33816425120773
KRT31,90.33816425120773
S100A3,90.33816425120773
RMND5B,90.33816425120773
GPR125,90.33816425120773
TRIM36,90.33816425120773
LGR6,90.33816425120773
CEP78,90.33816425120773
PDGFD,90.33816425120773
KIAA1210,90.33816425120773
RUSC1,90.33816425120773
SCG3,89.85507246376811
PRF1,89.85507246376811
CRYGC,89.85507246376811
SLC6A6,89.85507246376811
SOSTDC1,89.85507246376811
SYDE1,89.85507246376811
TAB3,89.85507246376811
TNMD,89.85507246376811
TRMT2B,89.85507246376811
TUBE1,89.85507246376811
ZKSCAN7,89.85507246376811
ZNF189,89.85507246376811
HIVEP2,89.85507246376811
ARHGEF3,89.85507246376811
KAL1,89.85507246376811
MATN1,89.85507246376811
BBS4,89.85507246376811
PDZD2,89.85507246376811
ORC1,89.85507246376811
MGAT4B,89.85507246376811
ANKRD50,89.3719806763285
NGB,89.3719806763285
RETN,89.3719806763285
AGGF1,89.3719806763285
GSDMA,89.3719806763285
GIMAP2,88.88888888888889
LCA5,88.88888888888889
PROSER1,88.88888888888889
RSPH4A,88.88888888888889
CAPN6,88.88888888888889
PLCL1,88.88888888888889
YRDC,88.88888888888889
KLHDC3,88.88888888888889
PCDHA10,88.88888888888889
FRS2,88.88888888888889
PLEK2,88.88888888888889
NEK4,88.88888888888889
AFF1,88.88888888888889
SST,88.88888888888889
LILRB5,88.88888888888889
SLC15A3,88.88888888888889
RGS14,88.88888888888889
NPHP4,88.40579710144928
POC1B,88.40579710144928
RAB36,88.40579710144928
PDZK1,88.40579710144928
LTBR,88.40579710144928
EMILIN3,88.40579710144928
SLC25A42,88.40579710144928
ZNF623,88.40579710144928
ZSCAN31,88.40579710144928
CNTFR,88.40579710144928
ABCA3,88.40579710144928
SEMA7A,87.92270531400966
CAPN15,87.92270531400966
STAG3,87.92270531400966
MMP19,87.92270531400966
CEP63,87.92270531400966
RAD17,87.92270531400966
GTF3A,87.43961352657004
PEX26,87.43961352657004
SLC25A30,87.43961352657004
PWWP2B,87.43961352657004
DNAJB13,87.43961352657004
LOXL3,87.43961352657004
TAF3,87.43961352657004
CDC45,87.43961352657004
MCM10,87.43961352657004
CD177,87.43961352657004
NDST1,87.43961352657004
DTX2,87.43961352657004
MYH1,87.43961352657004
MDM1,86.95652173913044
C5orf30,86.95652173913044
CCDC78,86.95652173913044
INMT,86.95652173913044
C21orf2,86.95652173913044
WNT6,86.95652173913044
MIS18BP1,86.95652173913044
N4BP2,86.95652173913044
TRIM62,86.95652173913044
LRRK2,86.47342995169082
ZNF670,86.47342995169082
NBPF14,86.47342995169082
EVA1C,86.47342995169082
TRPC4AP,86.47342995169082
MTERF1,86.47342995169082
DZIP3,86.47342995169082
PASK,86.47342995169082
FRMD4B,86.47342995169082
WDR76,86.47342995169082
SULT1E1,86.47342995169082
PTPN7,86.47342995169082
NME4,86.47342995169082
MATN4,86.47342995169082
LPAR2,86.47342995169082
ZNF691,85.99033816425121
ZNF16,85.99033816425121
GATA6,85.99033816425121
ZNF624,85.99033816425121
LEFTY2,85.99033816425121
PIPOX,85.99033816425121
ZNF516,85.99033816425121
SERPINI1,85.99033816425121
TGFB3,85.99033816425121
SLC14A1,85.99033816425121
ZNF407,85.99033816425121
TCHP,85.99033816425121
SLC37A3,85.5072463768116
DENND5B,85.5072463768116
OBFC1,85.5072463768116
ZNF184,85.5072463768116
ZNF551,85.5072463768116
MPV17L2,85.5072463768116
USP35,85.5072463768116
ICE1,85.5072463768116
MED13,85.5072463768116
SLC15A2,85.5072463768116
IRF4,85.5072463768116
INHBA,85.5072463768116
KLHL12,85.5072463768116
EFCAB7,85.5072463768116
UPK3BL,85.5072463768116
KRT82,85.02415458937197
ZNF530,85.02415458937197
CYP17A1,85.02415458937197
MOCOS,85.02415458937197
NCAPH2,85.02415458937197
DACH2,85.02415458937197
BMP7,85.02415458937197
LRP4,85.02415458937197
CETP,85.02415458937197
EXT1,84.54106280193237
SEMA5B,84.54106280193237
GREB1,84.54106280193237
OLFML2B,84.54106280193237
FIBIN,84.54106280193237
KLRG2,84.54106280193237
LEFTY1,84.54106280193237
KIAA0930,84.54106280193237
ZNF417,84.54106280193237
DESI1,84.54106280193237
TMEM100,84.54106280193237
ZNF655,84.54106280193237
ZKSCAN5,84.54106280193237
GPSM2,84.05797101449275
ZNF445,84.05797101449275
TDG,84.05797101449275
HACE1,84.05797101449275
CCDC71L,84.05797101449275
GPRIN1,84.05797101449275
CDYL2,84.05797101449275
TSKU,84.05797101449275
BCL2L11,84.05797101449275
TMTC1,84.05797101449275
ZFYVE27,84.05797101449275
TADA2B,83.57487922705315
JADE2,83.57487922705315
LMBR1,83.57487922705315
NSD1,83.57487922705315
SNX20,83.57487922705315
CCNC,83.57487922705315
DSTYK,83.57487922705315
MGAT4A,83.57487922705315
PIAS3,83.57487922705315
SNED1,83.09178743961353
SERAC1,83.09178743961353
ZBTB41,83.09178743961353
ABHD17A,83.09178743961353
NEDD9,83.09178743961353
DNAH5,83.09178743961353
CD207,83.09178743961353
CXCL14,83.09178743961353
GTSF1,83.09178743961353
FLRT2,83.09178743961353
RPAIN,82.6086956521739
RAB42,82.6086956521739
TMEM208,82.6086956521739
FUOM,82.6086956521739
COQ10B,82.6086956521739
MYH4,82.6086956521739
ATXN1,82.6086956521739
EDIL3,82.6086956521739
ZNF672,82.6086956521739
MED12L,82.6086956521739
MMP10,82.6086956521739
ZBTB38,82.6086956521739
GP1BA,82.6086956521739
NEURL4,82.6086956521739
CCL18,82.6086956521739
GRAMD1C,82.6086956521739
NRGN,82.6086956521739
GPN2,82.6086956521739
ALPK1,82.6086956521739
GFRA1,82.1256038647343
CCNB2,82.1256038647343
SLC29A2,82.1256038647343
LRP10,82.1256038647343
LYPD3,82.1256038647343
RNF138,82.1256038647343
FBXO28,82.1256038647343
SIX5,82.1256038647343
SPAG5,82.1256038647343
TRAPPC6A,82.1256038647343
FAM26F,82.1256038647343
PORCN,82.1256038647343
CST1,82.1256038647343
SYT2,82.1256038647343
FAM193A,82.1256038647343
TRAM2,82.1256038647343
SDK1,81.64251207729468
DALRD3,81.64251207729468
RPS6KC1,81.64251207729468
SLC7A7,81.64251207729468
PREX2,81.64251207729468
HMGCR,81.64251207729468
LFNG,81.64251207729468
MAP7D2,81.64251207729468
NDUFA1,81.64251207729468
ZNF141,81.64251207729468
CACNB3,81.64251207729468
B3GNT7,81.64251207729468
WNT2B,81.64251207729468
CENPK,81.15942028985508
MYH13,81.15942028985508
SPTLC3,81.15942028985508
ZKSCAN4,81.15942028985508
EXTL2,81.15942028985508
SKA3,81.15942028985508
SLC25A44,81.15942028985508
CENPU,81.15942028985508
BBS2,81.15942028985508
TGFBR1,81.15942028985508
RECQL4,81.15942028985508
TNK1,81.15942028985508
ADCY3,81.15942028985508
ANKH,81.15942028985508
FAM188B,81.15942028985508
THBD,81.15942028985508
FAM101B,81.15942028985508
TRIM41,80.67632850241546
DTWD1,80.67632850241546
TEX30,80.67632850241546
IL17RA,80.67632850241546
MUC6,80.67632850241546
DUOX1,80.67632850241546
ABCA8,80.67632850241546
MUSTN1,80.67632850241546
TFF3,80.67632850241546
SNTA1,80.67632850241546
SERINC5,80.67632850241546
THNSL2,80.67632850241546
AFMID,80.67632850241546
MAD2L2,80.67632850241546
NPAT,80.67632850241546
TXNDC16,80.67632850241546
SCARF2,80.67632850241546
KIAA0226,80.67632850241546
TPST2,80.67632850241546
ZNF600,80.19323671497585
KAT2B,80.19323671497585
ZNF696,80.19323671497585
KCNMA1,80.19323671497585
ID4,80.19323671497585
CYB5R4,80.19323671497585
DERL3,80.19323671497585
ZNF521,80.19323671497585
TMEM237,80.19323671497585
PUS7L,80.19323671497585
WDR62,80.19323671497585
CEP112,80.19323671497585
PAEP,80.19323671497585
SCAP,80.19323671497585
UCK1,80.19323671497585
UNC13B,80.19323671497585
EDEM2,80.19323671497585
ECHDC2,80.19323671497585
RMI1,80.19323671497585
CCDC92,80.19323671497585
FBXO11,80.19323671497585
STK16,80.19323671497585
STC2,80.19323671497585
SPIRE1,80.19323671497585
DOK3,79.71014492753623
MEX3C,79.71014492753623
MAGEC1,79.71014492753623
GREM1,79.71014492753623
DGKE,79.71014492753623
DPEP1,79.71014492753623
MMP12,79.71014492753623
PGLYRP1,79.71014492753623
RTP4,79.71014492753623
SLC9A7,79.71014492753623
TIFA,79.71014492753623
B4GALT3,79.71014492753623
TNRC6C,79.71014492753623
STOML1,79.71014492753623
CCDC71,79.71014492753623
ATRNL1,79.71014492753623
WDR87,79.71014492753623
CBLC,79.22705314009661
PTAR1,79.22705314009661
ZEB2,79.22705314009661
RBBP8NL,79.22705314009661
ACAN,79.22705314009661
TMEM35,79.22705314009661
ICOSLG,79.22705314009661
DNMT3B,79.22705314009661
ZNF511,79.22705314009661
PAMR1,79.22705314009661
POLL,79.22705314009661
CD248,79.22705314009661
LGR5,79.22705314009661
HECW2,79.22705314009661
DNAJB14,79.22705314009661
CCDC88B,79.22705314009661
ZCCHC9,79.22705314009661
F7,79.22705314009661
ZNF611,79.22705314009661
FOXL2,78.74396135265701
EMB,78.74396135265701
FBXO42,78.74396135265701
WIPF3,78.74396135265701
MLLT10,78.74396135265701
ZC3H3,78.74396135265701
HOMEZ,78.74396135265701
ANGPTL4,78.74396135265701
UGCG,78.74396135265701
TTC21A,78.74396135265701
TYW3,78.74396135265701
LCAT,78.74396135265701
ORAI1,78.26086956521739
ERICH1,78.26086956521739
AMOT,78.26086956521739
CEACAM8,78.26086956521739
SCNN1A,78.26086956521739
ASB6,78.26086956521739
BRI3,78.26086956521739
ALKBH1,78.26086956521739
TMEM132C,78.26086956521739
GRAP2,78.26086956521739
IKZF4,78.26086956521739
GLTSCR1,78.26086956521739
SLC7A6OS,78.26086956521739
MAST2,78.26086956521739
ZDHHC21,78.26086956521739
GBP6,78.26086956521739
SOX5,78.26086956521739
TSEN2,77.77777777777779
LGR4,77.77777777777779
COL26A1,77.77777777777779
PEX16,77.77777777777779
ABHD5,77.77777777777779
LYSMD3,77.77777777777779
PTPRT,77.77777777777779
GTF2IRD1,77.77777777777779
ZNF3,77.77777777777779
ATP6V0A4,77.77777777777779
IGF1,77.77777777777779
SMIM13,77.77777777777779
ZNF48,77.77777777777779
MMP23B,77.77777777777779
ST6GALNAC5,77.77777777777779
FLG,77.77777777777779
AMFR,77.29468599033817
FAM73B,77.29468599033817
RBFA,77.29468599033817
FLVCR1,77.29468599033817
TMEM177,77.29468599033817
CHKA,77.29468599033817
FOXO4,77.29468599033817
PUS3,77.29468599033817
KLHL15,77.29468599033817
ATP6V1C2,77.29468599033817
BTBD2,77.29468599033817
CPEB4,77.29468599033817
CSAD,77.29468599033817
IKZF2,77.29468599033817
ZRSR2,77.29468599033817
HPGDS,77.29468599033817
DAPP1,77.29468599033817
SALL3,77.29468599033817
DPF3,77.29468599033817
TBC1D14,77.29468599033817
SLC26A6,76.81159420289855
NFASC,76.81159420289855
NFATC3,76.81159420289855
RCBTB2,76.81159420289855
TLL1,76.81159420289855
ADNP2,76.81159420289855
ENTPD3,76.81159420289855
EGFL7,76.81159420289855
SCUBE1,76.81159420289855
IRS4,76.81159420289855
ZNF627,76.81159420289855
AURKA,76.81159420289855
FRMD6,76.81159420289855
ENTPD4,76.81159420289855
ROPN1L,76.81159420289855
DDR2,76.81159420289855
ARAP2,76.81159420289855
TNFRSF1A,76.81159420289855
RNF169,76.81159420289855
NEK3,76.32850241545893
RNF5,76.32850241545893
USP43,76.32850241545893
FKBP1B,76.32850241545893
GRHL1,76.32850241545893
MED7,76.32850241545893
MAST3,76.32850241545893
FLRT3,76.32850241545893
ASNSD1,76.32850241545893
RPGR,76.32850241545893
C1orf87,76.32850241545893
ZNF639,76.32850241545893
GINS1,76.32850241545893
PRMT7,76.32850241545893
GABPB2,76.32850241545893
EMC9,76.32850241545893
PAQR7,76.32850241545893
PCBP4,76.32850241545893
HDAC10,76.32850241545893
FBRS,76.32850241545893
METRNL,76.32850241545893
AGTPBP1,76.32850241545893
CCDC174,76.32850241545893
RRN3,76.32850241545893
NHS,76.32850241545893
SPA17,75.84541062801932
ZNF709,75.84541062801932
LRIG3,75.84541062801932
PLCL2,75.84541062801932
MARVELD3,75.84541062801932
VNN2,75.84541062801932
SORCS2,75.84541062801932
RALGPS1,75.84541062801932
ZBED8,75.84541062801932
ARHGAP15,75.84541062801932
FCRL5,75.84541062801932
TCTEX1D2,75.84541062801932
ARSE,75.84541062801932
STRADA,75.84541062801932
CHGA,75.36231884057972
CEP85,75.36231884057972
SLC28A3,75.36231884057972
TMEM39B,75.36231884057972
PIGB,75.36231884057972
LRIG2,75.36231884057972
ANKRD45,75.36231884057972
FAM20C,75.36231884057972
TINF2,75.36231884057972
MRM1,75.36231884057972
NME6,75.36231884057972
HPN,75.36231884057972
ZBED5,75.36231884057972
WDR60,75.36231884057972
MSL2,75.36231884057972
SETD9,75.36231884057972
POLR3GL,74.8792270531401
LAMP5,74.8792270531401
SMURF2,74.8792270531401
FAM115C,74.8792270531401
PDCD2,74.8792270531401
GYPA,74.8792270531401
GTF2H5,74.8792270531401
MLLT6,74.39613526570048
TTC12,74.39613526570048
CD2,74.39613526570048
MGARP,74.39613526570048
GLOD5,74.39613526570048
WDYHV1,74.39613526570048
NOVA1,74.39613526570048
IKZF3,74.39613526570048
ZBTB43,74.39613526570048
ATG14,74.39613526570048
SPON2,74.39613526570048
SLC35B3,74.39613526570048
FRMD4A,73.91304347826086
GMNN,73.91304347826086
EIF2AK3,73.91304347826086
SCML2,73.91304347826086
ITGAE,73.91304347826086
TCTN2,73.91304347826086
GIPC2,73.91304347826086
C12orf45,73.91304347826086
EFNA1,73.91304347826086
ABHD6,73.91304347826086
CAPN13,73.91304347826086
SLC52A2,73.91304347826086
L3MBTL3,73.91304347826086
KNSTRN,73.91304347826086
NCCRP1,73.91304347826086
ZFAND2B,73.91304347826086
ESR1,73.42995169082126
ZNF608,73.42995169082126
AMN1,73.42995169082126
PDE5A,73.42995169082126
ALKBH8,73.42995169082126
NFKBIA,73.42995169082126
TMEM67,73.42995169082126
NPRL2,72.94685990338165
EYA4,72.94685990338165
HJURP,72.94685990338165
LYRM9,72.94685990338165
LMO4,72.94685990338165
BBS9,72.94685990338165
ADCY8,72.94685990338165
DENND6A,72.94685990338165
TNFSF13,72.94685990338165
PLA2G6,72.94685990338165
GPATCH11,72.94685990338165
GAN,72.94685990338165
RSAD2,72.46376811594203
CEMIP,72.46376811594203
DPYSL5,72.46376811594203
CACNA2D2,72.46376811594203
EPT1,72.46376811594203
DDHD1,72.46376811594203
SEMA4A,72.46376811594203
MNT,72.46376811594203
RNF216,72.46376811594203
PRMT6,72.46376811594203
GFOD2,72.46376811594203
NEK1,71.98067632850241
EPM2A,71.98067632850241
MCF2L,71.98067632850241
FBXO45,71.98067632850241
NBR1,71.98067632850241
NRIP2,71.98067632850241
CDC20,71.98067632850241
KIAA1551,71.98067632850241
BCL6,71.98067632850241
ZNF770,71.98067632850241
GRPEL2,71.98067632850241
SNAP47,71.98067632850241
GATSL3,71.98067632850241
METTL9,71.84466019417476
GALNT16,71.49758454106279
MED26,71.49758454106279
RNASEH1,71.49758454106279
SLCO2A1,71.49758454106279
CBX4,71.49758454106279
AQP5,71.49758454106279
C1orf43,71.49758454106279
MPLKIP,71.49758454106279
PLCE1,71.49758454106279
TBC1D22B,71.49758454106279
COL21A1,71.49758454106279
DUSP22,71.49758454106279
ING4,71.49758454106279
SPATA18,71.49758454106279
DTWD2,71.49758454106279
HPDL,71.49758454106279
PTPN21,71.49758454106279
TNFAIP8L3,71.49758454106279
FST,71.49758454106279
GZMH,71.49758454106279
FASTKD3,71.49758454106279
GYG2,71.49758454106279
RIC1,71.49758454106279
RNPC3,71.01449275362319
FGFR2,71.01449275362319
RDH10,71.01449275362319
PLEKHA3,71.01449275362319
PARD6G,71.01449275362319
CXCL10,71.01449275362319
ZNHIT2,71.01449275362319
FOXG1,71.01449275362319
SLC9A9,71.01449275362319
HEXDC,71.01449275362319
BANP,71.01449275362319
MEF2BNB,70.53140096618358
GALNT8,70.53140096618358
CDCA3,70.53140096618358
KLF5,70.53140096618358
STK36,70.53140096618358
ZNF8,70.53140096618358
TBC1D7,70.53140096618358
GAS1,70.53140096618358
USP53,70.53140096618358
CCDC82,70.53140096618358
LYRM2,70.04830917874396
LRRC42,70.04830917874396
SHPRH,70.04830917874396
GLIPR1,70.04830917874396
IGSF3,70.04830917874396
CTC1,70.04830917874396
NFATC1,70.04830917874396
CMTR2,70.04830917874396
TFAP2C,70.04830917874396
SOX6,70.04830917874396
AMBRA1,70.04830917874396
CNDP1,70.04830917874396
CDCA2,70.04830917874396
GFOD1,70.04830917874396
TDO2,70.04830917874396
TLR1,70.04830917874396
MAFK,69.56521739130434
CCNT2,69.56521739130434
PLXDC1,69.56521739130434
LENG9,69.56521739130434
ADH7,69.56521739130434
FXYD6,69.56521739130434
RCCD1,69.56521739130434
SAV1,69.56521739130434
SLC5A1,69.56521739130434
RAB39B,69.08212560386472
LRRC46,69.08212560386472
LIX1L,69.08212560386472
FGL1,69.08212560386472
GEMIN7,69.08212560386472
ARHGAP39,69.08212560386472
ZBTB9,69.08212560386472
KLHL22,69.08212560386472
ZFPM2,69.08212560386472
IKZF1,69.08212560386472
MST1R,69.08212560386472
LACC1,68.59903381642512
TLCD1,68.59903381642512
PCMTD2,68.59903381642512
PCDH19,68.59903381642512
HS6ST1,68.59903381642512
CBX2,68.59903381642512
MKNK2,68.59903381642512
APOC4,68.59903381642512
SMURF1,68.59903381642512
RNF41,68.59903381642512
TRIM68,68.59903381642512
HEG1,68.59903381642512
TCF3,68.59903381642512
GALNT11,68.59903381642512
ATP8B2,68.59903381642512
C11orf52,68.59903381642512
ELK1,68.59903381642512
DTX3,68.59903381642512
FBXO30,68.59903381642512
STK19,68.11594202898551
RAD54L2,68.11594202898551
PIGA,68.11594202898551
ZNF568,68.11594202898551
UGT8,68.11594202898551
C8orf37,68.11594202898551
KCTD9,68.11594202898551
ANKRD22,68.11594202898551
SOX13,68.11594202898551
ZNF493,68.11594202898551
IFNGR1,68.11594202898551
PTPN3,68.11594202898551
FGFR3,68.11594202898551
STEAP4,68.11594202898551
EZH1,67.6328502415459
ZSCAN2,67.6328502415459
TMEM260,67.6328502415459
C2CD3,67.6328502415459
SEMA3B,67.6328502415459
HIVEP1,67.6328502415459
ADCY6,67.6328502415459
RCBTB1,67.6328502415459
KIAA0195,67.6328502415459
SUPT3H,67.6328502415459
RAPGEF3,67.6328502415459
SDCCAG8,67.14975845410628
SERGEF,67.14975845410628
ALOX15,67.14975845410628
ALKBH3,67.14975845410628
ZNF414,67.14975845410628
SDC3,67.14975845410628
RNASE2,67.14975845410628
TNFAIP3,67.14975845410628
RGL3,67.14975845410628
MBTD1,67.14975845410628
GTPBP2,67.14975845410628
FAM57A,67.14975845410628
CSGALNACT2,67.14975845410628
EPC1,67.14975845410628
DUS2,67.14975845410628
SLC35F2,66.66666666666666
PTGES,66.66666666666666
RYR2,66.66666666666666
SACS,66.66666666666666
EFNA5,66.66666666666666
OSBPL6,66.66666666666666
CCDC117,66.66666666666666
DNAJB7,66.66666666666666
ADAMTS12,66.66666666666666
BCL11A,66.66666666666666
CTDSPL,66.66666666666666
SEMA3C,66.18357487922705
FAM171A2,66.18357487922705
FRAS1,66.18357487922705
RP9,66.18357487922705
SSH1,66.18357487922705
ZNF358,66.18357487922705
GPM6B,66.18357487922705
CALCRL,66.18357487922705
ZNF827,66.18357487922705
SYBU,66.18357487922705
FGFR1,66.18357487922705
SNX24,66.18357487922705
ZFAND3,66.18357487922705
SERPINE1,66.18357487922705
AGMAT,66.18357487922705
SKP2,66.18357487922705
AK7,65.70048309178745
MAML2,65.70048309178745
QPCT,65.70048309178745
MTUS1,65.70048309178745
SPP2,65.70048309178745
KRT86,65.70048309178745
SIX1,65.70048309178745
MSL3,65.70048309178745
CCP110,65.70048309178745
ASXL2,65.70048309178745
ADAL,65.70048309178745
OBP2A,65.70048309178745
SPRY1,65.70048309178745
MEX3D,65.70048309178745
GPX5,65.21739130434783
PNMAL1,65.21739130434783
PVR,65.21739130434783
FLCN,65.21739130434783
KLHL36,65.21739130434783
SLC23A2,65.21739130434783
ARAP3,65.21739130434783
KMT2E,65.21739130434783
SEPN1,65.21739130434783
FADS1,65.21739130434783
CLK1,65.21739130434783
SPHK2,65.21739130434783
DNALI1,65.21739130434783
SDS,65.21739130434783
KXD1,65.21739130434783
TENM3,65.21739130434783
PLEKHG2,64.73429951690821
SECISBP2L,64.73429951690821
PHC1,64.73429951690821
PITPNM3,64.73429951690821
PLCXD3,64.73429951690821
COBL,64.73429951690821
LIN54,64.73429951690821
MPND,64.73429951690821
MMP8,64.73429951690821
USP42,64.73429951690821
VNN1,64.25120772946859
MYO3B,64.25120772946859
SPRYD3,64.25120772946859
KIAA1109,64.25120772946859
POT1,64.25120772946859
TUSC2,64.25120772946859
AMACR,64.25120772946859
FAM117B,64.25120772946859
PRR14L,64.25120772946859
C19orf12,64.25120772946859
TIPIN,64.25120772946859
SH3RF1,63.76811594202898
NAPEPLD,63.76811594202898
POMT2,63.76811594202898
POLK,63.76811594202898
R3HDM2,63.76811594202898
PPAPDC2,63.76811594202898
SUCO,63.76811594202898
FOXRED2,63.76811594202898
PLA2G16,63.76811594202898
PEX2,63.76811594202898
MFHAS1,63.76811594202898
SPTY2D1,63.76811594202898
GPN3,63.76811594202898
STEAP2,63.76811594202898
LPHN1,63.76811594202898
FNIP1,63.28502415458937
SALL2,63.28502415458937
CLK4,63.28502415458937
SS18L2,63.28502415458937
ZMYND10,63.28502415458937
CERS4,63.28502415458937
TYSND1,63.28502415458937
IRF5,63.28502415458937
FOXJ2,63.28502415458937
CPLX2,63.28502415458937
PDE1A,63.28502415458937
C8orf76,63.28502415458937
CDCA8,62.80193236714976
ATRIP,62.80193236714976
AMZ2,62.80193236714976
PCNXL3,62.80193236714976
KLK11,62.80193236714976
ATN1,62.80193236714976
PCDHB3,62.80193236714976
PCDHB11,62.80193236714976
PBX4,62.80193236714976
JAK3,62.80193236714976
TTC9,62.80193236714976
LATS2,62.80193236714976
KDM4B,62.80193236714976
C1orf52,62.80193236714976
KHK,62.80193236714976
FAT2,62.80193236714976
CEL,62.31884057971014
ANKRD11,62.31884057971014
DOK7,62.31884057971014
ATP7B,62.31884057971014
CD320,62.31884057971014
SEC14L1,62.31884057971014
USP54,62.31884057971014
PTPN18,62.31884057971014
FKBPL,62.31884057971014
SUSD5,61.83574879227053
VASH1,61.83574879227053
GPC3,61.83574879227053
CYP2U1,61.83574879227053
ZDHHC3,61.83574879227053
DXO,61.83574879227053
C10orf11,61.83574879227053
PQLC1,61.83574879227053
IFT43,61.83574879227053
GAL3ST4,61.83574879227053
CALHM2,61.35265700483091
GALNT14,61.35265700483091
GALNT5,61.35265700483091
PNMA1,61.35265700483091
SLC7A6,61.35265700483091
TMPRSS4,61.35265700483091
PPP1R16A,61.35265700483091
PLA2G12A,61.35265700483091
CSF1R,60.86956521739131
DCHS1,60.86956521739131
MTERF4,60.86956521739131
PAGR1,60.86956521739131
DNAJC14,60.86956521739131
FAM63B,60.86956521739131
ING2,60.86956521739131
KANSL3,60.86956521739131
CRADD,60.86956521739131
MRGBP,60.86956521739131
E2F2,60.86956521739131
SLC35B1,60.86956521739131
S100A7A,60.86956521739131
CRYM,60.38647342995169
NPRL3,60.38647342995169
SERINC3,60.38647342995169
MPP2,60.38647342995169
GNG4,60.38647342995169
MON1B,60.38647342995169
HSPB8,60.38647342995169
RNF168,60.38647342995169
CEACAM1,60.38647342995169
SAMD12,60.38647342995169
PLK1,60.38647342995169
GTSE1,60.38647342995169
RWDD2B,59.90338164251207
MYO1H,59.90338164251207
LOXL4,59.90338164251207
ATP5SL,59.90338164251207
C11orf57,59.90338164251207
TENM2,59.90338164251207
KCTD5,59.90338164251207
ARHGAP23,59.90338164251207
BIRC5,59.90338164251207
PHF1,59.90338164251207
HOXD8,59.90338164251207
B4GALT4,59.90338164251207
CERS5,59.42028985507246
PCDHB13,59.42028985507246
FAM126B,59.42028985507246
SAYSD1,59.42028985507246
RASSF4,59.42028985507246
GABARAPL1,59.42028985507246
OLFM4,59.42028985507246
KIF22,59.42028985507246
COL9A2,59.42028985507246
AP4M1,59.42028985507246
MMP1,59.42028985507246
BMP1,58.93719806763285
SDCCAG3,58.93719806763285
ABHD13,58.93719806763285
AGPAT9,58.93719806763285
TFEB,58.93719806763285
SH3BP2,58.93719806763285
SMC1B,58.93719806763285
PNMA3,58.93719806763285
PGR,58.93719806763285
NFAT5,58.93719806763285
LDLR,58.93719806763285
KIAA0101,58.93719806763285
ICAM2,58.454106280193244
XDH,58.454106280193244
USP30,58.454106280193244
GP1BB,58.454106280193244
CHSY3,58.454106280193244
MAFG,58.454106280193244
BTRC,58.454106280193244
SUFU,58.454106280193244
GXYLT2,58.454106280193244
AJUBA,58.454106280193244
SIKE1,58.454106280193244
RC3H2,57.971014492753625
MTRF1,57.971014492753625
CHN1,57.971014492753625
SLC29A3,57.971014492753625
TMEM62,57.971014492753625
PHEX,57.971014492753625
ZBTB14,57.971014492753625
CEP350,57.971014492753625
UBE2W,57.971014492753625
PXDC1,57.971014492753625
ABCD4,57.971014492753625
PHYHIPL,57.971014492753625
NOXA1,57.48792270531401
TBC1D31,57.48792270531401
MT-CYB,57.48792270531401
FAM83F,57.48792270531401
FGD2,57.48792270531401
EXPH5,57.48792270531401
IMPA2,57.48792270531401
MITF,57.48792270531401
DNAL4,57.48792270531401
MBTPS2,57.48792270531401
PYROXD2,57.48792270531401
FZD2,57.48792270531401
BBS7,57.48792270531401
MRPL52,57.00483091787439
PLSCR4,57.00483091787439
ITGBL1,57.00483091787439
APBB1,57.00483091787439
SP2,57.00483091787439
NCOA1,57.00483091787439
ZNF260,57.00483091787439
N4BP3,57.00483091787439
IRF2,57.00483091787439
MARVELD2,57.00483091787439
VHL,57.00483091787439
MYH7B,57.00483091787439
SLC35D1,57.00483091787439
OSMR,57.00483091787439
MAGED4,57.00483091787439
SSR2,57.00483091787439
JMY,56.52173913043478
RASSF8,56.52173913043478
PIGQ,56.52173913043478
CDH12,56.52173913043478
PRR15,56.52173913043478
TSEN15,56.52173913043478
TRPM2,56.52173913043478
GAGE2A,56.52173913043478
GGACT,56.038647342995176
KLHL7,56.038647342995176
RAB3IL1,56.038647342995176
EVI5,56.038647342995176
CHAF1B,56.038647342995176
MTSS1,56.038647342995176
SPI1,56.038647342995176
WNT5A,56.038647342995176
NR1H2,56.038647342995176
TMEM175,55.55555555555556
SLCO2B1,55.55555555555556
CETN3,55.55555555555556
SLC6A12,55.55555555555556
ZNF7,55.55555555555556
DPY19L4,55.55555555555556
ROBO1,55.55555555555556
CDK14,55.55555555555556
SLIT2,55.55555555555556
AR,55.55555555555556
ZNF28,55.55555555555556
RBP7,55.072463768115945
CCDC18,55.072463768115945
ANKRD16,55.072463768115945
ROR1,55.072463768115945
RAB30,55.072463768115945
STARD3NL,55.072463768115945
TRPM7,55.072463768115945
LRRC17,55.072463768115945
OAF,55.072463768115945
NFATC4,55.072463768115945
PRR5-ARHGAP8,54.589371980676326
SGSM3,54.589371980676326
MANEA,54.589371980676326
LYPD1,54.589371980676326
SMIM19,54.589371980676326
AQP1,54.589371980676326
TULP3,54.589371980676326
CYR61,54.106280193236714
AKAP5,54.106280193236714
COL22A1,54.106280193236714
CDK8,54.106280193236714
TAF5L,54.106280193236714
TTYH3,54.106280193236714
ZNF609,54.106280193236714
RIPK3,54.106280193236714
SLC15A4,54.106280193236714
VPS13B,53.62318840579711
PIK3C2B,53.62318840579711
JMJD7,53.62318840579711
FAM118A,53.62318840579711
GINS2,53.62318840579711
C7orf43,53.62318840579711
MAFF,53.62318840579711
KLHDC2,53.62318840579711
STK35,53.62318840579711
KMO,53.62318840579711
ESAM,53.62318840579711
CHURC1,53.14009661835749
GGT1,53.14009661835749
MTHFD2L,53.14009661835749
TNIP2,53.14009661835749
C10orf35,53.14009661835749
GTPBP8,52.65700483091788
AIG1,52.65700483091788
TMEM9B,52.65700483091788
TATDN2,52.65700483091788
C8orf44-SGK3,52.65700483091788
C17orf80,52.65700483091788
CDAN1,52.65700483091788
BCL3,52.65700483091788
RAB11FIP4,52.65700483091788
UQCC3,52.17391304347826
CLDN16,52.17391304347826
MAD2L1BP,52.17391304347826
MITD1,52.17391304347826
NSUN6,52.17391304347826
UBASH3B,52.17391304347826
CA9,52.17391304347826
HAUS2,51.690821256038646
IDNK,51.690821256038646
MAP1LC3A,51.690821256038646
GNLY,51.690821256038646
HBQ1,51.690821256038646
FREM2,51.690821256038646
ZNF777,51.690821256038646
NT5C3B,51.20772946859904
DNAH17,51.20772946859904
MAGEA10,51.20772946859904
VMP1,51.20772946859904
DDX26B,51.20772946859904
CNOT6,51.20772946859904
RBAK,51.20772946859904
ZNF519,50.72463768115942
TRIM11,50.72463768115942
MED13L,50.72463768115942
GLB1L,50.72463768115942
PAX2,50.72463768115942
TCF4,50.72463768115942
URGCP,50.72463768115942
ZNF250,50.24154589371981
LYSMD1,50.24154589371981
PAIP2B,50.24154589371981
VLDLR,49.75845410628019
COX18,49.75845410628019
LGALS7B,49.75845410628019
TMEM41A,49.75845410628019
SECISBP2,49.75845410628019
ARHGAP31,49.75845410628019
C19orf25,49.75845410628019
FRY,49.75845410628019
PDF,49.75845410628019
PLLP,49.75845410628019
MTTP,49.275362318840585
RNLS,49.275362318840585
AFAP1L1,49.275362318840585
CPT1B,49.275362318840585
BRPF3,49.275362318840585
FAM122B,49.275362318840585
ANKS1B,48.792270531400966
BSCL2,48.792270531400966
LRRC25,48.792270531400966
TFE3,48.792270531400966
BRMS1,48.309178743961354
B3GNT1,48.309178743961354
DTNA,48.309178743961354
MAP2K5,48.309178743961354
DPEP3,48.309178743961354
SHKBP1,48.309178743961354
CDC26,48.309178743961354
ZNF845,48.309178743961354
FZD7,48.309178743961354
TMEM55A,47.82608695652174
EPHA1,47.82608695652174
ACTR6,47.82608695652174
GLT8D2,47.82608695652174
SPTBN5,47.82608695652174
POLD4,47.82608695652174
CTTNBP2,47.82608695652174
TTC3,47.82608695652174
EPHA4,47.34299516908212
RNF113B,47.34299516908212
WNT7A,47.34299516908212
DDX25,47.34299516908212
NDEL1,47.34299516908212
LDHD,47.34299516908212
CXCL17,47.34299516908212
SIX4,47.34299516908212
CXCL16,47.34299516908212
P4HTM,46.85990338164252
CDC34,46.85990338164252
PKHD1L1,46.85990338164252
CTDNEP1,46.85990338164252
PCGF6,46.85990338164252
RPP25L,46.3768115942029
CADPS,46.3768115942029
COL4A6,46.3768115942029
ICE2,46.3768115942029
MAP3K11,46.3768115942029
SSC5D,46.3768115942029
NDOR1,46.3768115942029
LAMB4,46.3768115942029
CNIH1,46.3768115942029
JAK2,46.3768115942029
C1GALT1,46.3768115942029
MTBP,46.3768115942029
ZNF652,46.3768115942029
CEP164,45.893719806763286
SUPT7L,45.893719806763286
LDB2,45.893719806763286
HVCN1,45.410628019323674
ZBTB4,45.410628019323674
OPHN1,45.410628019323674
CHPF,45.410628019323674
NALCN,45.410628019323674
HOXB4,45.410628019323674
TAB2,44.927536231884055
C2orf76,44.927536231884055
MTFMT,44.927536231884055
B4GALT7,44.927536231884055
RANBP17,44.927536231884055
WDR73,44.927536231884055
CD93,44.44444444444444
KALRN,44.44444444444444
FAM98C,44.44444444444444
STAT4,44.44444444444444
ANKRD32,44.44444444444444
MFSD11,43.96135265700483
PRG3,43.96135265700483
ING3,43.96135265700483
LETM2,43.96135265700483
DDC,43.96135265700483
CNOT6L,43.96135265700483
MAGEA9B,43.47826086956522
XAGE2B,43.47826086956522
TAF9B,43.47826086956522
CFAP44,43.47826086956522
ARHGAP44,43.47826086956522
CAMK4,43.47826086956522
WWP2,42.99516908212561
ANGPTL1,42.99516908212561
VIL1,42.99516908212561
ACSL6,42.51207729468599
GPRC5A,42.51207729468599
CARD11,42.51207729468599
LRP5,42.51207729468599
USP12,42.51207729468599
PRRX1,42.51207729468599
KRT78,42.028985507246375
MLH3,42.028985507246375
AREL1,42.028985507246375
AK6,41.54589371980676
ZNF569,41.54589371980676
SPIN2A,41.54589371980676
FAM122A,41.54589371980676
MED25,41.54589371980676
ATXN1L,41.54589371980676
KIF20B,41.06280193236715
CDC25C,41.06280193236715
TMEM9,41.06280193236715
MKL1,41.06280193236715
YAF2,41.06280193236715
HPS5,41.06280193236715
TTPAL,40.57971014492754
SEC14L4,40.57971014492754
TRIM59,40.57971014492754
FSD1,40.57971014492754
SAMD4A,40.09661835748793
PIAS4,40.09661835748793
NHSL2,40.09661835748793
ALG14,40.09661835748793
LILRB1,40.09661835748793
KANK4,39.61352657004831
ANKRD2,39.61352657004831
KATNAL1,39.61352657004831
MXRA8,39.61352657004831
HLA-DQB2,39.61352657004831
COL11A2,39.61352657004831
TKTL2,39.130434782608695
MELK,39.130434782608695
ZNF76,38.64734299516908
NACA2,38.64734299516908
OGFOD2,38.64734299516908
TMEM238,38.164251207729464
RAB38,38.164251207729464
TMEM256-PLSCR3,38.164251207729464
MEF2A,37.68115942028986
VPS54,37.68115942028986
GIMAP6,37.68115942028986
PQLC3,37.19806763285024
C12orf75,37.19806763285024
HPCAL4,37.19806763285024
LRP6,36.71497584541063
ZBTB40,36.71497584541063
KCTD15,36.71497584541063
MZT2B,36.71497584541063
FGD1,36.71497584541063
GUCY1A2,36.71497584541063
LEF1,36.71497584541063
CDC7,36.71497584541063
RECK,36.71497584541063
DYM,36.231884057971016
MORC1,36.231884057971016
HOXB6,36.231884057971016
JAG1,36.231884057971016
DVL1,36.231884057971016
DOLPP1,36.231884057971016
TCF7L2,36.231884057971016
KRT24,36.231884057971016
MCC,35.748792270531396
SLC43A3,35.748792270531396
TTI2,35.748792270531396
KIF7,35.26570048309179
CACNB2,35.26570048309179
PATZ1,35.26570048309179
ATRAID,35.26570048309179
ZMYM1,35.26570048309179
MMP15,35.26570048309179
SFR1,35.26570048309179
JUN,34.78260869565217
SARAF,34.78260869565217
CCNL2,34.78260869565217
AKR1B10,34.78260869565217
HIGD2A,34.29951690821256
GDA,34.29951690821256
EFCAB6,34.29951690821256
POLR2M,34.29951690821256
DNMBP,34.29951690821256
SURF1,34.29951690821256
BAK1,34.29951690821256
ADIPOQ,34.29951690821256
FITM2,34.29951690821256
MEF2C,34.29951690821256
MTERF3,33.81642512077295
TFCP2L1,33.81642512077295
SLC22A18,33.81642512077295
C6orf89,33.81642512077295
BRWD3,33.81642512077295
HOXB5,33.33333333333333
SYNC,33.33333333333333
JADE3,33.33333333333333
NPR2,33.33333333333333
TMEM19,33.33333333333333
CACNB1,32.850241545893724
COLGALT2,32.850241545893724
SOX9,32.850241545893724
RFX2,32.850241545893724
RNF130,32.367149758454104
RNF7,32.367149758454104
HOXD4,32.367149758454104
SENP6,32.367149758454104
ACAP3,32.367149758454104
SMPD1,31.88405797101449
PCDHGC3,31.88405797101449
DENND2A,31.88405797101449
MTFP1,31.88405797101449
CYB561,31.40096618357488
SP4,31.40096618357488
ALPP,31.40096618357488
DDI1,31.40096618357488
ZBTB8OS,30.917874396135264
E2F5,30.917874396135264
CFHR4,30.917874396135264
CPNE5,30.434782608695656
UBTD1,30.434782608695656
HCFC2,30.434782608695656
FZD3,29.951690821256037
AK5,29.951690821256037
C7orf55,29.951690821256037
ALPPL2,29.951690821256037
KDELR2,29.951690821256037
TSEN54,29.951690821256037
KRT85,29.468599033816425
HOXC8,29.468599033816425
REPS2,29.468599033816425
FBXL2,28.985507246376812
WRB,28.985507246376812
SIPA1L2,28.502415458937197
DYNC1I1,28.502415458937197
KIF27,28.019323671497588
MAGEA1,28.019323671497588
AP1S3,28.019323671497588
FBXL8,28.019323671497588
GSKIP,28.019323671497588
GNAZ,27.536231884057973
PRKD3,27.536231884057973
TANGO6,27.536231884057973
TBC1D9,27.536231884057973
PANK1,27.053140096618357
C10orf2,27.053140096618357
RBPMS2,27.053140096618357
SAMSN1,27.053140096618357
RAP1GAP2,27.053140096618357
MAZ,26.570048309178745
CD209,26.570048309178745
USP32,26.570048309178745
ALDH3A1,26.08695652173913
SLC2A3,26.08695652173913
ARR3,25.60386473429952
DNAH10,25.60386473429952
MYSM1,25.120772946859905
SAG,25.120772946859905
WWC3,25.120772946859905
ZMYM6,25.120772946859905
ANKRD13D,25.120772946859905
BAZ2B,25.120772946859905
LAMC3,25.120772946859905
GANC,24.637681159420293
CPTP,24.637681159420293
HEXIM2,24.637681159420293
WWP1,24.637681159420293
DENND1B,24.637681159420293
TOX,24.637681159420293
CILP2,24.154589371980677
LCK,24.154589371980677
RAPGEF2,24.154589371980677
PKN3,23.67149758454106
MT-ND1,23.67149758454106
NLRP7,23.67149758454106
CT45A6,23.67149758454106
ADH4,23.18840579710145
CEP170B,23.18840579710145
CA12,23.18840579710145
ITPKB,22.705314009661837
FAM210B,22.705314009661837
MYO15A,22.705314009661837
WASF3,22.705314009661837
AKR7A3,22.22222222222222
GBP7,22.22222222222222
RAB9B,22.22222222222222
TSPAN31,22.22222222222222
HIST1H2BA,21.73913043478261
KAT6B,21.73913043478261
SSBP2,21.256038647342994
NARF,21.256038647342994
COL4A3,21.256038647342994
PKNOX2,21.256038647342994
CYP4F12,21.256038647342994
APOBEC3D,21.256038647342994
FAM47E-STBD1,21.256038647342994
HMGCS2,20.77294685990338
CYP4F3,20.77294685990338
NOTCH1,20.77294685990338
PCGF2,20.77294685990338
MINOS1,20.77294685990338
POLR2F,20.28985507246377
VAV3,20.28985507246377
KRT71,20.28985507246377
CMYA5,20.28985507246377
PANK3,20.28985507246377
CENPE,19.806763285024154
DZANK1,19.32367149758454
PALM2,18.84057971014493
RNF220,18.357487922705314
RBM24,18.357487922705314
PMF1,18.357487922705314
STRIP2,17.874396135265698
CNNM2,17.874396135265698
KIF21B,17.874396135265698
PIK3R3,17.391304347826086
GIMAP5,16.908212560386474
WDR5B,16.908212560386474
F8A3,16.425120772946862
SLC1A3,16.425120772946862
RABL2B,16.425120772946862
PDGFRA,15.942028985507244
WASF1,15.942028985507244
PRKCG,14.975845410628018
ATP1B2,14.975845410628018
KIF4B,14.975845410628018
MT1B,14.492753623188406
PRKX,14.492753623188406
PAPOLG,14.492753623188406
CDH10,13.526570048309178
LHX4-AS1,13.526570048309178
TEAD4,13.526570048309178
CAMK1G,13.526570048309178
TEAD2,13.526570048309178
AMY2B,13.526570048309178
FPGT-TNNI3K,13.526570048309178
ZNF703,13.526570048309178
UBE2Q2,13.526570048309178
RSL24D1,13.526570048309178
TOMM20,13.043478260869565
ACACB,13.043478260869565
USP27X,13.043478260869565
PURG,12.560386473429952
LIN7B,12.077294685990339
TCEAL2,12.077294685990339
MT-ND5,12.077294685990339
CTNND2,11.594202898550725
GTF2H2,11.594202898550725
NOX1,11.11111111111111
MT-ND2,11.11111111111111
SBNO2,11.11111111111111
PLXNA4,10.628019323671497
AMY1C,10.628019323671497
CFAP36,10.628019323671497
KRT28,10.628019323671497
WNK3,10.144927536231885
CHD9,10.144927536231885
CEP89,9.66183574879227
TRO,9.178743961352657
PLCH1,9.178743961352657
ADRBK2,9.178743961352657
CYTH3,9.178743961352657
PPP3CC,9.178743961352657
KRT74,9.178743961352657
CALB1,9.178743961352657
EIF4EBP1,8.695652173913043
ORMDL1,8.695652173913043
SLC12A5,8.695652173913043
ERO1LB,8.212560386473431
ORMDL2,8.212560386473431
CUL9,8.212560386473431
SOS2,8.212560386473431
DSC3,8.212560386473431
SLC7A2,8.212560386473431
MYH6,7.729468599033816
CTCFL,7.729468599033816
AKR1B15,7.729468599033816
SH3PXD2A,7.729468599033816
CCDC186,7.729468599033816
CKM,7.729468599033816
UBE2B,7.729468599033816
DLG4,7.246376811594203
BTN3A1,7.246376811594203
MT-CO3,7.246376811594203
ZMIZ2,6.763285024154589
MRPL57,6.280193236714976
WNK4,6.280193236714976
RABGEF1,6.280193236714976
ANXA13,6.280193236714976
ITGB7,6.280193236714976
FCGR3B,6.280193236714976
ALG10B,6.280193236714976
ERCC5,6.280193236714976
SLC12A6,6.280193236714976
DPYSL4,6.280193236714976
GNG10,5.314009661835748
HGNC:9982,5.314009661835748
CSNK1G2,4.830917874396135
DPYS,4.830917874396135
NUDT11,4.830917874396135
FER1L5,4.830917874396135
KCTD16,4.830917874396135
FAM50B,4.830917874396135
SNAP91,4.830917874396135
MT-CO1,4.3478260869565215
ARHGEF35,4.3478260869565215
MYL10,4.3478260869565215
KRT73,4.3478260869565215
PON3,3.3816425120772946
CEP128,3.3816425120772946
GATB,3.3816425120772946
SH3GL2,3.3816425120772946
FIGNL1,3.3816425120772946
KRT77,3.3816425120772946
CFAP20,3.3816425120772946
NIN,3.3816425120772946
CTSV,3.3816425120772946
HLA-G,3.3816425120772946
MT-ATP8,2.898550724637681
POLR2K,2.898550724637681
NEK6,2.898550724637681
MBNL3,2.898550724637681
MT-ND4,2.898550724637681
BTN3A2,2.898550724637681
SAA2,2.4154589371980677
POM121C,1.932367149758454
ACTL6B,1.932367149758454
PPFIA2,1.932367149758454
SERPINI2,1.932367149758454
TLE4,1.932367149758454
UBE2E3,1.932367149758454
GPR89B,1.932367149758454
GSTA3,1.932367149758454
SNCB,1.932367149758454
ISY1,1.932367149758454
LIN7A,1.932367149758454
KRT35,1.932367149758454
PRMT8,1.932367149758454
CTAGE1,1.932367149758454
RAB3A,1.932367149758454
MEIS3,1.4492753623188406
KRT76,1.4492753623188406
ANP32D,1.4492753623188406
SNX32,1.4492753623188406
SERPINB4,1.4492753623188406
LDHAL6B,0.966183574879227
ATP4A,0.4830917874396135
CLTCL1,0.4830917874396135
MT-CO2,0.4830917874396135
RGPD6,0.4830917874396135
RHOJ,0.4830917874396135
RHOQ,0.4830917874396135
MT-ATP6,0.4830917874396135
RGPD4,0.4830917874396135
HIST1H3J,0.4830917874396135
HIST1H4G,0.4830917874396135
SNRPB,0.4830917874396135
MRPL12,0.4830917874396135
HIST2H2AA3,0.4830917874396135
HIST2H3A,0.4830917874396135
HIST3H3,0.4830917874396135
MOB4,0.4830917874396135
FAHD2B,0.4830917874396135
DEFA1B,0.4830917874396135
CALM3,0.4830917874396135
DEFA3,0.4830917874396135
HIST1H2BB,0.4830917874396135
YBX2,0.4830917874396135
MYO1A,0.4830917874396135
MYL12B,0.4830917874396135
RGPD2,0.4830917874396135
DHRS4L2,0.4830917874396135
CAPNS2,0.4830917874396135
HIST1H2AA,0.4830917874396135
HIST1H2AE,0.4830917874396135
HIST1H2BD,0.4830917874396135
MT1G,0.4830917874396135
ACOT2,0.4830917874396135
HIST1H2BJ,0.4830917874396135
CAMK2B,0.4830917874396135
CAMK2A,0.4830917874396135
ATP2B3,0.4830917874396135
CALML3,0.4830917874396135
MT1M,0.4830917874396135
AP3B2,0.4830917874396135
HNRNPA1L2,0.4830917874396135
EIF5AL1,0.4830917874396135
HSPA1B,0.4830917874396135
ARF1,0.4830917874396135
SRSF12,0.4830917874396135
LDHC,0.4830917874396135
LDHAL6A,0.4830917874396135
SRSF8,0.4830917874396135
KRT79,0.4830917874396135
ERC2,0.4830917874396135
BOLA2B,0.4830917874396135
ADH1A,0.4830917874396135
TMED7,0.4830917874396135
KRT72,0.4830917874396135
RRAGB,0.4830917874396135
KRT3,0.4830917874396135
CSNK1E,0.4830917874396135
KRT20,0.4830917874396135
BCL2L2-PABPN1,0.4830917874396135
KRT13,0.4830917874396135
KPNA5,0.4830917874396135
RPS4Y1,0.4830917874396135
LGALS9B,0.4830917874396135
HSPA6,0.4830917874396135
APOC4-APOC2,0.4830917874396135
NAPB,0.4830917874396135
C4A,0.4830917874396135
MEIS2,0.4830917874396135
IFITM2,0.4830917874396135
IGF2BP1,0.4830917874396135
RPL10L,0.4830917874396135
MBNL2,0.4830917874396135
RPL3L,0.4830917874396135
SUMO3,0.4830917874396135
LY75-CD302,0.4830917874396135
C15orf38-AP3S2,0.4830917874396135
LSM8,0.4830917874396135
RPS10-NUDT3,0.4830917874396135
TMEM189-UBE2V1,0.4830917874396135
RPS27,0.4830917874396135
LIMS2,0.4830917874396135
SPTBN4,0.4830917874396135
HIST1H1T,0.4830917874396135
NBEA,0.4830917874396135
NAPRT,0.4830917874396135
UBE2D3,0.4830917874396135
PYGM,0.4830917874396135
PYHIN1,0.4830917874396135
RAB11A,0.4830917874396135
ATP1A4,0.4830917874396135
CDK11A,0.4830917874396135
U2AF1L4,0.4830917874396135
UBA52,0.4830917874396135
RAB6C,0.4830917874396135
UBE2D4,0.4830917874396135
GNB3,0.4830917874396135
SAA4,0.4830917874396135
AGO4,0.4830917874396135
GAPDHS,0.4830917874396135
TOP1MT,0.4830917874396135
RAC3,0.4830917874396135
ATP1A3,0.4830917874396135
GFAP,0.4830917874396135
ANKHD1-EIF4EBP3,0.4830917874396135
TUBG2,0.4830917874396135
ACTN3,0.4830917874396135
TUBB2B,0.4830917874396135
TUBAL3,0.4830917874396135
EIF1B,0.4830917874396135
PTPRD,0.4830917874396135
SEC61A2,0.4830917874396135
PTGES3L-AARSD1,0.4830917874396135
ATP12A,0.4830917874396135
PSMA8,0.4830917874396135
PRSS3P2,0.4830917874396135
PRSS3,0.4830917874396135
PRPS1L1,0.4830917874396135
PRPH,0.4830917874396135
SERPINB3,0.4830917874396135
FNTB,0.4830917874396135
ATP1A2,0.4830917874396135
COL4A5,0.4830917874396135
PPIAL4G,0.4830917874396135
TUBA1B,0.4830917874396135
TUBA8,0.4830917874396135
GNA14,0.4830917874396135
RALYL,0.4830917874396135
ACTN2,0.4830917874396135
HBG2,0.4830917874396135
NME1,0.4830917874396135
RBM4,0.4830917874396135
H3F3B,0.4830917874396135
H3F3C,0.4830917874396135
RBMS3,0.4830917874396135
DNM3,0.4830917874396135
CCT6B,0.4830917874396135
HBE1,0.4830917874396135
SLC25A31,0.4830917874396135
PCBP3,0.4830917874396135
ATP2A1,0.4830917874396135
TAGLN3,0.4830917874396135
NEFM,0.4830917874396135
NEFH,0.4830917874396135
NEDD8,0.4830917874396135
HBZ,0.4830917874396135
RBMXL2,0.4830917874396135
CHD5,0.4830917874396135
NOMO1,0.4830917874396135
NOMO3,0.4830917874396135
CORO7-PAM16,0.4830917874396135
RRAGD,0.4830917874396135
TCEAL3,0.4830917874396135
TCEA2,0.4830917874396135
PAK3,0.4830917874396135
ACTA2,0.4830917874396135
PABPN1,0.4830917874396135
PABPC4L,0.4830917874396135
PABPC1L,0.4830917874396135
TBL1X,0.4830917874396135
TNIK,0.4830917874396135
USP9Y,0.4830917874396135
VAMP3,0.4830917874396135
AKR1C1,0.4830917874396135
RAP2A,0.4830917874396135
NT5C1B-RDH14,0.4830917874396135
GSTA2,0.4830917874396135
AKR1C4,0.4830917874396135
GSTM5,0.4830917874396135
CORO6,0.4830917874396135
